metric_order,metric_name,family,direction,model_seed,dense_h200_cumulative,sparse_h200_cumulative,oriented_absolute_improvement,sparse_better
0,nearest_well_pixel_disagreement,phase_assignment,lower,64,0.095690739949544287,0.090666249593098949,0.005024490356445338,true
0,nearest_well_pixel_disagreement,phase_assignment,lower,65,0.094381434122721361,0.086869277954101556,0.0075121561686198046,true
0,nearest_well_pixel_disagreement,phase_assignment,lower,66,0.094778035481770842,0.087357025146484371,0.0074210103352864709,true
0,nearest_well_pixel_disagreement,phase_assignment,lower,67,0.091352920532226559,0.094013570149739586,-0.0026606496175130279,false
0,nearest_well_pixel_disagreement,phase_assignment,lower,68,0.091793492635091137,0.088498611450195316,0.0032948811848958204,true
0,nearest_well_pixel_disagreement,phase_assignment,lower,69,0.096625111897786456,0.089539362589518223,0.0070857493082682327,true
0,nearest_well_pixel_disagreement,phase_assignment,lower,70,0.092703501383463546,0.089734395345052079,0.0029691060384114676,true
0,nearest_well_pixel_disagreement,phase_assignment,lower,71,0.089963506062825507,0.089026209513346347,0.00093729654947916075,true
0,nearest_well_pixel_disagreement,phase_assignment,lower,72,0.099041417439778637,0.093705393473307308,0.0053360239664713288,true
0,nearest_well_pixel_disagreement,phase_assignment,lower,73,0.096044921874999981,0.089549916585286451,0.0064950052897135291,true
1,modal_well_accuracy,phase_assignment,higher,64,0.91456380208333332,0.91111328124999991,-0.0034505208333334147,false
1,modal_well_accuracy,phase_assignment,higher,65,0.91204427083333328,0.91952473958333336,0.0074804687500000799,true
1,modal_well_accuracy,phase_assignment,higher,66,0.92437499999999995,0.92953125000000014,0.0051562500000001954,true
1,modal_well_accuracy,phase_assignment,higher,67,0.92396484374999999,0.90448567708333327,-0.019479166666666714,false
1,modal_well_accuracy,phase_assignment,higher,68,0.88888020833333325,0.89873046875000007,0.0098502604166668117,true
1,modal_well_accuracy,phase_assignment,higher,69,0.8972070312499999,0.92518880208333343,0.02798177083333353,true
1,modal_well_accuracy,phase_assignment,higher,70,0.91642578124999996,0.9082877604166667,-0.0081380208333332593,false
1,modal_well_accuracy,phase_assignment,higher,71,0.90257161458333324,0.90249999999999997,-7.16145833332682e-05,false
1,modal_well_accuracy,phase_assignment,higher,72,0.89784505208333343,0.88751302083333339,-0.01033203125000004,false
1,modal_well_accuracy,phase_assignment,higher,73,0.89627604166666675,0.91083984374999993,0.014563802083333188,true
2,well_area_fraction_tv_error,phase_assignment,lower,64,0.055785751342773443,0.050921198527018229,0.0048645528157552145,true
2,well_area_fraction_tv_error,phase_assignment,lower,65,0.052299474080403641,0.046802368164062497,0.005497105916341144,true
2,well_area_fraction_tv_error,phase_assignment,lower,66,0.057765019734700516,0.050240249633789064,0.0075247701009114529,true
2,well_area_fraction_tv_error,phase_assignment,lower,67,0.049384307861328129,0.050547078450520831,-0.001162770589192702,false
2,well_area_fraction_tv_error,phase_assignment,lower,68,0.053969777425130205,0.05215759277343749,0.0018121846516927151,true
2,well_area_fraction_tv_error,phase_assignment,lower,69,0.053951441446940106,0.050718078613281252,0.0032333628336588538,true
2,well_area_fraction_tv_error,phase_assignment,lower,70,0.048985188802083336,0.048308690388997398,0.00067649841308593806,true
2,well_area_fraction_tv_error,phase_assignment,lower,71,0.051193517049153647,0.053896840413411452,-0.002703323364257805,false
2,well_area_fraction_tv_error,phase_assignment,lower,72,0.05960845947265625,0.054698460896809888,0.0049099985758463624,true
2,well_area_fraction_tv_error,phase_assignment,lower,73,0.057296880086263019,0.049142049153645839,0.0081548309326171797,true
3,interface_edge_disagreement,interface_geometry,lower,64,0.099645830790201825,0.097375322977701836,0.0022705078124999889,true
3,interface_edge_disagreement,interface_geometry,lower,65,0.10041744232177734,0.096171468098958338,0.0042459742228189989,true
3,interface_edge_disagreement,interface_geometry,lower,66,0.098160565694173182,0.094868367513020843,0.0032921981811523393,true
3,interface_edge_disagreement,interface_geometry,lower,67,0.09839134216308594,0.10007597605387369,-0.0016846338907877539,false
3,interface_edge_disagreement,interface_geometry,lower,68,0.098268483479817717,0.096578140258789066,0.0016903432210286506,true
3,interface_edge_disagreement,interface_geometry,lower,69,0.10160303751627604,0.097764587402343742,0.0038384501139323013,true
3,interface_edge_disagreement,interface_geometry,lower,70,0.10055347442626954,0.09799242655436198,0.0025610478719075569,true
3,interface_edge_disagreement,interface_geometry,lower,71,0.097568626403808589,0.096273956298828123,0.0012946701049804665,true
3,interface_edge_disagreement,interface_geometry,lower,72,0.10182804107666016,0.09971359252929686,0.0021144485473632985,true
3,interface_edge_disagreement,interface_geometry,lower,73,0.10020909627278646,0.097410914103190097,0.002798182169596361,true
4,free_energy_absolute_error,thermodynamics,lower,64,0.0279154061320432,0.025981791804853615,0.0019336143271895846,true
4,free_energy_absolute_error,thermodynamics,lower,65,0.027261549452581468,0.02554935327008408,0.0017121961824973879,true
4,free_energy_absolute_error,thermodynamics,lower,66,0.027531832540089531,0.023944450066020917,0.0035873824740686143,true
4,free_energy_absolute_error,thermodynamics,lower,67,0.028105724124860679,0.027945898760270201,0.00015982536459047819,true
4,free_energy_absolute_error,thermodynamics,lower,68,0.027048439826976384,0.026478676621848204,0.00056976320512817924,true
4,free_energy_absolute_error,thermodynamics,lower,69,0.031166534191428018,0.027930684851872417,0.0032358493395556014,true
4,free_energy_absolute_error,thermodynamics,lower,70,0.027852519959240252,0.026705667355823932,0.0011468526034163207,true
4,free_energy_absolute_error,thermodynamics,lower,71,0.025610608804480659,0.02469669614637399,0.00091391265810666922,true
4,free_energy_absolute_error,thermodynamics,lower,72,0.032727943406369149,0.030895128645532139,0.00183281476083701,true
4,free_energy_absolute_error,thermodynamics,lower,73,0.0290876813586564,0.026560352525400149,0.002527328833256251,true
5,potential_energy_absolute_error,thermodynamics,lower,64,0.033791741644013669,0.032617829006001221,0.0011739126380124476,true
5,potential_energy_absolute_error,thermodynamics,lower,65,0.035345383144046109,0.033920640099780131,0.0014247430442659789,true
5,potential_energy_absolute_error,thermodynamics,lower,66,0.034492192229639507,0.031942354383583366,0.0025498378460561411,true
5,potential_energy_absolute_error,thermodynamics,lower,67,0.038971650297725501,0.037241858864626089,0.0017297914330994119,true
5,potential_energy_absolute_error,thermodynamics,lower,68,0.035810254783773456,0.036258701957242699,-0.00044844717346924357,false
5,potential_energy_absolute_error,thermodynamics,lower,69,0.041519911821773732,0.033540202245187258,0.0079797095765864745,true
5,potential_energy_absolute_error,thermodynamics,lower,70,0.034984158427313228,0.034869983020663721,0.00011417540664950682,true
5,potential_energy_absolute_error,thermodynamics,lower,71,0.032790186821006879,0.032001707527182517,0.00078847929382436233,true
5,potential_energy_absolute_error,thermodynamics,lower,72,0.037811818087742984,0.040379932129735403,-0.0025681140419924198,false
5,potential_energy_absolute_error,thermodynamics,lower,73,0.034228129539223495,0.033413639605393446,0.00081448993383004958,true
6,gradient_energy_absolute_error,thermodynamics,lower,64,0.029746263287861712,0.02665389209971239,0.0030923711881493225,true
6,gradient_energy_absolute_error,thermodynamics,lower,65,0.029789551034099915,0.026025384557905196,0.0037641664761947184,true
6,gradient_energy_absolute_error,thermodynamics,lower,66,0.030997591474880737,0.02731116179446957,0.0036864296804111664,true
6,gradient_energy_absolute_error,thermodynamics,lower,67,0.030025530412766784,0.028979108308777663,0.0010464221039891211,true
6,gradient_energy_absolute_error,thermodynamics,lower,68,0.026785671448212502,0.025500322311592008,0.0012853491366204943,true
6,gradient_energy_absolute_error,thermodynamics,lower,69,0.029802854946278254,0.026093920683339603,0.0037089342629386506,true
6,gradient_energy_absolute_error,thermodynamics,lower,70,0.027864717336423244,0.026544936796046827,0.0013197805403764168,true
6,gradient_energy_absolute_error,thermodynamics,lower,71,0.027224169694309786,0.026952908039768683,0.00027126165454110368,true
6,gradient_energy_absolute_error,thermodynamics,lower,72,0.030070454931437424,0.025557270009592625,0.0045131849218447984,true
6,gradient_energy_absolute_error,thermodynamics,lower,73,0.027406784543508287,0.025233349003984468,0.0021734355395238193,true
