model,seed,scope,slice,trajectory_transfer_coverage,state_transfer_coverage,num_trajectories,num_families,h_basin_given_family,h_family_given_basin,normalized_h_basin_given_family,normalized_h_family_given_basin,purity,nmi,ari,mean_state_to_rep_jaccard
dense,11,final,all_test,1.0,1.0,256,1,1.3657402418354412,0.0,1.0,0.0,0.31640625,0.0,0.0,0.9955406086332422
dense,11,final,covered_test,1.0,1.0,256,1,1.3657402418354412,0.0,1.0,0.0,0.31640625,0.0,0.0,0.9955406086332422
dense,11,final,deep_test,1.0,1.0,122,1,1.3767165770386773,0.0,1.0,0.0,0.28688524590163933,0.0,0.0,0.995425353250289
dense,11,final,deep_covered_test,1.0,1.0,122,1,1.3767165770386773,0.0,1.0,0.0,0.28688524590163933,0.0,0.0,0.995425353250289
dense,12,final,all_test,1.0,1.0,256,1,1.3657402418354412,0.0,1.0,0.0,0.31640625,0.0,0.0,0.9972705841064453
dense,12,final,covered_test,1.0,1.0,256,1,1.3657402418354412,0.0,1.0,0.0,0.31640625,0.0,0.0,0.9972705841064453
dense,12,final,deep_test,1.0,1.0,122,1,1.3767165770386773,0.0,1.0,0.0,0.28688524590163933,0.0,0.0,0.9972464139344263
dense,12,final,deep_covered_test,1.0,1.0,122,1,1.3767165770386773,0.0,1.0,0.0,0.28688524590163933,0.0,0.0,0.9972464139344263
dense,13,final,all_test,1.0,1.0,256,1,1.3657402418354412,0.0,1.0,0.0,0.31640625,0.0,0.0,0.9965934613651337
dense,13,final,covered_test,1.0,1.0,256,1,1.3657402418354412,0.0,1.0,0.0,0.31640625,0.0,0.0,0.9965934613651337
dense,13,final,deep_test,1.0,1.0,122,1,1.3767165770386773,0.0,1.0,0.0,0.28688524590163933,0.0,0.0,0.9967621349897541
dense,13,final,deep_covered_test,1.0,1.0,122,1,1.3767165770386773,0.0,1.0,0.0,0.28688524590163933,0.0,0.0,0.9967621349897541
dense,14,final,all_test,1.0,1.0,256,1,1.3657402418354412,0.0,1.0,0.0,0.31640625,0.0,0.0,0.9961795806884766
dense,14,final,covered_test,1.0,1.0,256,1,1.3657402418354412,0.0,1.0,0.0,0.31640625,0.0,0.0,0.9961795806884766
dense,14,final,deep_test,1.0,1.0,122,1,1.3767165770386773,0.0,1.0,0.0,0.28688524590163933,0.0,0.0,0.9957775678790983
dense,14,final,deep_covered_test,1.0,1.0,122,1,1.3767165770386773,0.0,1.0,0.0,0.28688524590163933,0.0,0.0,0.9957775678790983
dense,15,final,all_test,1.0,1.0,256,1,1.3657402418354412,0.0,1.0,0.0,0.31640625,0.0,0.0,0.9954109070672235
dense,15,final,covered_test,1.0,1.0,256,1,1.3657402418354412,0.0,1.0,0.0,0.31640625,0.0,0.0,0.9954109070672235
dense,15,final,deep_test,1.0,1.0,122,1,1.3767165770386773,0.0,1.0,0.0,0.28688524590163933,0.0,0.0,0.9952812722232754
dense,15,final,deep_covered_test,1.0,1.0,122,1,1.3767165770386773,0.0,1.0,0.0,0.28688524590163933,0.0,0.0,0.9952812722232754
dense,16,final,all_test,1.0,1.0,256,1,1.3657402418354412,0.0,1.0,0.0,0.31640625,0.0,0.0,0.9963149819258974
dense,16,final,covered_test,1.0,1.0,256,1,1.3657402418354412,0.0,1.0,0.0,0.31640625,0.0,0.0,0.9963149819258974
dense,16,final,deep_test,1.0,1.0,122,1,1.3767165770386773,0.0,1.0,0.0,0.28688524590163933,0.0,0.0,0.9961097239931961
dense,16,final,deep_covered_test,1.0,1.0,122,1,1.3767165770386773,0.0,1.0,0.0,0.28688524590163933,0.0,0.0,0.9961097239931961
dense,17,final,all_test,1.0,1.0,256,1,1.3657402418354412,0.0,1.0,0.0,0.31640625,0.0,0.0,0.9972896575927734
dense,17,final,covered_test,1.0,1.0,256,1,1.3657402418354412,0.0,1.0,0.0,0.31640625,0.0,0.0,0.9972896575927734
dense,17,final,deep_test,1.0,1.0,122,1,1.3767165770386773,0.0,1.0,0.0,0.28688524590163933,0.0,0.0,0.9974425268954918
dense,17,final,deep_covered_test,1.0,1.0,122,1,1.3767165770386773,0.0,1.0,0.0,0.28688524590163933,0.0,0.0,0.9974425268954918
dense,18,final,all_test,1.0,1.0,256,1,1.3657402418354412,0.0,1.0,0.0,0.31640625,0.0,0.0,0.9961735651326518
dense,18,final,covered_test,1.0,1.0,256,1,1.3657402418354412,0.0,1.0,0.0,0.31640625,0.0,0.0,0.9961735651326518
dense,18,final,deep_test,1.0,1.0,122,1,1.3767165770386773,0.0,1.0,0.0,0.28688524590163933,0.0,0.0,0.996945674025288
dense,18,final,deep_covered_test,1.0,1.0,122,1,1.3767165770386773,0.0,1.0,0.0,0.28688524590163933,0.0,0.0,0.996945674025288
dense,19,final,all_test,1.0,1.0,256,1,1.3657402418354412,0.0,1.0,0.0,0.31640625,0.0,0.0,0.9982051849365234
dense,19,final,covered_test,1.0,1.0,256,1,1.3657402418354412,0.0,1.0,0.0,0.31640625,0.0,0.0,0.9982051849365234
dense,19,final,deep_test,1.0,1.0,122,1,1.3767165770386773,0.0,1.0,0.0,0.28688524590163933,0.0,0.0,0.9982950179303278
dense,19,final,deep_covered_test,1.0,1.0,122,1,1.3767165770386773,0.0,1.0,0.0,0.28688524590163933,0.0,0.0,0.9982950179303278
dense,20,final,all_test,1.0,1.0,256,1,1.3657402418354412,0.0,1.0,0.0,0.31640625,0.0,0.0,0.9979057312011719
dense,20,final,covered_test,1.0,1.0,256,1,1.3657402418354412,0.0,1.0,0.0,0.31640625,0.0,0.0,0.9979057312011719
dense,20,final,deep_test,1.0,1.0,122,1,1.3767165770386773,0.0,1.0,0.0,0.28688524590163933,0.0,0.0,0.9978427574282787
dense,20,final,deep_covered_test,1.0,1.0,122,1,1.3767165770386773,0.0,1.0,0.0,0.28688524590163933,0.0,0.0,0.9978427574282787
sparse,11,final,all_test,0.984375,0.984375,256,10,0.14375734570090612,0.5109855179118874,0.1052596542866074,0.29486141453597153,0.94140625,0.7887046068787453,0.8287410574114492,0.7429047677107303
sparse,11,final,covered_test,0.984375,0.984375,252,9,0.12953570403203293,0.4431197317699208,0.09488895305085562,0.2639638856554357,0.9484126984126984,0.8118643272936363,0.8473504125349617,0.7487345080002992
sparse,11,final,deep_test,0.984375,0.984375,122,4,0.0,0.0,0.0,0.0,1.0,1.0,1.0,0.9976013967059244
sparse,11,final,deep_covered_test,0.984375,0.984375,122,4,0.0,0.0,0.0,0.0,1.0,1.0,1.0,0.9976013967059244
sparse,12,final,all_test,0.9921875,0.9921875,256,10,0.2728520747825272,0.6439926910231347,0.19978328705891885,0.3707753977647542,0.90234375,0.7044934794545755,0.7315590757093746,0.6951077247545926
sparse,12,final,covered_test,0.9921875,0.9921875,254,9,0.26954266450081527,0.6074481799875504,0.1972354661586094,0.3563772321177842,0.905511811023622,0.7144386992515313,0.7409085213119391,0.6975263950796134
sparse,12,final,deep_test,0.9921875,0.9921875,122,4,0.0,0.0,0.0,0.0,1.0,1.0,1.0,0.8815657258286628
sparse,12,final,deep_covered_test,0.9921875,0.9921875,122,4,0.0,0.0,0.0,0.0,1.0,1.0,1.0,0.8815657258286628
sparse,13,final,all_test,0.9921875,0.9921875,256,11,0.26713200432134454,0.8147869258769828,0.19559503054720082,0.42583306442196134,0.890625,0.6700596966889848,0.6870652976985868,0.6665780374455526
sparse,13,final,covered_test,0.9921875,0.9921875,254,10,0.26923540593017403,0.7859175265626078,0.19713648200148465,0.4175053368168318,0.889763779527559,0.6751520593752739,0.6949348919451868,0.6689272129736947
sparse,13,final,deep_test,0.9921875,0.9921875,122,4,0.0,0.0,0.0,0.0,1.0,1.0,1.0,0.8493475015784452
sparse,13,final,deep_covered_test,0.9921875,0.9921875,122,4,0.0,0.0,0.0,0.0,1.0,1.0,1.0,0.8493475015784452
sparse,14,final,all_test,0.98046875,0.98046875,256,10,0.607602493550751,0.9969088781200204,0.44488876796526394,0.5680241556671526,0.69921875,0.485863200720409,0.444291262280818,0.6183037073681834
sparse,14,final,covered_test,0.98046875,0.98046875,251,9,0.5986917829046275,0.9241359747627874,0.43814052063939257,0.5462177397813758,0.7051792828685259,0.5020704733445547,0.4576038334033195,0.6228393023682889
sparse,14,final,deep_test,0.98046875,0.98046875,122,3,0.32675602549145305,0.0,0.2373444403453807,0.0,0.8032786885245902,0.865348372207281,0.7357785422535967,0.7409120173424156
sparse,14,final,deep_covered_test,0.98046875,0.98046875,122,3,0.32675602549145305,0.0,0.2373444403453807,0.0,0.8032786885245902,0.865348372207281,0.7357785422535967,0.7409120173424156
sparse,15,final,all_test,0.9921875,0.9921875,256,12,0.21489704574092228,0.5644542655562294,0.15734840283546053,0.32907077528874573,0.9296875,0.7470490833606752,0.7857023421538823,0.7502297418667501
sparse,15,final,covered_test,0.9921875,0.9921875,254,11,0.21113129664785915,0.5288054058290426,0.15466570894007414,0.3142496780915641,0.9330708661417323,0.7572256390072705,0.7940664630077153,0.7531163727988485
sparse,15,final,deep_test,0.9921875,0.9921875,122,4,0.0,0.0,0.0,0.0,1.0,1.0,1.0,0.9982784633051784
sparse,15,final,deep_covered_test,0.9921875,0.9921875,122,4,0.0,0.0,0.0,0.0,1.0,1.0,1.0,0.9982784633051784
sparse,16,final,all_test,0.98046875,0.98046875,256,10,0.38798727237397784,0.8620425447502568,0.2840856998198686,0.4685534550395988,0.87109375,0.610040282730871,0.6403288774593411,0.609229120220916
sparse,16,final,covered_test,0.98046875,0.98046875,251,9,0.37678641048435113,0.7883431342533946,0.27567806014629576,0.4433080195195958,0.8764940239043825,0.629539162380686,0.6608569981912392,0.6136822419022984
sparse,16,final,deep_test,0.98046875,0.98046875,122,4,0.0,0.0,0.0,0.0,1.0,1.0,1.0,0.7371891300027476
sparse,16,final,deep_covered_test,0.98046875,0.98046875,122,4,0.0,0.0,0.0,0.0,1.0,1.0,1.0,0.7371891300027476
sparse,17,final,all_test,0.98828125,0.98828125,256,11,0.18637748486934588,0.6184487256725466,0.13646627606057068,0.34400087642384586,0.92578125,0.7455941041470756,0.7868482026958802,0.7447565189385359
sparse,17,final,covered_test,0.98828125,0.98828125,253,10,0.17556047138556607,0.5650478831613689,0.12860367335478293,0.32203518185256913,0.932806324110672,0.7626059994003888,0.8001265347718886,0.7489883413969322
sparse,17,final,deep_test,0.98828125,0.98828125,122,4,0.0,0.0,0.0,0.0,1.0,1.0,1.0,0.9977766829160495
sparse,17,final,deep_covered_test,0.98828125,0.98828125,122,4,0.0,0.0,0.0,0.0,1.0,1.0,1.0,0.9977766829160495
sparse,18,final,all_test,0.984375,0.984375,256,10,0.2740791231670399,0.6142646414932353,0.20068173637374878,0.36007700677140464,0.90234375,0.7107941540249787,0.7341650138741815,0.6771294706729073
sparse,18,final,covered_test,0.984375,0.984375,252,9,0.2564249130408041,0.5425990449109929,0.18784779812139568,0.3286006444440256,0.9126984126984127,0.735098773240587,0.7505423614370414,0.6816591384145718
sparse,18,final,deep_test,0.984375,0.984375,122,4,0.0,0.0,0.0,0.0,1.0,1.0,1.0,0.852304750575983
sparse,18,final,deep_covered_test,0.984375,0.984375,122,4,0.0,0.0,0.0,0.0,1.0,1.0,1.0,0.852304750575983
sparse,19,final,all_test,1.0,1.0,256,10,0.41684965989384315,0.90887176393136,0.305218845520457,0.4892292956364574,0.85546875,0.5887326323607316,0.5917937964837787,0.6151648224553019
sparse,19,final,covered_test,1.0,1.0,256,10,0.41684965989384315,0.90887176393136,0.305218845520457,0.4892292956364574,0.85546875,0.5887326323607316,0.5917937964837787,0.6151648224553019
sparse,19,final,deep_test,1.0,1.0,122,4,0.0,0.0,0.0,0.0,1.0,1.0,1.0,0.736391351483456
sparse,19,final,deep_covered_test,1.0,1.0,122,4,0.0,0.0,0.0,0.0,1.0,1.0,1.0,0.736391351483456
sparse,20,final,all_test,0.984375,0.984375,256,10,0.13752922089161174,0.5463436801922354,0.10069939852309244,0.3078764942227296,0.94140625,0.7822265381108654,0.8080720171304488,0.7445292443745597
sparse,20,final,covered_test,0.984375,0.984375,252,9,0.13078626972133878,0.4850684833383982,0.09569650157420757,0.281859265909858,0.9444444444444444,0.800541756917866,0.8282842446101657,0.7502375682658002
sparse,20,final,deep_test,0.984375,0.984375,122,4,0.0,0.0,0.0,0.0,1.0,1.0,1.0,0.9976993165593558
sparse,20,final,deep_covered_test,0.984375,0.984375,122,4,0.0,0.0,0.0,0.0,1.0,1.0,1.0,0.9976993165593558
