arm,source_arm,seed,horizon,physical_time,field_mse,final_field_mse,persistence_field_mse,persistence_final_field_mse,gradient_mse,final_basin_consistency,active_density,near_zero_fraction_at_1e_minus_3,mean_active_gpu_utilization_percent,dataset_path,checkpoint_path,checkpoint_step,evaluation_path,evaluation_sha256
dense,dense,64,80,8.0,0.045709970593452456,0.039605528116226196,0.2999469399452209,0.5162167251110077,0.01635071262717247,0.92578125,0.9981235504150391,0.0018764495849609153,96.07,/network/scratch/l/lia/skae/allen_cahn_rebuttal_v2_20260719/confirmation_data/allen_cahn_4_grid16_dt0p1_t20_validation_seed20260724.pt,/network/scratch/l/lia/skae/allen_cahn_rebuttal_v2_20260719/global_confirmation/dense/seed_64/model/checkpoint.pt,3250,/network/scratch/l/lia/skae/allen_cahn_rebuttal_v2_20260719/global_confirmation/dense/seed_64/fresh_validation_evaluation.json,d666d9e306480be57a7ff7934b579c24762640be6d960336429c9f5a2e3d901d
dense,dense,64,120,12.0,0.04424126744270325,0.04341705143451691,0.3859790007273356,0.5871453583240509,0.013811858743429184,0.9140625,0.9981235504150391,0.0018764495849609153,96.07,/network/scratch/l/lia/skae/allen_cahn_rebuttal_v2_20260719/confirmation_data/allen_cahn_4_grid16_dt0p1_t20_validation_seed20260724.pt,/network/scratch/l/lia/skae/allen_cahn_rebuttal_v2_20260719/global_confirmation/dense/seed_64/model/checkpoint.pt,3250,/network/scratch/l/lia/skae/allen_cahn_rebuttal_v2_20260719/global_confirmation/dense/seed_64/fresh_validation_evaluation.json,d666d9e306480be57a7ff7934b579c24762640be6d960336429c9f5a2e3d901d
dense,dense,64,160,16.0,0.045223169028759,0.0528356097638607,0.4403205871582031,0.6145828068256378,0.012506567314267159,0.921875,0.9981235504150391,0.0018764495849609153,96.07,/network/scratch/l/lia/skae/allen_cahn_rebuttal_v2_20260719/confirmation_data/allen_cahn_4_grid16_dt0p1_t20_validation_seed20260724.pt,/network/scratch/l/lia/skae/allen_cahn_rebuttal_v2_20260719/global_confirmation/dense/seed_64/model/checkpoint.pt,3250,/network/scratch/l/lia/skae/allen_cahn_rebuttal_v2_20260719/global_confirmation/dense/seed_64/fresh_validation_evaluation.json,d666d9e306480be57a7ff7934b579c24762640be6d960336429c9f5a2e3d901d
dense,dense,64,200,20.0,0.04782826662063599,0.06364572234451771,0.4766591644287109,0.6284264922142029,0.011838477551937104,0.921875,0.9981235504150391,0.0018764495849609153,96.07,/network/scratch/l/lia/skae/allen_cahn_rebuttal_v2_20260719/confirmation_data/allen_cahn_4_grid16_dt0p1_t20_validation_seed20260724.pt,/network/scratch/l/lia/skae/allen_cahn_rebuttal_v2_20260719/global_confirmation/dense/seed_64/model/checkpoint.pt,3250,/network/scratch/l/lia/skae/allen_cahn_rebuttal_v2_20260719/global_confirmation/dense/seed_64/fresh_validation_evaluation.json,d666d9e306480be57a7ff7934b579c24762640be6d960336429c9f5a2e3d901d
dense,dense,65,80,8.0,0.04565582275390625,0.03850965201854706,0.2999469399452209,0.5162167251110077,0.01658659316599369,0.9140625,0.9987651824951171,0.001234817504882857,96.564,/network/scratch/l/lia/skae/allen_cahn_rebuttal_v2_20260719/confirmation_data/allen_cahn_4_grid16_dt0p1_t20_validation_seed20260724.pt,/network/scratch/l/lia/skae/allen_cahn_rebuttal_v2_20260719/global_confirmation/dense/seed_65/model/checkpoint.pt,3499,/network/scratch/l/lia/skae/allen_cahn_rebuttal_v2_20260719/global_confirmation/dense/seed_65/fresh_validation_evaluation.json,869c463f1d36601ad57c9dd96ee86eacc1b936660795289dcdb2a540ad9599c9
dense,dense,65,120,12.0,0.04389577309290568,0.042227065190672874,0.3859790007273356,0.5871453583240509,0.013971924285093943,0.9140625,0.9987651824951171,0.001234817504882857,96.564,/network/scratch/l/lia/skae/allen_cahn_rebuttal_v2_20260719/confirmation_data/allen_cahn_4_grid16_dt0p1_t20_validation_seed20260724.pt,/network/scratch/l/lia/skae/allen_cahn_rebuttal_v2_20260719/global_confirmation/dense/seed_65/model/checkpoint.pt,3499,/network/scratch/l/lia/skae/allen_cahn_rebuttal_v2_20260719/global_confirmation/dense/seed_65/fresh_validation_evaluation.json,869c463f1d36601ad57c9dd96ee86eacc1b936660795289dcdb2a540ad9599c9
dense,dense,65,160,16.0,0.044312724471092226,0.04919610545039177,0.4403205871582031,0.6145828068256378,0.012608665972948074,0.91015625,0.9987651824951171,0.001234817504882857,96.564,/network/scratch/l/lia/skae/allen_cahn_rebuttal_v2_20260719/confirmation_data/allen_cahn_4_grid16_dt0p1_t20_validation_seed20260724.pt,/network/scratch/l/lia/skae/allen_cahn_rebuttal_v2_20260719/global_confirmation/dense/seed_65/model/checkpoint.pt,3499,/network/scratch/l/lia/skae/allen_cahn_rebuttal_v2_20260719/global_confirmation/dense/seed_65/fresh_validation_evaluation.json,869c463f1d36601ad57c9dd96ee86eacc1b936660795289dcdb2a540ad9599c9
dense,dense,65,200,20.0,0.046206331253051756,0.05825188755989075,0.4766591644287109,0.6284264922142029,0.011889517307281494,0.9140625,0.9987651824951171,0.001234817504882857,96.564,/network/scratch/l/lia/skae/allen_cahn_rebuttal_v2_20260719/confirmation_data/allen_cahn_4_grid16_dt0p1_t20_validation_seed20260724.pt,/network/scratch/l/lia/skae/allen_cahn_rebuttal_v2_20260719/global_confirmation/dense/seed_65/model/checkpoint.pt,3499,/network/scratch/l/lia/skae/allen_cahn_rebuttal_v2_20260719/global_confirmation/dense/seed_65/fresh_validation_evaluation.json,869c463f1d36601ad57c9dd96ee86eacc1b936660795289dcdb2a540ad9599c9
dense,dense,66,80,8.0,0.04740922302007675,0.041805338114500046,0.2999469399452209,0.5162167251110077,0.01603408679366112,0.90625,0.9962654113769531,0.003734588623046875,95.79,/network/scratch/l/lia/skae/allen_cahn_rebuttal_v2_20260719/confirmation_data/allen_cahn_4_grid16_dt0p1_t20_validation_seed20260724.pt,/network/scratch/l/lia/skae/allen_cahn_rebuttal_v2_20260719/global_confirmation/dense/seed_66/model/checkpoint.pt,3499,/network/scratch/l/lia/skae/allen_cahn_rebuttal_v2_20260719/global_confirmation/dense/seed_66/fresh_validation_evaluation.json,94ccead542f3dda70fcd6ba62d56b9dcc8a0fb7c53e1940118c7435e41db2ceb
dense,dense,66,120,12.0,0.046143370866775515,0.045485204085707664,0.3859790007273356,0.5871453583240509,0.01362464800477028,0.91015625,0.9962654113769531,0.003734588623046875,95.79,/network/scratch/l/lia/skae/allen_cahn_rebuttal_v2_20260719/confirmation_data/allen_cahn_4_grid16_dt0p1_t20_validation_seed20260724.pt,/network/scratch/l/lia/skae/allen_cahn_rebuttal_v2_20260719/global_confirmation/dense/seed_66/model/checkpoint.pt,3499,/network/scratch/l/lia/skae/allen_cahn_rebuttal_v2_20260719/global_confirmation/dense/seed_66/fresh_validation_evaluation.json,94ccead542f3dda70fcd6ba62d56b9dcc8a0fb7c53e1940118c7435e41db2ceb
dense,dense,66,160,16.0,0.04690366983413696,0.05313020572066307,0.4403205871582031,0.6145828068256378,0.012369688041508198,0.90625,0.9962654113769531,0.003734588623046875,95.79,/network/scratch/l/lia/skae/allen_cahn_rebuttal_v2_20260719/confirmation_data/allen_cahn_4_grid16_dt0p1_t20_validation_seed20260724.pt,/network/scratch/l/lia/skae/allen_cahn_rebuttal_v2_20260719/global_confirmation/dense/seed_66/model/checkpoint.pt,3499,/network/scratch/l/lia/skae/allen_cahn_rebuttal_v2_20260719/global_confirmation/dense/seed_66/fresh_validation_evaluation.json,94ccead542f3dda70fcd6ba62d56b9dcc8a0fb7c53e1940118c7435e41db2ceb
dense,dense,66,200,20.0,0.049047541618347165,0.06209285371005535,0.4766591644287109,0.6284264922142029,0.011724501848220825,0.90625,0.9962654113769531,0.003734588623046875,95.79,/network/scratch/l/lia/skae/allen_cahn_rebuttal_v2_20260719/confirmation_data/allen_cahn_4_grid16_dt0p1_t20_validation_seed20260724.pt,/network/scratch/l/lia/skae/allen_cahn_rebuttal_v2_20260719/global_confirmation/dense/seed_66/model/checkpoint.pt,3499,/network/scratch/l/lia/skae/allen_cahn_rebuttal_v2_20260719/global_confirmation/dense/seed_66/fresh_validation_evaluation.json,94ccead542f3dda70fcd6ba62d56b9dcc8a0fb7c53e1940118c7435e41db2ceb
dense,dense,67,80,8.0,0.044471704959869386,0.03858006000518799,0.2999469399452209,0.5162167251110077,0.016110333055257796,0.90625,0.99747314453125,0.002526855468749978,95.931,/network/scratch/l/lia/skae/allen_cahn_rebuttal_v2_20260719/confirmation_data/allen_cahn_4_grid16_dt0p1_t20_validation_seed20260724.pt,/network/scratch/l/lia/skae/allen_cahn_rebuttal_v2_20260719/global_confirmation/dense/seed_67/model/checkpoint.pt,3250,/network/scratch/l/lia/skae/allen_cahn_rebuttal_v2_20260719/global_confirmation/dense/seed_67/fresh_validation_evaluation.json,c450e31fdec44eb3772649ad7d987de005d11ea3c7407302a51715b00e06bd52
dense,dense,67,120,12.0,0.04311663508415222,0.0424810778349638,0.3859790007273356,0.5871453583240509,0.013618535051743189,0.9140625,0.99747314453125,0.002526855468749978,95.931,/network/scratch/l/lia/skae/allen_cahn_rebuttal_v2_20260719/confirmation_data/allen_cahn_4_grid16_dt0p1_t20_validation_seed20260724.pt,/network/scratch/l/lia/skae/allen_cahn_rebuttal_v2_20260719/global_confirmation/dense/seed_67/model/checkpoint.pt,3250,/network/scratch/l/lia/skae/allen_cahn_rebuttal_v2_20260719/global_confirmation/dense/seed_67/fresh_validation_evaluation.json,c450e31fdec44eb3772649ad7d987de005d11ea3c7407302a51715b00e06bd52
dense,dense,67,160,16.0,0.04386223703622818,0.04996013268828392,0.4403205871582031,0.6145828068256378,0.01232681553810835,0.91796875,0.99747314453125,0.002526855468749978,95.931,/network/scratch/l/lia/skae/allen_cahn_rebuttal_v2_20260719/confirmation_data/allen_cahn_4_grid16_dt0p1_t20_validation_seed20260724.pt,/network/scratch/l/lia/skae/allen_cahn_rebuttal_v2_20260719/global_confirmation/dense/seed_67/model/checkpoint.pt,3250,/network/scratch/l/lia/skae/allen_cahn_rebuttal_v2_20260719/global_confirmation/dense/seed_67/fresh_validation_evaluation.json,c450e31fdec44eb3772649ad7d987de005d11ea3c7407302a51715b00e06bd52
dense,dense,67,200,20.0,0.046039564609527586,0.05925348401069641,0.4766591644287109,0.6284264922142029,0.011671214997768402,0.91015625,0.99747314453125,0.002526855468749978,95.931,/network/scratch/l/lia/skae/allen_cahn_rebuttal_v2_20260719/confirmation_data/allen_cahn_4_grid16_dt0p1_t20_validation_seed20260724.pt,/network/scratch/l/lia/skae/allen_cahn_rebuttal_v2_20260719/global_confirmation/dense/seed_67/model/checkpoint.pt,3250,/network/scratch/l/lia/skae/allen_cahn_rebuttal_v2_20260719/global_confirmation/dense/seed_67/fresh_validation_evaluation.json,c450e31fdec44eb3772649ad7d987de005d11ea3c7407302a51715b00e06bd52
dense,dense,68,80,8.0,0.04075334519147873,0.038110269233584404,0.2999469399452209,0.5162167251110077,0.015025569871068001,0.90625,0.9972095489501953,0.0027904510498046875,96.782,/network/scratch/l/lia/skae/allen_cahn_rebuttal_v2_20260719/confirmation_data/allen_cahn_4_grid16_dt0p1_t20_validation_seed20260724.pt,/network/scratch/l/lia/skae/allen_cahn_rebuttal_v2_20260719/global_confirmation/dense/seed_68/model/checkpoint.pt,3499,/network/scratch/l/lia/skae/allen_cahn_rebuttal_v2_20260719/global_confirmation/dense/seed_68/fresh_validation_evaluation.json,88a4700f3e07be9267d321496cade1e446a7949164f7a138f66cb7d2b0a1f5a5
dense,dense,68,120,12.0,0.040908948580423994,0.043764468282461166,0.3859790007273356,0.5871453583240509,0.012849015990893047,0.91015625,0.9972095489501953,0.0027904510498046875,96.782,/network/scratch/l/lia/skae/allen_cahn_rebuttal_v2_20260719/confirmation_data/allen_cahn_4_grid16_dt0p1_t20_validation_seed20260724.pt,/network/scratch/l/lia/skae/allen_cahn_rebuttal_v2_20260719/global_confirmation/dense/seed_68/model/checkpoint.pt,3499,/network/scratch/l/lia/skae/allen_cahn_rebuttal_v2_20260719/global_confirmation/dense/seed_68/fresh_validation_evaluation.json,88a4700f3e07be9267d321496cade1e446a7949164f7a138f66cb7d2b0a1f5a5
dense,dense,68,160,16.0,0.04247774928808212,0.050878459587693214,0.4403205871582031,0.6145828068256378,0.011755187809467316,0.90234375,0.9972095489501953,0.0027904510498046875,96.782,/network/scratch/l/lia/skae/allen_cahn_rebuttal_v2_20260719/confirmation_data/allen_cahn_4_grid16_dt0p1_t20_validation_seed20260724.pt,/network/scratch/l/lia/skae/allen_cahn_rebuttal_v2_20260719/global_confirmation/dense/seed_68/model/checkpoint.pt,3499,/network/scratch/l/lia/skae/allen_cahn_rebuttal_v2_20260719/global_confirmation/dense/seed_68/fresh_validation_evaluation.json,88a4700f3e07be9267d321496cade1e446a7949164f7a138f66cb7d2b0a1f5a5
dense,dense,68,200,20.0,0.04503939390182495,0.0596865639090538,0.4766591644287109,0.6284264922142029,0.011203689575195313,0.90234375,0.9972095489501953,0.0027904510498046875,96.782,/network/scratch/l/lia/skae/allen_cahn_rebuttal_v2_20260719/confirmation_data/allen_cahn_4_grid16_dt0p1_t20_validation_seed20260724.pt,/network/scratch/l/lia/skae/allen_cahn_rebuttal_v2_20260719/global_confirmation/dense/seed_68/model/checkpoint.pt,3499,/network/scratch/l/lia/skae/allen_cahn_rebuttal_v2_20260719/global_confirmation/dense/seed_68/fresh_validation_evaluation.json,88a4700f3e07be9267d321496cade1e446a7949164f7a138f66cb7d2b0a1f5a5
dense,dense,69,80,8.0,0.04927135109901428,0.044850029051303864,0.2999469399452209,0.5162167251110077,0.016920982301235198,0.890625,0.997043228149414,0.0029567718505859597,95.248,/network/scratch/l/lia/skae/allen_cahn_rebuttal_v2_20260719/confirmation_data/allen_cahn_4_grid16_dt0p1_t20_validation_seed20260724.pt,/network/scratch/l/lia/skae/allen_cahn_rebuttal_v2_20260719/global_confirmation/dense/seed_69/model/checkpoint.pt,3000,/network/scratch/l/lia/skae/allen_cahn_rebuttal_v2_20260719/global_confirmation/dense/seed_69/fresh_validation_evaluation.json,4b095d850a1c920a5f3e5fb2c9410944a192378b39aa9346fdca08093296cd80
dense,dense,69,120,12.0,0.04861523310343425,0.049995699897408485,0.3859790007273356,0.5871453583240509,0.014392409722010295,0.8984375,0.997043228149414,0.0029567718505859597,95.248,/network/scratch/l/lia/skae/allen_cahn_rebuttal_v2_20260719/confirmation_data/allen_cahn_4_grid16_dt0p1_t20_validation_seed20260724.pt,/network/scratch/l/lia/skae/allen_cahn_rebuttal_v2_20260719/global_confirmation/dense/seed_69/model/checkpoint.pt,3000,/network/scratch/l/lia/skae/allen_cahn_rebuttal_v2_20260719/global_confirmation/dense/seed_69/fresh_validation_evaluation.json,4b095d850a1c920a5f3e5fb2c9410944a192378b39aa9346fdca08093296cd80
dense,dense,69,160,16.0,0.049962039291858676,0.0577252060174942,0.4403205871582031,0.6145828068256378,0.013093942403793335,0.89453125,0.997043228149414,0.0029567718505859597,95.248,/network/scratch/l/lia/skae/allen_cahn_rebuttal_v2_20260719/confirmation_data/allen_cahn_4_grid16_dt0p1_t20_validation_seed20260724.pt,/network/scratch/l/lia/skae/allen_cahn_rebuttal_v2_20260719/global_confirmation/dense/seed_69/model/checkpoint.pt,3000,/network/scratch/l/lia/skae/allen_cahn_rebuttal_v2_20260719/global_confirmation/dense/seed_69/fresh_validation_evaluation.json,4b095d850a1c920a5f3e5fb2c9410944a192378b39aa9346fdca08093296cd80
dense,dense,69,200,20.0,0.0523032546043396,0.06556497141718864,0.4766591644287109,0.6284264922142029,0.01238836407661438,0.8828125,0.997043228149414,0.0029567718505859597,95.248,/network/scratch/l/lia/skae/allen_cahn_rebuttal_v2_20260719/confirmation_data/allen_cahn_4_grid16_dt0p1_t20_validation_seed20260724.pt,/network/scratch/l/lia/skae/allen_cahn_rebuttal_v2_20260719/global_confirmation/dense/seed_69/model/checkpoint.pt,3000,/network/scratch/l/lia/skae/allen_cahn_rebuttal_v2_20260719/global_confirmation/dense/seed_69/fresh_validation_evaluation.json,4b095d850a1c920a5f3e5fb2c9410944a192378b39aa9346fdca08093296cd80
dense,dense,70,80,8.0,0.043812182545661923,0.038226693868637085,0.2999469399452209,0.5162167251110077,0.01619565635919571,0.90234375,0.9966297149658203,0.0033702850341796875,95.659,/network/scratch/l/lia/skae/allen_cahn_rebuttal_v2_20260719/confirmation_data/allen_cahn_4_grid16_dt0p1_t20_validation_seed20260724.pt,/network/scratch/l/lia/skae/allen_cahn_rebuttal_v2_20260719/global_confirmation/dense/seed_70/model/checkpoint.pt,3000,/network/scratch/l/lia/skae/allen_cahn_rebuttal_v2_20260719/global_confirmation/dense/seed_70/fresh_validation_evaluation.json,14e52f187c782e2b34344fcc3ed9fa2b1004ecad752483a22d7f7596aa854f9f
dense,dense,70,120,12.0,0.0428739329179128,0.043647438287734985,0.3859790007273356,0.5871453583240509,0.013676732530196507,0.91015625,0.9966297149658203,0.0033702850341796875,95.659,/network/scratch/l/lia/skae/allen_cahn_rebuttal_v2_20260719/confirmation_data/allen_cahn_4_grid16_dt0p1_t20_validation_seed20260724.pt,/network/scratch/l/lia/skae/allen_cahn_rebuttal_v2_20260719/global_confirmation/dense/seed_70/model/checkpoint.pt,3000,/network/scratch/l/lia/skae/allen_cahn_rebuttal_v2_20260719/global_confirmation/dense/seed_70/fresh_validation_evaluation.json,14e52f187c782e2b34344fcc3ed9fa2b1004ecad752483a22d7f7596aa854f9f
dense,dense,70,160,16.0,0.04412027299404144,0.0519665963947773,0.4403205871582031,0.6145828068256378,0.012378178164362907,0.91015625,0.9966297149658203,0.0033702850341796875,95.659,/network/scratch/l/lia/skae/allen_cahn_rebuttal_v2_20260719/confirmation_data/allen_cahn_4_grid16_dt0p1_t20_validation_seed20260724.pt,/network/scratch/l/lia/skae/allen_cahn_rebuttal_v2_20260719/global_confirmation/dense/seed_70/model/checkpoint.pt,3000,/network/scratch/l/lia/skae/allen_cahn_rebuttal_v2_20260719/global_confirmation/dense/seed_70/fresh_validation_evaluation.json,14e52f187c782e2b34344fcc3ed9fa2b1004ecad752483a22d7f7596aa854f9f
dense,dense,70,200,20.0,0.04658348560333252,0.06086142733693123,0.4766591644287109,0.6284264922142029,0.011694021224975586,0.91796875,0.9966297149658203,0.0033702850341796875,95.659,/network/scratch/l/lia/skae/allen_cahn_rebuttal_v2_20260719/confirmation_data/allen_cahn_4_grid16_dt0p1_t20_validation_seed20260724.pt,/network/scratch/l/lia/skae/allen_cahn_rebuttal_v2_20260719/global_confirmation/dense/seed_70/model/checkpoint.pt,3000,/network/scratch/l/lia/skae/allen_cahn_rebuttal_v2_20260719/global_confirmation/dense/seed_70/fresh_validation_evaluation.json,14e52f187c782e2b34344fcc3ed9fa2b1004ecad752483a22d7f7596aa854f9f
dense,dense,71,80,8.0,0.039780928194522856,0.03445238433778286,0.2999469399452209,0.5162167251110077,0.015221283584833146,0.9140625,0.9976089477539063,0.0023910522460937056,95.34,/network/scratch/l/lia/skae/allen_cahn_rebuttal_v2_20260719/confirmation_data/allen_cahn_4_grid16_dt0p1_t20_validation_seed20260724.pt,/network/scratch/l/lia/skae/allen_cahn_rebuttal_v2_20260719/global_confirmation/dense/seed_71/model/checkpoint.pt,3499,/network/scratch/l/lia/skae/allen_cahn_rebuttal_v2_20260719/global_confirmation/dense/seed_71/fresh_validation_evaluation.json,5df427894365b638befcb356751f66c1b8346fbbf93b6604e98d2aee008b3b0a
dense,dense,71,120,12.0,0.03907960851987203,0.04049423336982727,0.3859790007273356,0.5871453583240509,0.01287996768951416,0.91015625,0.9976089477539063,0.0023910522460937056,95.34,/network/scratch/l/lia/skae/allen_cahn_rebuttal_v2_20260719/confirmation_data/allen_cahn_4_grid16_dt0p1_t20_validation_seed20260724.pt,/network/scratch/l/lia/skae/allen_cahn_rebuttal_v2_20260719/global_confirmation/dense/seed_71/model/checkpoint.pt,3499,/network/scratch/l/lia/skae/allen_cahn_rebuttal_v2_20260719/global_confirmation/dense/seed_71/fresh_validation_evaluation.json,5df427894365b638befcb356751f66c1b8346fbbf93b6604e98d2aee008b3b0a
dense,dense,71,160,16.0,0.04026038646697998,0.047127336263656616,0.4403205871582031,0.6145828068256378,0.011708387546241284,0.921875,0.9976089477539063,0.0023910522460937056,95.34,/network/scratch/l/lia/skae/allen_cahn_rebuttal_v2_20260719/confirmation_data/allen_cahn_4_grid16_dt0p1_t20_validation_seed20260724.pt,/network/scratch/l/lia/skae/allen_cahn_rebuttal_v2_20260719/global_confirmation/dense/seed_71/model/checkpoint.pt,3499,/network/scratch/l/lia/skae/allen_cahn_rebuttal_v2_20260719/global_confirmation/dense/seed_71/fresh_validation_evaluation.json,5df427894365b638befcb356751f66c1b8346fbbf93b6604e98d2aee008b3b0a
dense,dense,71,200,20.0,0.04252342939376831,0.0560492929071188,0.4766591644287109,0.6284264922142029,0.011101470291614533,0.91796875,0.9976089477539063,0.0023910522460937056,95.34,/network/scratch/l/lia/skae/allen_cahn_rebuttal_v2_20260719/confirmation_data/allen_cahn_4_grid16_dt0p1_t20_validation_seed20260724.pt,/network/scratch/l/lia/skae/allen_cahn_rebuttal_v2_20260719/global_confirmation/dense/seed_71/model/checkpoint.pt,3499,/network/scratch/l/lia/skae/allen_cahn_rebuttal_v2_20260719/global_confirmation/dense/seed_71/fresh_validation_evaluation.json,5df427894365b638befcb356751f66c1b8346fbbf93b6604e98d2aee008b3b0a
dense,dense,72,80,8.0,0.04839054495096207,0.04007823206484318,0.2999469399452209,0.5162167251110077,0.01682457737624645,0.9140625,0.9982135772705079,0.001786422729492143,95.115,/network/scratch/l/lia/skae/allen_cahn_rebuttal_v2_20260719/confirmation_data/allen_cahn_4_grid16_dt0p1_t20_validation_seed20260724.pt,/network/scratch/l/lia/skae/allen_cahn_rebuttal_v2_20260719/global_confirmation/dense/seed_72/model/checkpoint.pt,3000,/network/scratch/l/lia/skae/allen_cahn_rebuttal_v2_20260719/global_confirmation/dense/seed_72/fresh_validation_evaluation.json,a0e7ecad8884e9257ae6ab8e92111d955c9eceaf79afbb955acd4c95731a2f30
dense,dense,72,120,12.0,0.046467159191767374,0.04511751048266888,0.3859790007273356,0.5871453583240509,0.014215849836667379,0.921875,0.9982135772705079,0.001786422729492143,95.115,/network/scratch/l/lia/skae/allen_cahn_rebuttal_v2_20260719/confirmation_data/allen_cahn_4_grid16_dt0p1_t20_validation_seed20260724.pt,/network/scratch/l/lia/skae/allen_cahn_rebuttal_v2_20260719/global_confirmation/dense/seed_72/model/checkpoint.pt,3000,/network/scratch/l/lia/skae/allen_cahn_rebuttal_v2_20260719/global_confirmation/dense/seed_72/fresh_validation_evaluation.json,a0e7ecad8884e9257ae6ab8e92111d955c9eceaf79afbb955acd4c95731a2f30
dense,dense,72,160,16.0,0.04707610905170441,0.05248942971229553,0.4403205871582031,0.6145828068256378,0.012868167459964752,0.90625,0.9982135772705079,0.001786422729492143,95.115,/network/scratch/l/lia/skae/allen_cahn_rebuttal_v2_20260719/confirmation_data/allen_cahn_4_grid16_dt0p1_t20_validation_seed20260724.pt,/network/scratch/l/lia/skae/allen_cahn_rebuttal_v2_20260719/global_confirmation/dense/seed_72/model/checkpoint.pt,3000,/network/scratch/l/lia/skae/allen_cahn_rebuttal_v2_20260719/global_confirmation/dense/seed_72/fresh_validation_evaluation.json,a0e7ecad8884e9257ae6ab8e92111d955c9eceaf79afbb955acd4c95731a2f30
dense,dense,72,200,20.0,0.04899682998657227,0.06097198277711868,0.4766591644287109,0.6284264922142029,0.01213531732559204,0.90625,0.9982135772705079,0.001786422729492143,95.115,/network/scratch/l/lia/skae/allen_cahn_rebuttal_v2_20260719/confirmation_data/allen_cahn_4_grid16_dt0p1_t20_validation_seed20260724.pt,/network/scratch/l/lia/skae/allen_cahn_rebuttal_v2_20260719/global_confirmation/dense/seed_72/model/checkpoint.pt,3000,/network/scratch/l/lia/skae/allen_cahn_rebuttal_v2_20260719/global_confirmation/dense/seed_72/fresh_validation_evaluation.json,a0e7ecad8884e9257ae6ab8e92111d955c9eceaf79afbb955acd4c95731a2f30
dense,dense,73,80,8.0,0.046418750286102296,0.039888814091682434,0.2999469399452209,0.5162167251110077,0.016077616810798646,0.89453125,0.9975490570068359,0.0024509429931640625,95.602,/network/scratch/l/lia/skae/allen_cahn_rebuttal_v2_20260719/confirmation_data/allen_cahn_4_grid16_dt0p1_t20_validation_seed20260724.pt,/network/scratch/l/lia/skae/allen_cahn_rebuttal_v2_20260719/global_confirmation/dense/seed_73/model/checkpoint.pt,3250,/network/scratch/l/lia/skae/allen_cahn_rebuttal_v2_20260719/global_confirmation/dense/seed_73/fresh_validation_evaluation.json,5d45a9af0ce7a32b39045a3deb72f889152859015f135ccd9c82277e06f574f3
dense,dense,73,120,12.0,0.045066732168197635,0.04519129544496536,0.3859790007273356,0.5871453583240509,0.013681161652008693,0.890625,0.9975490570068359,0.0024509429931640625,95.602,/network/scratch/l/lia/skae/allen_cahn_rebuttal_v2_20260719/confirmation_data/allen_cahn_4_grid16_dt0p1_t20_validation_seed20260724.pt,/network/scratch/l/lia/skae/allen_cahn_rebuttal_v2_20260719/global_confirmation/dense/seed_73/model/checkpoint.pt,3250,/network/scratch/l/lia/skae/allen_cahn_rebuttal_v2_20260719/global_confirmation/dense/seed_73/fresh_validation_evaluation.json,5d45a9af0ce7a32b39045a3deb72f889152859015f135ccd9c82277e06f574f3
dense,dense,73,160,16.0,0.04614817202091217,0.05355782061815262,0.4403205871582031,0.6145828068256378,0.012464816123247147,0.89453125,0.9975490570068359,0.0024509429931640625,95.602,/network/scratch/l/lia/skae/allen_cahn_rebuttal_v2_20260719/confirmation_data/allen_cahn_4_grid16_dt0p1_t20_validation_seed20260724.pt,/network/scratch/l/lia/skae/allen_cahn_rebuttal_v2_20260719/global_confirmation/dense/seed_73/model/checkpoint.pt,3250,/network/scratch/l/lia/skae/allen_cahn_rebuttal_v2_20260719/global_confirmation/dense/seed_73/fresh_validation_evaluation.json,5d45a9af0ce7a32b39045a3deb72f889152859015f135ccd9c82277e06f574f3
dense,dense,73,200,20.0,0.04852646827697754,0.0622019749134779,0.4766591644287109,0.6284264922142029,0.011849270462989807,0.88671875,0.9975490570068359,0.0024509429931640625,95.602,/network/scratch/l/lia/skae/allen_cahn_rebuttal_v2_20260719/confirmation_data/allen_cahn_4_grid16_dt0p1_t20_validation_seed20260724.pt,/network/scratch/l/lia/skae/allen_cahn_rebuttal_v2_20260719/global_confirmation/dense/seed_73/model/checkpoint.pt,3250,/network/scratch/l/lia/skae/allen_cahn_rebuttal_v2_20260719/global_confirmation/dense/seed_73/fresh_validation_evaluation.json,5d45a9af0ce7a32b39045a3deb72f889152859015f135ccd9c82277e06f574f3
sparse,signed,64,80,8.0,0.040331092476844785,0.0368664488196373,0.2999469399452209,0.5162167251110077,0.014777937904000282,0.9140625,0.5685489654541016,0.4314510345458984,95.728,/network/scratch/l/lia/skae/allen_cahn_rebuttal_v2_20260719/confirmation_data/allen_cahn_4_grid16_dt0p1_t20_validation_seed20260724.pt,/network/scratch/l/lia/skae/allen_cahn_rebuttal_v2_20260719/global_confirmation/signed/seed_64/model/checkpoint.pt,3250,/network/scratch/l/lia/skae/allen_cahn_rebuttal_v2_20260719/global_confirmation/signed/seed_64/fresh_validation_evaluation.json,2b76eb9d481d561d64d105ae3517dfe7a624e187245833ac96c2c58712297456
sparse,signed,64,120,12.0,0.03998690247535706,0.0414995402097702,0.3859790007273356,0.5871453583240509,0.01262245923280716,0.90625,0.5685489654541016,0.4314510345458984,95.728,/network/scratch/l/lia/skae/allen_cahn_rebuttal_v2_20260719/confirmation_data/allen_cahn_4_grid16_dt0p1_t20_validation_seed20260724.pt,/network/scratch/l/lia/skae/allen_cahn_rebuttal_v2_20260719/global_confirmation/signed/seed_64/model/checkpoint.pt,3250,/network/scratch/l/lia/skae/allen_cahn_rebuttal_v2_20260719/global_confirmation/signed/seed_64/fresh_validation_evaluation.json,2b76eb9d481d561d64d105ae3517dfe7a624e187245833ac96c2c58712297456
sparse,signed,64,160,16.0,0.04137880802154541,0.049478013068437576,0.4403205871582031,0.6145828068256378,0.011544119939208031,0.90234375,0.5685489654541016,0.4314510345458984,95.728,/network/scratch/l/lia/skae/allen_cahn_rebuttal_v2_20260719/confirmation_data/allen_cahn_4_grid16_dt0p1_t20_validation_seed20260724.pt,/network/scratch/l/lia/skae/allen_cahn_rebuttal_v2_20260719/global_confirmation/signed/seed_64/model/checkpoint.pt,3250,/network/scratch/l/lia/skae/allen_cahn_rebuttal_v2_20260719/global_confirmation/signed/seed_64/fresh_validation_evaluation.json,2b76eb9d481d561d64d105ae3517dfe7a624e187245833ac96c2c58712297456
sparse,signed,64,200,20.0,0.04390204906463623,0.05856125243008137,0.4766591644287109,0.6284264922142029,0.011009584963321686,0.91015625,0.5685489654541016,0.4314510345458984,95.728,/network/scratch/l/lia/skae/allen_cahn_rebuttal_v2_20260719/confirmation_data/allen_cahn_4_grid16_dt0p1_t20_validation_seed20260724.pt,/network/scratch/l/lia/skae/allen_cahn_rebuttal_v2_20260719/global_confirmation/signed/seed_64/model/checkpoint.pt,3250,/network/scratch/l/lia/skae/allen_cahn_rebuttal_v2_20260719/global_confirmation/signed/seed_64/fresh_validation_evaluation.json,2b76eb9d481d561d64d105ae3517dfe7a624e187245833ac96c2c58712297456
sparse,signed,65,80,8.0,0.037662719190120694,0.0358456838876009,0.2999469399452209,0.5162167251110077,0.014246495068073272,0.921875,0.5487770080566406,0.45122299194335935,95.602,/network/scratch/l/lia/skae/allen_cahn_rebuttal_v2_20260719/confirmation_data/allen_cahn_4_grid16_dt0p1_t20_validation_seed20260724.pt,/network/scratch/l/lia/skae/allen_cahn_rebuttal_v2_20260719/global_confirmation/signed/seed_65/model/checkpoint.pt,3499,/network/scratch/l/lia/skae/allen_cahn_rebuttal_v2_20260719/global_confirmation/signed/seed_65/fresh_validation_evaluation.json,78e33e45d8d46872a745258c4172195437fcf9115f2372728ebda6315b39525c
sparse,signed,65,120,12.0,0.03791531324386597,0.04076464660465717,0.3859790007273356,0.5871453583240509,0.012287679314613342,0.92578125,0.5487770080566406,0.45122299194335935,95.602,/network/scratch/l/lia/skae/allen_cahn_rebuttal_v2_20260719/confirmation_data/allen_cahn_4_grid16_dt0p1_t20_validation_seed20260724.pt,/network/scratch/l/lia/skae/allen_cahn_rebuttal_v2_20260719/global_confirmation/signed/seed_65/model/checkpoint.pt,3499,/network/scratch/l/lia/skae/allen_cahn_rebuttal_v2_20260719/global_confirmation/signed/seed_65/fresh_validation_evaluation.json,78e33e45d8d46872a745258c4172195437fcf9115f2372728ebda6315b39525c
sparse,signed,65,160,16.0,0.039422768354415896,0.046987954527139664,0.4403205871582031,0.6145828068256378,0.011290091276168823,0.92578125,0.5487770080566406,0.45122299194335935,95.602,/network/scratch/l/lia/skae/allen_cahn_rebuttal_v2_20260719/confirmation_data/allen_cahn_4_grid16_dt0p1_t20_validation_seed20260724.pt,/network/scratch/l/lia/skae/allen_cahn_rebuttal_v2_20260719/global_confirmation/signed/seed_65/model/checkpoint.pt,3499,/network/scratch/l/lia/skae/allen_cahn_rebuttal_v2_20260719/global_confirmation/signed/seed_65/fresh_validation_evaluation.json,78e33e45d8d46872a745258c4172195437fcf9115f2372728ebda6315b39525c
sparse,signed,65,200,20.0,0.04168969392776489,0.05442069657146931,0.4766591644287109,0.6284264922142029,0.010779528617858887,0.9140625,0.5487770080566406,0.45122299194335935,95.602,/network/scratch/l/lia/skae/allen_cahn_rebuttal_v2_20260719/confirmation_data/allen_cahn_4_grid16_dt0p1_t20_validation_seed20260724.pt,/network/scratch/l/lia/skae/allen_cahn_rebuttal_v2_20260719/global_confirmation/signed/seed_65/model/checkpoint.pt,3499,/network/scratch/l/lia/skae/allen_cahn_rebuttal_v2_20260719/global_confirmation/signed/seed_65/fresh_validation_evaluation.json,78e33e45d8d46872a745258c4172195437fcf9115f2372728ebda6315b39525c
sparse,signed,66,80,8.0,0.03982030302286148,0.03871258720755577,0.2999469399452209,0.5162167251110077,0.01420840285718441,0.91015625,0.5365913391113282,0.46340866088867183,94.386,/network/scratch/l/lia/skae/allen_cahn_rebuttal_v2_20260719/confirmation_data/allen_cahn_4_grid16_dt0p1_t20_validation_seed20260724.pt,/network/scratch/l/lia/skae/allen_cahn_rebuttal_v2_20260719/global_confirmation/signed/seed_66/model/checkpoint.pt,3499,/network/scratch/l/lia/skae/allen_cahn_rebuttal_v2_20260719/global_confirmation/signed/seed_66/fresh_validation_evaluation.json,d3892cd8d3575ed5cf9dd016e057e0fc8d227c0e1f5bbcca8d0600ade767cb43
sparse,signed,66,120,12.0,0.040142492453257246,0.04282340407371521,0.3859790007273356,0.5871453583240509,0.012249502291282018,0.91015625,0.5365913391113282,0.46340866088867183,94.386,/network/scratch/l/lia/skae/allen_cahn_rebuttal_v2_20260719/confirmation_data/allen_cahn_4_grid16_dt0p1_t20_validation_seed20260724.pt,/network/scratch/l/lia/skae/allen_cahn_rebuttal_v2_20260719/global_confirmation/signed/seed_66/model/checkpoint.pt,3499,/network/scratch/l/lia/skae/allen_cahn_rebuttal_v2_20260719/global_confirmation/signed/seed_66/fresh_validation_evaluation.json,d3892cd8d3575ed5cf9dd016e057e0fc8d227c0e1f5bbcca8d0600ade767cb43
sparse,signed,66,160,16.0,0.04169701933860779,0.04984259232878685,0.4403205871582031,0.6145828068256378,0.011250786483287811,0.91015625,0.5365913391113282,0.46340866088867183,94.386,/network/scratch/l/lia/skae/allen_cahn_rebuttal_v2_20260719/confirmation_data/allen_cahn_4_grid16_dt0p1_t20_validation_seed20260724.pt,/network/scratch/l/lia/skae/allen_cahn_rebuttal_v2_20260719/global_confirmation/signed/seed_66/model/checkpoint.pt,3499,/network/scratch/l/lia/skae/allen_cahn_rebuttal_v2_20260719/global_confirmation/signed/seed_66/fresh_validation_evaluation.json,d3892cd8d3575ed5cf9dd016e057e0fc8d227c0e1f5bbcca8d0600ade767cb43
sparse,signed,66,200,20.0,0.044078238010406494,0.057389115914702415,0.4766591644287109,0.6284264922142029,0.010743605494499207,0.91796875,0.5365913391113282,0.46340866088867183,94.386,/network/scratch/l/lia/skae/allen_cahn_rebuttal_v2_20260719/confirmation_data/allen_cahn_4_grid16_dt0p1_t20_validation_seed20260724.pt,/network/scratch/l/lia/skae/allen_cahn_rebuttal_v2_20260719/global_confirmation/signed/seed_66/model/checkpoint.pt,3499,/network/scratch/l/lia/skae/allen_cahn_rebuttal_v2_20260719/global_confirmation/signed/seed_66/fresh_validation_evaluation.json,d3892cd8d3575ed5cf9dd016e057e0fc8d227c0e1f5bbcca8d0600ade767cb43
sparse,signed,67,80,8.0,0.04632996916770935,0.040229665115475655,0.2999469399452209,0.5162167251110077,0.016402990370988847,0.91015625,0.6094207763671875,0.3905792236328125,90.559,/network/scratch/l/lia/skae/allen_cahn_rebuttal_v2_20260719/confirmation_data/allen_cahn_4_grid16_dt0p1_t20_validation_seed20260724.pt,/network/scratch/l/lia/skae/allen_cahn_rebuttal_v2_20260719/global_confirmation/signed/seed_67/model/checkpoint.pt,2000,/network/scratch/l/lia/skae/allen_cahn_rebuttal_v2_20260719/global_confirmation/signed/seed_67/fresh_validation_evaluation.json,ec659209cd7f75f102b22d6702fb5d828d0f5a01b81cff05ec8445628f0d2612
sparse,signed,67,120,12.0,0.04506775935490926,0.04555719159543514,0.3859790007273356,0.5871453583240509,0.013919796049594878,0.921875,0.6094207763671875,0.3905792236328125,90.559,/network/scratch/l/lia/skae/allen_cahn_rebuttal_v2_20260719/confirmation_data/allen_cahn_4_grid16_dt0p1_t20_validation_seed20260724.pt,/network/scratch/l/lia/skae/allen_cahn_rebuttal_v2_20260719/global_confirmation/signed/seed_67/model/checkpoint.pt,2000,/network/scratch/l/lia/skae/allen_cahn_rebuttal_v2_20260719/global_confirmation/signed/seed_67/fresh_validation_evaluation.json,ec659209cd7f75f102b22d6702fb5d828d0f5a01b81cff05ec8445628f0d2612
sparse,signed,67,160,16.0,0.04625702798366547,0.054048191756010056,0.4403205871582031,0.6145828068256378,0.01267349049448967,0.9296875,0.6094207763671875,0.3905792236328125,90.559,/network/scratch/l/lia/skae/allen_cahn_rebuttal_v2_20260719/confirmation_data/allen_cahn_4_grid16_dt0p1_t20_validation_seed20260724.pt,/network/scratch/l/lia/skae/allen_cahn_rebuttal_v2_20260719/global_confirmation/signed/seed_67/model/checkpoint.pt,2000,/network/scratch/l/lia/skae/allen_cahn_rebuttal_v2_20260719/global_confirmation/signed/seed_67/fresh_validation_evaluation.json,ec659209cd7f75f102b22d6702fb5d828d0f5a01b81cff05ec8445628f0d2612
sparse,signed,67,200,20.0,0.048702986240386964,0.06276141107082367,0.4766591644287109,0.6284264922142029,0.01201830267906189,0.921875,0.6094207763671875,0.3905792236328125,90.559,/network/scratch/l/lia/skae/allen_cahn_rebuttal_v2_20260719/confirmation_data/allen_cahn_4_grid16_dt0p1_t20_validation_seed20260724.pt,/network/scratch/l/lia/skae/allen_cahn_rebuttal_v2_20260719/global_confirmation/signed/seed_67/model/checkpoint.pt,2000,/network/scratch/l/lia/skae/allen_cahn_rebuttal_v2_20260719/global_confirmation/signed/seed_67/fresh_validation_evaluation.json,ec659209cd7f75f102b22d6702fb5d828d0f5a01b81cff05ec8445628f0d2612
sparse,signed,68,80,8.0,0.03727434128522873,0.03743395954370499,0.2999469399452209,0.5162167251110077,0.013970655202865601,0.9140625,0.5498832702636719,0.4501167297363281,95.892,/network/scratch/l/lia/skae/allen_cahn_rebuttal_v2_20260719/confirmation_data/allen_cahn_4_grid16_dt0p1_t20_validation_seed20260724.pt,/network/scratch/l/lia/skae/allen_cahn_rebuttal_v2_20260719/global_confirmation/signed/seed_68/model/checkpoint.pt,3499,/network/scratch/l/lia/skae/allen_cahn_rebuttal_v2_20260719/global_confirmation/signed/seed_68/fresh_validation_evaluation.json,064dfc12aea237a5e74d7b5a99e605e5039bfb0ac4b44a5655fa29a3e9b59054
sparse,signed,68,120,12.0,0.038330839077631636,0.042671049013733864,0.3859790007273356,0.5871453583240509,0.012130528440078099,0.91015625,0.5498832702636719,0.4501167297363281,95.892,/network/scratch/l/lia/skae/allen_cahn_rebuttal_v2_20260719/confirmation_data/allen_cahn_4_grid16_dt0p1_t20_validation_seed20260724.pt,/network/scratch/l/lia/skae/allen_cahn_rebuttal_v2_20260719/global_confirmation/signed/seed_68/model/checkpoint.pt,3499,/network/scratch/l/lia/skae/allen_cahn_rebuttal_v2_20260719/global_confirmation/signed/seed_68/fresh_validation_evaluation.json,064dfc12aea237a5e74d7b5a99e605e5039bfb0ac4b44a5655fa29a3e9b59054
sparse,signed,68,160,16.0,0.04025606215000153,0.04953475669026375,0.4403205871582031,0.6145828068256378,0.011197694763541221,0.90625,0.5498832702636719,0.4501167297363281,95.892,/network/scratch/l/lia/skae/allen_cahn_rebuttal_v2_20260719/confirmation_data/allen_cahn_4_grid16_dt0p1_t20_validation_seed20260724.pt,/network/scratch/l/lia/skae/allen_cahn_rebuttal_v2_20260719/global_confirmation/signed/seed_68/model/checkpoint.pt,3499,/network/scratch/l/lia/skae/allen_cahn_rebuttal_v2_20260719/global_confirmation/signed/seed_68/fresh_validation_evaluation.json,064dfc12aea237a5e74d7b5a99e605e5039bfb0ac4b44a5655fa29a3e9b59054
sparse,signed,68,200,20.0,0.04290785074234009,0.05742223747074604,0.4766591644287109,0.6284264922142029,0.010726952254772186,0.8984375,0.5498832702636719,0.4501167297363281,95.892,/network/scratch/l/lia/skae/allen_cahn_rebuttal_v2_20260719/confirmation_data/allen_cahn_4_grid16_dt0p1_t20_validation_seed20260724.pt,/network/scratch/l/lia/skae/allen_cahn_rebuttal_v2_20260719/global_confirmation/signed/seed_68/model/checkpoint.pt,3499,/network/scratch/l/lia/skae/allen_cahn_rebuttal_v2_20260719/global_confirmation/signed/seed_68/fresh_validation_evaluation.json,064dfc12aea237a5e74d7b5a99e605e5039bfb0ac4b44a5655fa29a3e9b59054
sparse,signed,69,80,8.0,0.04163949489593506,0.0392305813729763,0.2999469399452209,0.5162167251110077,0.014631375670433044,0.91015625,0.5757034301757813,0.4242965698242187,95.414,/network/scratch/l/lia/skae/allen_cahn_rebuttal_v2_20260719/confirmation_data/allen_cahn_4_grid16_dt0p1_t20_validation_seed20260724.pt,/network/scratch/l/lia/skae/allen_cahn_rebuttal_v2_20260719/global_confirmation/signed/seed_69/model/checkpoint.pt,3499,/network/scratch/l/lia/skae/allen_cahn_rebuttal_v2_20260719/global_confirmation/signed/seed_69/fresh_validation_evaluation.json,f99ec32cab3e870af86e604b9aecfbb5d8e98ae7bf207821ef34b6820e84ddae
sparse,signed,69,120,12.0,0.041617190837860106,0.04395730048418045,0.3859790007273356,0.5871453583240509,0.012637999653816224,0.9140625,0.5757034301757813,0.4242965698242187,95.414,/network/scratch/l/lia/skae/allen_cahn_rebuttal_v2_20260719/confirmation_data/allen_cahn_4_grid16_dt0p1_t20_validation_seed20260724.pt,/network/scratch/l/lia/skae/allen_cahn_rebuttal_v2_20260719/global_confirmation/signed/seed_69/model/checkpoint.pt,3499,/network/scratch/l/lia/skae/allen_cahn_rebuttal_v2_20260719/global_confirmation/signed/seed_69/fresh_validation_evaluation.json,f99ec32cab3e870af86e604b9aecfbb5d8e98ae7bf207821ef34b6820e84ddae
sparse,signed,69,160,16.0,0.043106795847415925,0.050903819501399994,0.4403205871582031,0.6145828068256378,0.011620611511170864,0.91015625,0.5757034301757813,0.4242965698242187,95.414,/network/scratch/l/lia/skae/allen_cahn_rebuttal_v2_20260719/confirmation_data/allen_cahn_4_grid16_dt0p1_t20_validation_seed20260724.pt,/network/scratch/l/lia/skae/allen_cahn_rebuttal_v2_20260719/global_confirmation/signed/seed_69/model/checkpoint.pt,3499,/network/scratch/l/lia/skae/allen_cahn_rebuttal_v2_20260719/global_confirmation/signed/seed_69/fresh_validation_evaluation.json,f99ec32cab3e870af86e604b9aecfbb5d8e98ae7bf207821ef34b6820e84ddae
sparse,signed,69,200,20.0,0.04543702602386475,0.05865471810102463,0.4766591644287109,0.6284264922142029,0.011101338565349578,0.9140625,0.5757034301757813,0.4242965698242187,95.414,/network/scratch/l/lia/skae/allen_cahn_rebuttal_v2_20260719/confirmation_data/allen_cahn_4_grid16_dt0p1_t20_validation_seed20260724.pt,/network/scratch/l/lia/skae/allen_cahn_rebuttal_v2_20260719/global_confirmation/signed/seed_69/model/checkpoint.pt,3499,/network/scratch/l/lia/skae/allen_cahn_rebuttal_v2_20260719/global_confirmation/signed/seed_69/fresh_validation_evaluation.json,f99ec32cab3e870af86e604b9aecfbb5d8e98ae7bf207821ef34b6820e84ddae
sparse,signed,70,80,8.0,0.04112401604652405,0.03605354763567448,0.2999469399452209,0.5162167251110077,0.015244080871343612,0.921875,0.5959980010986328,0.40400199890136723,96.074,/network/scratch/l/lia/skae/allen_cahn_rebuttal_v2_20260719/confirmation_data/allen_cahn_4_grid16_dt0p1_t20_validation_seed20260724.pt,/network/scratch/l/lia/skae/allen_cahn_rebuttal_v2_20260719/global_confirmation/signed/seed_70/model/checkpoint.pt,3000,/network/scratch/l/lia/skae/allen_cahn_rebuttal_v2_20260719/global_confirmation/signed/seed_70/fresh_validation_evaluation.json,8c4abf05f0e5b3500cdd16e5c4209e1e62973d6e881eb28148ae15d9136892a9
sparse,signed,70,120,12.0,0.04034671584765116,0.041905300691723824,0.3859790007273356,0.5871453583240509,0.01292398696144422,0.90625,0.5959980010986328,0.40400199890136723,96.074,/network/scratch/l/lia/skae/allen_cahn_rebuttal_v2_20260719/confirmation_data/allen_cahn_4_grid16_dt0p1_t20_validation_seed20260724.pt,/network/scratch/l/lia/skae/allen_cahn_rebuttal_v2_20260719/global_confirmation/signed/seed_70/model/checkpoint.pt,3000,/network/scratch/l/lia/skae/allen_cahn_rebuttal_v2_20260719/global_confirmation/signed/seed_70/fresh_validation_evaluation.json,8c4abf05f0e5b3500cdd16e5c4209e1e62973d6e881eb28148ae15d9136892a9
sparse,signed,70,160,16.0,0.04187701940536499,0.05047205463051796,0.4403205871582031,0.6145828068256378,0.011781837791204453,0.90234375,0.5959980010986328,0.40400199890136723,96.074,/network/scratch/l/lia/skae/allen_cahn_rebuttal_v2_20260719/confirmation_data/allen_cahn_4_grid16_dt0p1_t20_validation_seed20260724.pt,/network/scratch/l/lia/skae/allen_cahn_rebuttal_v2_20260719/global_confirmation/signed/seed_70/model/checkpoint.pt,3000,/network/scratch/l/lia/skae/allen_cahn_rebuttal_v2_20260719/global_confirmation/signed/seed_70/fresh_validation_evaluation.json,8c4abf05f0e5b3500cdd16e5c4209e1e62973d6e881eb28148ae15d9136892a9
sparse,signed,70,200,20.0,0.04442174673080444,0.05881219916045666,0.4766591644287109,0.6284264922142029,0.011195660829544067,0.91796875,0.5959980010986328,0.40400199890136723,96.074,/network/scratch/l/lia/skae/allen_cahn_rebuttal_v2_20260719/confirmation_data/allen_cahn_4_grid16_dt0p1_t20_validation_seed20260724.pt,/network/scratch/l/lia/skae/allen_cahn_rebuttal_v2_20260719/global_confirmation/signed/seed_70/model/checkpoint.pt,3000,/network/scratch/l/lia/skae/allen_cahn_rebuttal_v2_20260719/global_confirmation/signed/seed_70/fresh_validation_evaluation.json,8c4abf05f0e5b3500cdd16e5c4209e1e62973d6e881eb28148ae15d9136892a9
sparse,signed,71,80,8.0,0.03666824549436569,0.03440476581454277,0.2999469399452209,0.5162167251110077,0.013853737711906433,0.91015625,0.546044921875,0.453955078125,96.492,/network/scratch/l/lia/skae/allen_cahn_rebuttal_v2_20260719/confirmation_data/allen_cahn_4_grid16_dt0p1_t20_validation_seed20260724.pt,/network/scratch/l/lia/skae/allen_cahn_rebuttal_v2_20260719/global_confirmation/signed/seed_71/model/checkpoint.pt,3499,/network/scratch/l/lia/skae/allen_cahn_rebuttal_v2_20260719/global_confirmation/signed/seed_71/fresh_validation_evaluation.json,5d866296bd13759b5ee5dbaca47ec9666620c8a3d16dc7b151be491d53b168fe
sparse,signed,71,120,12.0,0.037098381916681925,0.04129884950816631,0.3859790007273356,0.5871453583240509,0.011933370182911554,0.91015625,0.546044921875,0.453955078125,96.492,/network/scratch/l/lia/skae/allen_cahn_rebuttal_v2_20260719/confirmation_data/allen_cahn_4_grid16_dt0p1_t20_validation_seed20260724.pt,/network/scratch/l/lia/skae/allen_cahn_rebuttal_v2_20260719/global_confirmation/signed/seed_71/model/checkpoint.pt,3499,/network/scratch/l/lia/skae/allen_cahn_rebuttal_v2_20260719/global_confirmation/signed/seed_71/fresh_validation_evaluation.json,5d866296bd13759b5ee5dbaca47ec9666620c8a3d16dc7b151be491d53b168fe
sparse,signed,71,160,16.0,0.039100898802280425,0.04864758998155594,0.4403205871582031,0.6145828068256378,0.011013674549758434,0.9140625,0.546044921875,0.453955078125,96.492,/network/scratch/l/lia/skae/allen_cahn_rebuttal_v2_20260719/confirmation_data/allen_cahn_4_grid16_dt0p1_t20_validation_seed20260724.pt,/network/scratch/l/lia/skae/allen_cahn_rebuttal_v2_20260719/global_confirmation/signed/seed_71/model/checkpoint.pt,3499,/network/scratch/l/lia/skae/allen_cahn_rebuttal_v2_20260719/global_confirmation/signed/seed_71/fresh_validation_evaluation.json,5d866296bd13759b5ee5dbaca47ec9666620c8a3d16dc7b151be491d53b168fe
sparse,signed,71,200,20.0,0.04189638376235962,0.05753429979085922,0.4766591644287109,0.6284264922142029,0.01056239813566208,0.91796875,0.546044921875,0.453955078125,96.492,/network/scratch/l/lia/skae/allen_cahn_rebuttal_v2_20260719/confirmation_data/allen_cahn_4_grid16_dt0p1_t20_validation_seed20260724.pt,/network/scratch/l/lia/skae/allen_cahn_rebuttal_v2_20260719/global_confirmation/signed/seed_71/model/checkpoint.pt,3499,/network/scratch/l/lia/skae/allen_cahn_rebuttal_v2_20260719/global_confirmation/signed/seed_71/fresh_validation_evaluation.json,5d866296bd13759b5ee5dbaca47ec9666620c8a3d16dc7b151be491d53b168fe
sparse,signed,72,80,8.0,0.04576009213924408,0.042544180527329445,0.2999469399452209,0.5162167251110077,0.015090174973011017,0.8984375,0.5557357788085937,0.4442642211914063,96.284,/network/scratch/l/lia/skae/allen_cahn_rebuttal_v2_20260719/confirmation_data/allen_cahn_4_grid16_dt0p1_t20_validation_seed20260724.pt,/network/scratch/l/lia/skae/allen_cahn_rebuttal_v2_20260719/global_confirmation/signed/seed_72/model/checkpoint.pt,3499,/network/scratch/l/lia/skae/allen_cahn_rebuttal_v2_20260719/global_confirmation/signed/seed_72/fresh_validation_evaluation.json,cccb1c1e12242a174ba0f5043571e4b456a5a03f0e72dd98d52f9cdb07fffd19
sparse,signed,72,120,12.0,0.045495408773422244,0.047678759321570396,0.3859790007273356,0.5871453583240509,0.012982204059759776,0.90234375,0.5557357788085937,0.4442642211914063,96.284,/network/scratch/l/lia/skae/allen_cahn_rebuttal_v2_20260719/confirmation_data/allen_cahn_4_grid16_dt0p1_t20_validation_seed20260724.pt,/network/scratch/l/lia/skae/allen_cahn_rebuttal_v2_20260719/global_confirmation/signed/seed_72/model/checkpoint.pt,3499,/network/scratch/l/lia/skae/allen_cahn_rebuttal_v2_20260719/global_confirmation/signed/seed_72/fresh_validation_evaluation.json,cccb1c1e12242a174ba0f5043571e4b456a5a03f0e72dd98d52f9cdb07fffd19
sparse,signed,72,160,16.0,0.047129227221012114,0.056180261075496674,0.4403205871582031,0.6145828068256378,0.011937039531767368,0.8984375,0.5557357788085937,0.4442642211914063,96.284,/network/scratch/l/lia/skae/allen_cahn_rebuttal_v2_20260719/confirmation_data/allen_cahn_4_grid16_dt0p1_t20_validation_seed20260724.pt,/network/scratch/l/lia/skae/allen_cahn_rebuttal_v2_20260719/global_confirmation/signed/seed_72/model/checkpoint.pt,3499,/network/scratch/l/lia/skae/allen_cahn_rebuttal_v2_20260719/global_confirmation/signed/seed_72/fresh_validation_evaluation.json,cccb1c1e12242a174ba0f5043571e4b456a5a03f0e72dd98d52f9cdb07fffd19
sparse,signed,72,200,20.0,0.04991410493850708,0.06582039408385754,0.4766591644287109,0.6284264922142029,0.011443251073360442,0.8828125,0.5557357788085937,0.4442642211914063,96.284,/network/scratch/l/lia/skae/allen_cahn_rebuttal_v2_20260719/confirmation_data/allen_cahn_4_grid16_dt0p1_t20_validation_seed20260724.pt,/network/scratch/l/lia/skae/allen_cahn_rebuttal_v2_20260719/global_confirmation/signed/seed_72/model/checkpoint.pt,3499,/network/scratch/l/lia/skae/allen_cahn_rebuttal_v2_20260719/global_confirmation/signed/seed_72/fresh_validation_evaluation.json,cccb1c1e12242a174ba0f5043571e4b456a5a03f0e72dd98d52f9cdb07fffd19
sparse,signed,73,80,8.0,0.040091291069984436,0.03674991801381111,0.2999469399452209,0.5162167251110077,0.014687471464276314,0.921875,0.575146484375,0.42485351562499996,96.473,/network/scratch/l/lia/skae/allen_cahn_rebuttal_v2_20260719/confirmation_data/allen_cahn_4_grid16_dt0p1_t20_validation_seed20260724.pt,/network/scratch/l/lia/skae/allen_cahn_rebuttal_v2_20260719/global_confirmation/signed/seed_73/model/checkpoint.pt,3250,/network/scratch/l/lia/skae/allen_cahn_rebuttal_v2_20260719/global_confirmation/signed/seed_73/fresh_validation_evaluation.json,2da7cd065b64f7aa176127e0fd6f398a676468edb360404d07bfe98f8b3b1172
sparse,signed,73,120,12.0,0.0400251825650533,0.043056173250079155,0.3859790007273356,0.5871453583240509,0.012641417483488718,0.921875,0.575146484375,0.42485351562499996,96.473,/network/scratch/l/lia/skae/allen_cahn_rebuttal_v2_20260719/confirmation_data/allen_cahn_4_grid16_dt0p1_t20_validation_seed20260724.pt,/network/scratch/l/lia/skae/allen_cahn_rebuttal_v2_20260719/global_confirmation/signed/seed_73/model/checkpoint.pt,3250,/network/scratch/l/lia/skae/allen_cahn_rebuttal_v2_20260719/global_confirmation/signed/seed_73/fresh_validation_evaluation.json,2da7cd065b64f7aa176127e0fd6f398a676468edb360404d07bfe98f8b3b1172
sparse,signed,73,160,16.0,0.04172852039337158,0.0504353865981102,0.4403205871582031,0.6145828068256378,0.011623082682490349,0.9140625,0.575146484375,0.42485351562499996,96.473,/network/scratch/l/lia/skae/allen_cahn_rebuttal_v2_20260719/confirmation_data/allen_cahn_4_grid16_dt0p1_t20_validation_seed20260724.pt,/network/scratch/l/lia/skae/allen_cahn_rebuttal_v2_20260719/global_confirmation/signed/seed_73/model/checkpoint.pt,3250,/network/scratch/l/lia/skae/allen_cahn_rebuttal_v2_20260719/global_confirmation/signed/seed_73/fresh_validation_evaluation.json,2da7cd065b64f7aa176127e0fd6f398a676468edb360404d07bfe98f8b3b1172
sparse,signed,73,200,20.0,0.04420548439025879,0.057581789791584015,0.4766591644287109,0.6284264922142029,0.011105153262615203,0.91796875,0.575146484375,0.42485351562499996,96.473,/network/scratch/l/lia/skae/allen_cahn_rebuttal_v2_20260719/confirmation_data/allen_cahn_4_grid16_dt0p1_t20_validation_seed20260724.pt,/network/scratch/l/lia/skae/allen_cahn_rebuttal_v2_20260719/global_confirmation/signed/seed_73/model/checkpoint.pt,3250,/network/scratch/l/lia/skae/allen_cahn_rebuttal_v2_20260719/global_confirmation/signed/seed_73/fresh_validation_evaluation.json,2da7cd065b64f7aa176127e0fd6f398a676468edb360404d07bfe98f8b3b1172
