model,seed,horizon,physical_time,field_mse,final_field_mse,relative_rmse,final_relative_rmse,persistence_field_mse,persistence_final_field_mse,pixel_basin_mean_iou,same_horizon_modal_basin_consistency
direct,11,1,0.1,0.0010486444225534797,0.0010486444225534797,0.5655852673529965,0.5655852673529965,0.0032781745539978147,0.0032781745539978147,0.9896178342678296,0.98046875
direct,11,5,0.5,0.002793306577950716,0.003607685794122517,0.3931845183331198,0.3273978068964106,0.018068653345108033,0.03365713730454445,0.9653999862015812,0.98046875
direct,11,10,1.0,0.0029768080450594423,0.002921906649135053,0.28216330966967895,0.20163615073059718,0.03738950788974762,0.07186700403690338,0.957455546889726,0.96875
direct,11,20,2.0,0.002974395360797644,0.003122239257209003,0.1979145552551457,0.14430901393973383,0.07593521475791931,0.1499267965555191,0.9562587272217294,0.96875
direct,11,40,4.0,0.003594807721674442,0.005502202548086643,0.15274878195163724,0.1346839184182365,0.15407073497772217,0.30332282185554504,0.9527337121495045,0.9609375
direct,11,80,8.0,0.005974607728421688,0.01102855708450079,0.14501876896229016,0.1499084047533598,0.2840932846069336,0.4907572567462921,0.9510579408945227,0.96875
direct,11,120,12.0,0.00818634033203125,0.014680097810924053,0.14930263888883533,0.1615406024349659,0.3672441005706787,0.562555730342865,0.9474317774645655,0.95703125
direct,11,160,16.0,0.010580312460660934,0.021127319894731045,0.15864975376864393,0.18889333373814726,0.4203583598136902,0.5921219289302826,0.940050197460516,0.9609375
direct,11,200,20.0,0.0137034672498703,0.03122759237885475,0.17325801276568337,0.22646491911824648,0.45650318145751956,0.6088868975639343,0.9291353657160191,0.95703125
direct,12,1,0.1,0.0012329988530837,0.0012329988530837,0.6132891746277274,0.6132891746277274,0.0032781745539978147,0.0032781745539978147,0.9891420273370375,0.984375
direct,12,5,0.5,0.0036496326327323915,0.00503902230411768,0.4494296108047346,0.38693191530281434,0.018068653345108033,0.03365713730454445,0.9615818797200382,0.97265625
direct,12,10,1.0,0.0042065057903528215,0.0044947476126253605,0.3354176184149366,0.25008513891520107,0.03738950788974762,0.07186700403690338,0.9497186825886961,0.98046875
direct,12,20,2.0,0.004342899471521377,0.004744065459817648,0.23914883825920474,0.17788351625206344,0.07593521475791931,0.1499267965555191,0.94057311553143,0.97265625
direct,12,40,4.0,0.0053920488804578785,0.00830030394718051,0.1870754648792041,0.16542245209608292,0.15407073497772217,0.30332282185554504,0.9336542929345724,0.953125
direct,12,80,8.0,0.009310871735215187,0.01784716732800007,0.18103589273354856,0.19070025889206837,0.2840932846069336,0.4907572567462921,0.9253701340665085,0.94921875
direct,12,120,12.0,0.013558875521024067,0.026628215797245502,0.19214736042569705,0.2175646124701554,0.3672441005706787,0.562555730342865,0.9169800081455938,0.96484375
direct,12,160,16.0,0.01824987828731537,0.038083601742982864,0.20836277932211886,0.25360828362011945,0.4203583598136902,0.5921219289302826,0.9027631844418282,0.96484375
direct,12,200,20.0,0.023671880960464478,0.052580393850803375,0.2277164893734742,0.29386211707380544,0.45650318145751956,0.6088868975639343,0.8861716755945697,0.9453125
direct,13,1,0.1,0.0009318991797044873,0.0009318991797044873,0.5331733422309906,0.5331733422309906,0.0032781745539978147,0.0032781745539978147,0.9896578527656646,0.98046875
direct,13,5,0.5,0.0023151755332946776,0.0028762510046362877,0.35795552424517924,0.2923309544021062,0.018068653345108033,0.03365713730454445,0.966616323942606,0.98046875
direct,13,10,1.0,0.0024142857640981675,0.0023632077500224113,0.2541086577744646,0.18133689739274678,0.03738950788974762,0.07186700403690338,0.9588248540839337,0.9765625
direct,13,20,2.0,0.0024837275967001917,0.002827596734277904,0.18085493697420932,0.1373311651976662,0.07593521475791931,0.1499267965555191,0.9562885229379168,0.9609375
direct,13,40,4.0,0.003269095905125141,0.00544709200039506,0.14566451046495535,0.13400771791247,0.15407073497772217,0.30332282185554504,0.9520788012391872,0.9296875
direct,13,80,8.0,0.005542891100049019,0.009745982009917498,0.13968111370665648,0.14092220748988202,0.2840932846069336,0.4907572567462921,0.9531398888768787,0.96484375
direct,13,120,12.0,0.0074223322172959644,0.012899138499051332,0.1421650298473416,0.15142499795671405,0.3672441005706787,0.562555730342865,0.9520507191936629,0.94921875
direct,13,160,16.0,0.009453047066926956,0.018040919676423073,0.14996021891008138,0.17455157177183017,0.4203583598136902,0.5921219289302826,0.9444108949751446,0.95703125
direct,13,200,20.0,0.011749686598777771,0.023434125818312168,0.1604320884735868,0.19618060264596854,0.45650318145751956,0.6088868975639343,0.936974014963063,0.953125
direct,14,1,0.1,0.0008575152605772018,0.0008575152605772018,0.5114520119443221,0.5114520119443221,0.0032781745539978147,0.0032781745539978147,0.9891444788565676,0.9921875
direct,14,5,0.5,0.0020621578209102155,0.002532979706302285,0.3378298784110539,0.27433250422555366,0.018068653345108033,0.03365713730454445,0.9704601341134873,0.9765625
direct,14,10,1.0,0.002171399537473917,0.0021960713202133775,0.24098776611846404,0.17480685117755443,0.03738950788974762,0.07186700403690338,0.965960958605895,0.98046875
direct,14,20,2.0,0.0023086704313755035,0.002787898643873632,0.17436501744341762,0.13636372603540747,0.07593521475791931,0.1499267965555191,0.9600757708084867,0.96484375
direct,14,40,4.0,0.00322898980230093,0.005543836858123541,0.1447682339340313,0.1351925242170266,0.1540707230567932,0.30332282185554504,0.953966846879441,0.96484375
direct,14,80,8.0,0.006082136556506157,0.012351741082966328,0.14631795023034433,0.15864658377245913,0.28409327268600465,0.4907572567462921,0.9455093493005633,0.9609375
direct,14,120,12.0,0.009227806826432546,0.018476217985153198,0.15851553589136844,0.1812273592966752,0.3672441005706787,0.562555730342865,0.9437207248153134,0.96484375
direct,14,160,16.0,0.012589482963085175,0.026882953010499477,0.1730589653139098,0.21307520445431485,0.4203583598136902,0.5921219289302826,0.9356834255943212,0.9453125
direct,14,200,20.0,0.016570781469345094,0.03800345957279205,0.1905239521014347,0.24982923172956717,0.45650320053100585,0.6088868975639343,0.9255789631483455,0.953125
direct,15,1,0.1,0.0008312021964229643,0.0008312021964229643,0.5035438587396046,0.5035438587396046,0.0032781745539978147,0.0032781745539978147,0.9889277788669539,0.9765625
direct,15,5,0.5,0.00195564990863204,0.002365464926697314,0.32898997407952524,0.26510606855205926,0.018068653345108033,0.03365713730454445,0.9667528021834213,0.9765625
direct,15,10,1.0,0.002033462468534708,0.002046624547801912,0.23320787194652598,0.16875409457786728,0.03738950788974762,0.07186700403690338,0.9613556981771334,0.9765625
direct,15,20,2.0,0.002232799865305424,0.0028380221920087934,0.1714759769600667,0.1375841049021815,0.07593521475791931,0.1499267965555191,0.955785760083491,0.9765625
direct,15,40,4.0,0.0031250882893800735,0.005064281402155757,0.14242003408280168,0.12921304796554775,0.1540707230567932,0.30332282185554504,0.952412632990699,0.95703125
direct,15,80,8.0,0.005231182649731636,0.009291543625295162,0.13569675651428537,0.1375975084834832,0.28409327268600465,0.4907572567462921,0.9512899069792826,0.95703125
direct,15,120,12.0,0.007411045332749684,0.014013740699738264,0.1420568959946159,0.15783171014778205,0.3672441005706787,0.562555730342865,0.948500445010284,0.94140625
direct,15,160,16.0,0.009574487060308456,0.018349742516875267,0.15092038828371004,0.1760392115181555,0.4203583598136902,0.5921219289302826,0.9431267329771279,0.95703125
direct,15,200,20.0,0.012084659337997437,0.02580913994461298,0.16270289961738915,0.2058820348075137,0.45650320053100585,0.6088868975639343,0.9326539791168569,0.9609375
direct,16,1,0.1,0.0012092754477635026,0.0012092754477635026,0.6073605507842061,0.6073605507842061,0.0032781745539978147,0.0032781745539978147,0.9888154944263788,0.9765625
direct,16,5,0.5,0.0036246562376618385,0.005057731876149774,0.4478891266595364,0.3876495766621159,0.018068653345108033,0.03365713730454445,0.9599997663678588,0.9765625
direct,16,10,1.0,0.004242728091776371,0.004606198985129595,0.33685866658945135,0.25316669808905495,0.03738950788974762,0.07186700403690338,0.9485064156447411,0.9921875
direct,16,20,2.0,0.004372508265078068,0.004652803065255284,0.23996268171016025,0.17616421976244934,0.07593521475791931,0.1499267965555191,0.9428884677452585,0.95703125
direct,16,40,4.0,0.005346366576850415,0.008245556615293026,0.18628131977829535,0.16487600096233926,0.1540707230567932,0.30332282185554504,0.9368903525221217,0.96484375
direct,16,80,8.0,0.008669612929224968,0.015209369361400604,0.17469053670896195,0.17604440961833825,0.28409327268600465,0.4907572567462921,0.9356985345260767,0.96875
direct,16,120,12.0,0.01162242442369461,0.020122605375945568,0.17789795322494245,0.18912952365040514,0.3672441005706787,0.562555730342865,0.9307925999960172,0.96875
direct,16,160,16.0,0.014744222909212113,0.02793527953326702,0.18728418251123602,0.21720556001740685,0.4203583598136902,0.5921219289302826,0.9209970449886281,0.9609375
direct,16,200,20.0,0.018297621607780458,0.03717460669577122,0.20020522506633945,0.24708983356191855,0.45650320053100585,0.6088868975639343,0.911430809003683,0.94921875
direct,17,1,0.1,0.0015406487509608269,0.0015406487509608269,0.6855447047905788,0.6855447047905788,0.0032781745539978147,0.0032781745539978147,0.989631716929846,0.96875
direct,17,5,0.5,0.00527242012321949,0.00787430489435792,0.5401844914378034,0.4836904649140472,0.018068653345108033,0.03365713730454445,0.9556763080809318,0.97265625
direct,17,10,1.0,0.006697827577590942,0.007853299379348755,0.4232452639121389,0.3305683778102789,0.03738950788974762,0.07186700403690338,0.93804481580847,0.9765625
direct,17,20,2.0,0.00694800429046154,0.0069752035196870565,0.30248819207524585,0.21569437083132276,0.07593521475791931,0.1499267965555191,0.9274502106338587,0.97265625
direct,17,40,4.0,0.007621968537569046,0.01019725576043129,0.22241983564925807,0.1833534610304518,0.1540707230567932,0.30332282185554504,0.9227869122171242,0.94140625
direct,17,80,8.0,0.011291982606053352,0.01926335785537958,0.19936762044101752,0.19812196705166052,0.28409327268600465,0.4907572567462921,0.91817683633582,0.9375
direct,17,120,12.0,0.01516005645195643,0.027171187102794647,0.20317627568990462,0.2197715798124701,0.3672441005706787,0.562555730342865,0.9096660013233818,0.93359375
direct,17,160,16.0,0.019715118408203124,0.03912130929529667,0.2165657882422058,0.2570402399394298,0.4203583598136902,0.5921219289302826,0.8946722979954709,0.9296875
direct,17,200,20.0,0.02503625988960266,0.05325792729854584,0.23418701563866307,0.2957493616297587,0.45650320053100585,0.6088868975639343,0.8801657948037549,0.93359375
direct,18,1,0.1,0.0008210400119423866,0.0008210400119423866,0.5004562572853795,0.5004562572853795,0.0032781745539978147,0.0032781745539978147,0.9895432363790417,0.984375
direct,18,5,0.5,0.0019095213152468204,0.0023004289250820875,0.3250868200986782,0.26143626033519707,0.018068653345108033,0.03365713730454445,0.9702949867916094,0.9765625
direct,18,10,1.0,0.001990691851824522,0.0020063252886757255,0.23074226151222074,0.16708439996081675,0.03738950788974762,0.07186700403690338,0.9646793485276708,0.9765625
direct,18,20,2.0,0.0021081510931253433,0.002539422712288797,0.16662081491356653,0.13014511423756128,0.07593521475791931,0.1499267965555191,0.9605809189818327,0.95703125
direct,18,40,4.0,0.0029960088431835175,0.005305987782776356,0.13944774159122142,0.1322606275510757,0.1540707230567932,0.30332282185554504,0.9523951175347858,0.9453125
direct,18,80,8.0,0.006103972159326077,0.012859184294939041,0.14658036444921918,0.1618726010401992,0.28409327268600465,0.4907572567462921,0.9438436213439271,0.94140625
direct,18,120,12.0,0.009334079424540202,0.01939093042165041,0.15942569980467447,0.18565923112795576,0.3672441005706787,0.562555730342865,0.9366573501773416,0.93359375
direct,18,160,16.0,0.013163263350725174,0.03011481836438179,0.17695870875441572,0.22551973441900783,0.4203583598136902,0.5921219289302826,0.9229261719228194,0.921875
direct,18,200,20.0,0.017833656668663024,0.04254390858113766,0.1976506684010697,0.2643323877546145,0.45650320053100585,0.6088868975639343,0.9077015224951919,0.91796875
direct,19,1,0.1,0.0009661315707489848,0.0009661315707489848,0.5428778215344098,0.5428778215344098,0.0032781745539978147,0.0032781745539978147,0.9898342629833241,0.9609375
direct,19,5,0.5,0.0024645190685987474,0.0031136792385950685,0.3693203159745915,0.3041573727703477,0.018068653345108033,0.03365713730454445,0.9640262081620676,0.9765625
direct,19,10,1.0,0.002586663048714399,0.0025074471486732364,0.2630238042981148,0.18678892541965678,0.03738950788974762,0.07186700403690338,0.9562321324282401,0.96875
direct,19,20,2.0,0.002650872524827719,0.0030782895628362894,0.18684126937611836,0.14328974311590947,0.07593521475791931,0.1499267965555191,0.9488479965271335,0.94921875
direct,19,40,4.0,0.0036561399698257445,0.0062482343055307865,0.15404632061397047,0.14352452217431227,0.15407073497772217,0.30332282185554504,0.9443813067525209,0.95703125
direct,19,80,8.0,0.006499496102333069,0.011932400520890951,0.15125486761848086,0.15593031137015828,0.2840932846069336,0.4907572567462921,0.943167542382072,0.96484375
direct,19,120,12.0,0.009214871128400167,0.01763179711997509,0.15840439202705964,0.1770376000348995,0.3672441005706787,0.562555730342865,0.9373153797714479,0.94921875
direct,19,160,16.0,0.012265701219439507,0.02508072927594185,0.1708190673485706,0.205809068754849,0.4203583598136902,0.5921219289302826,0.9286439211001738,0.9375
direct,19,200,20.0,0.015857104063034057,0.035275284200906754,0.18637602024969924,0.24069493219180596,0.45650318145751956,0.6088868975639343,0.9165101846391658,0.94140625
direct,20,1,0.1,0.0008815207402221859,0.0008815207402221859,0.518561452237152,0.518561452237152,0.0032781745539978147,0.0032781745539978147,0.9888739878630011,0.9765625
direct,20,5,0.5,0.002217402961105108,0.002811452141031623,0.35031555258359015,0.28901924370903287,0.018068653345108033,0.03365713730454445,0.968486989141623,0.9765625
direct,20,10,1.0,0.0023851289413869383,0.0024252369767054915,0.25256958842834,0.18370133832762517,0.03738950788974762,0.07186700403690338,0.9627727710850881,0.98828125
direct,20,20,2.0,0.002473656088113785,0.002767082303762436,0.1804878813573664,0.1358536801811811,0.07593521475791931,0.1499267965555191,0.9596211124373799,0.9765625
direct,20,40,4.0,0.003169710375368595,0.0051192049868404865,0.1434332085530591,0.1299118347265109,0.15407073497772217,0.30332282185554504,0.9523772088621488,0.95703125
direct,20,80,8.0,0.005278638564050198,0.009379623923450708,0.13631086668880366,0.13824815615992775,0.2840932846069336,0.4907572567462921,0.9534466119586976,0.96484375
direct,20,120,12.0,0.0072807841002941135,0.01391245611011982,0.14080292035471823,0.15726030991179346,0.3672441005706787,0.562555730342865,0.9510148961759035,0.9453125
direct,20,160,16.0,0.009550828114151954,0.018991156481206417,0.15073380774772824,0.1790895039351164,0.4203583598136902,0.5921219289302826,0.9467203142263918,0.95703125
direct,20,200,20.0,0.012160454392433167,0.026316432282328606,0.1632123422458142,0.2078955490901369,0.45650318145751956,0.6088868975639343,0.9375722159631354,0.9609375
dense,11,1,0.1,0.05819007754325867,0.05819007754325867,4.213164639263825,4.213164639263825,0.0032781745539978147,0.0032781745539978147,0.7589531755909908,0.86328125
dense,11,5,0.5,0.03948805779218674,0.026889817789196968,1.4783252469827335,0.8938308550992785,0.018068653345108033,0.03365713730454445,0.7896048597962317,0.87890625
dense,11,10,1.0,0.030222594738006592,0.01865321584045887,0.8990648096455929,0.5094623417606741,0.03738950788974762,0.07186700403690338,0.8231790100373759,0.90234375
dense,11,20,2.0,0.024182917177677156,0.019132266752421856,0.564329471563565,0.357226429563691,0.07593521475791931,0.1499267965555191,0.8478711714351711,0.89453125
dense,11,40,4.0,0.024032708257436752,0.02818587888032198,0.3949492378115355,0.30483388907891684,0.15407073497772217,0.30332282185554504,0.8489714869991599,0.8984375
dense,11,80,8.0,0.030005577206611633,0.042623935267329216,0.3249903823233667,0.2947090053743083,0.2840932846069336,0.4907572567462921,0.8491182514688875,0.89453125
dense,11,120,12.0,0.036683811744054155,0.05803048610687256,0.31605292503349297,0.3211776586624126,0.3672441005706787,0.562555730342865,0.8372448949297848,0.88671875
dense,11,160,16.0,0.04437978863716126,0.07643010467290878,0.32492473272066225,0.359274715834454,0.4203583598136902,0.5921219289302826,0.8185652283982903,0.890625
dense,11,200,20.0,0.052626299858093264,0.09413521736860275,0.3395310634313523,0.3931947863070832,0.45650318145751956,0.6088868975639343,0.8026044437701434,0.88671875
dense,12,1,0.1,0.06192410923540592,0.06192410923540592,4.346241422607526,4.346241422607526,0.0032781745539978147,0.0032781745539978147,0.7430712019087522,0.88671875
dense,12,5,0.5,0.04214722216129303,0.028687319718301296,1.5272902710976415,0.9232225412101563,0.018068653345108033,0.03365713730454445,0.7756531472653849,0.8984375
dense,12,10,1.0,0.032180707156658175,0.01972336880862713,0.9277328122389652,0.5238727126074528,0.03738950788974762,0.07186700403690338,0.8115915066586532,0.90625
dense,12,20,2.0,0.025768208503723144,0.02071650791913271,0.582532956247583,0.37172232456588816,0.07593521475791931,0.1499267965555191,0.836626975493131,0.91796875
dense,12,40,4.0,0.02578788250684738,0.029939545318484306,0.409117224376236,0.3141738662066435,0.15407073497772217,0.30332282185554504,0.8475573541358892,0.90234375
dense,12,80,8.0,0.03220608681440353,0.04588424228131771,0.33669641764318087,0.30577249507438403,0.2840932846069336,0.4907572567462921,0.8495169971202426,0.89453125
dense,12,120,12.0,0.039406128724416095,0.062057461589574814,0.3275702648463389,0.33213468160670045,0.3672441005706787,0.562555730342865,0.8374830295848321,0.89453125
dense,12,160,16.0,0.04739188700914383,0.08017005026340485,0.3357702053606517,0.3679599111475077,0.4203583598136902,0.5921219289302826,0.8166410634042969,0.87890625
dense,12,200,20.0,0.055945899486541745,0.09999800100922585,0.3500759097432006,0.405254032346099,0.45650318145751956,0.6088868975639343,0.7929360280619984,0.8671875
dense,13,1,0.1,0.05626269429922104,0.05626269429922104,4.142802459856779,4.142802459856779,0.0032781745539978147,0.0032781745539978147,0.7606922979882734,0.91015625
dense,13,5,0.5,0.03781089037656784,0.025522262789309025,1.4465903352846954,0.8708051740195476,0.018068653345108033,0.03365713730454445,0.7949714182310508,0.9453125
dense,13,10,1.0,0.0290948286652565,0.01865846198052168,0.8821308843467972,0.5095339788158784,0.03738950788974762,0.07186700403690338,0.8249756023501814,0.93359375
dense,13,20,2.0,0.024310076981782912,0.021255756728351116,0.565811218755328,0.3765291940041655,0.07593521475791931,0.1499267965555191,0.8442010224867618,0.91015625
dense,13,40,4.0,0.02527243196964264,0.03048237506300211,0.4050078499732306,0.3170091936069162,0.15407073497772217,0.30332282185554504,0.8461857355450093,0.89453125
dense,13,80,8.0,0.03237262964248657,0.04691446013748646,0.33756585062279426,0.3091861250951698,0.2840932846069336,0.4907572567462921,0.8445613446358082,0.88671875
dense,13,120,12.0,0.03969260851542155,0.061858369037508965,0.32875881501031623,0.3316014768890117,0.3672441005706787,0.562555730342865,0.836216668662201,0.87890625
dense,13,160,16.0,0.047345851361751554,0.0781404972076416,0.33560708509534565,0.36327249150137303,0.4203583598136902,0.5921219289302826,0.8206575214516807,0.89453125
dense,13,200,20.0,0.05514708042144775,0.09415916353464127,0.34756765860429695,0.393244793675193,0.45650318145751956,0.6088868975639343,0.8046718140270248,0.875
dense,14,1,0.1,0.05555148795247078,0.05555148795247078,4.116534984185849,4.116534984185849,0.0032781745539978147,0.0032781745539978147,0.7689477560859364,0.90625
dense,14,5,0.5,0.03736424744129181,0.025176615454256535,1.438020995211783,0.8648884273373787,0.018068653345108033,0.03365713730454445,0.7974873711498653,0.93359375
dense,14,10,1.0,0.02848915010690689,0.017563337460160255,0.8729007611315895,0.49435479696150114,0.03738950788974762,0.07186700403690338,0.8232376314755525,0.921875
dense,14,20,2.0,0.022987750172615052,0.018563776277005672,0.5502076463146514,0.3518791482837955,0.07593521475791931,0.1499267965555191,0.8458574568500465,0.92578125
dense,14,40,4.0,0.022771263122558595,0.02641205955296755,0.3844443657390515,0.2950859895964449,0.1540707230567932,0.30332282185554504,0.8530489541226264,0.9296875
dense,14,80,8.0,0.02867506891489029,0.042839374393224716,0.31770332515182254,0.2954528576683767,0.28409327268600465,0.4907572567462921,0.8503836665980433,0.89453125
dense,14,120,12.0,0.03687371810277303,0.06441526114940643,0.3168699472919363,0.33838539439087667,0.3672441005706787,0.562555730342865,0.831522339041666,0.87890625
dense,14,160,16.0,0.0467964768409729,0.08731091022491455,0.3336543062899134,0.3839977549615863,0.4203583598136902,0.5921219289302826,0.8104974400330556,0.8828125
dense,14,200,20.0,0.056869442462921145,0.10593001171946526,0.35295356424988095,0.41710096613498515,0.45650320053100585,0.6088868975639343,0.795652216288238,0.87890625
dense,15,1,0.1,0.05864380858838558,0.05864380858838558,4.229558599138766,4.229558599138766,0.0032781745539978147,0.0032781745539978147,0.7522370731244239,0.89453125
dense,15,5,0.5,0.03960814476013184,0.02677228394895792,1.4805714049567527,0.8918752743090943,0.018068653345108033,0.03365713730454445,0.7850187783304117,0.89453125
dense,15,10,1.0,0.030230845510959625,0.018645362928509712,0.8991875236857084,0.5093550899036885,0.03738950788974762,0.07186700403690338,0.8194919761955417,0.90234375
dense,15,20,2.0,0.024386516958475112,0.019767732359468937,0.5667000816482828,0.36311048986132316,0.07593521475791931,0.1499267965555191,0.8421674858481042,0.93359375
dense,15,40,4.0,0.024241069704294203,0.027698365040123463,0.3966576456585838,0.3021861276607758,0.1540707230567932,0.30332282185554504,0.8517293701348159,0.93359375
dense,15,80,8.0,0.029803410172462463,0.04278425872325897,0.32389370323452904,0.29526273674070413,0.28409327268600465,0.4907572567462921,0.8509792731122892,0.89453125
dense,15,120,12.0,0.037231858571370444,0.0625571645796299,0.31840504777386647,0.3334692183553444,0.3672441005706787,0.562555730342865,0.8327057075860778,0.87890625
dense,15,160,16.0,0.046726074814796445,0.0873245932161808,0.33340323204046,0.3840278430231732,0.4203583598136902,0.5921219289302826,0.8060645793476766,0.87890625
dense,15,200,20.0,0.05732507467269898,0.11138581484556198,0.354364657598227,0.4277072665541702,0.45650320053100585,0.6088868975639343,0.7815962572868447,0.86328125
dense,16,1,0.1,0.05413316562771797,0.05413316562771797,4.063644194975134,4.063644194975134,0.0032781745539978147,0.0032781745539978147,0.7691091947891933,0.8984375
dense,16,5,0.5,0.03618430942296982,0.024159596301615238,1.415132976515265,0.8472396054923977,0.018068653345108033,0.03365713730454445,0.7987547781077429,0.91796875
dense,16,10,1.0,0.027448078989982604,0.016689127311110497,0.8568032454354847,0.4818945820532425,0.03738950788974762,0.07186700403690338,0.8317122844861341,0.9140625
dense,16,20,2.0,0.022010312974452974,0.01766010746359825,0.5383831959985449,0.34320771368246045,0.07593521475791931,0.1499267965555191,0.8553868728180123,0.90625
dense,16,40,4.0,0.021982014924287797,0.02547849714756012,0.37772322482277454,0.28982400925623775,0.1540707230567932,0.30332282185554504,0.860544299941252,0.91015625
dense,16,80,8.0,0.027792099118232726,0.04155914485454559,0.3127736801373,0.2910046550732115,0.28409327268600465,0.4907572567462921,0.8543667643560264,0.890625
dense,16,120,12.0,0.03547163804372152,0.060880670323967934,0.3107872603626007,0.3289704859390537,0.3672441005706787,0.562555730342865,0.83819468962481,0.8828125
dense,16,160,16.0,0.04493377357721329,0.08504831418395042,0.3269464317354835,0.3789895909584838,0.4203583598136902,0.5921219289302826,0.813654553639541,0.859375
dense,16,200,20.0,0.05525481939315796,0.10697944834828377,0.34790700121809975,0.4191619602224482,0.45650320053100585,0.6088868975639343,0.793000154717729,0.86328125
dense,17,1,0.1,0.0546242780983448,0.0546242780983448,4.082035880746688,4.082035880746688,0.0032781745539978147,0.0032781745539978147,0.7667944602470982,0.90234375
dense,17,5,0.5,0.036460840702056886,0.02434075903147459,1.4205301185270154,0.8504102209194284,0.018068653345108033,0.03365713730454445,0.7978016834132,0.91796875
dense,17,10,1.0,0.027784983813762664,0.01727439370006323,0.8620455206033115,0.49027148693831285,0.03738950788974762,0.07186700403690338,0.8278807082089783,0.9140625
dense,17,20,2.0,0.022789937257766724,0.019415774382650852,0.547835223341532,0.3598634403292556,0.07593521475791931,0.1499267965555191,0.8492944158153767,0.8984375
dense,17,40,4.0,0.023394917696714403,0.027775557711720467,0.3896733458168573,0.3026069164848253,0.1540707230567932,0.30332282185554504,0.8541502205910714,0.88671875
dense,17,80,8.0,0.0298173725605011,0.044003527611494064,0.323969563681491,0.2994403914229385,0.28409327268600465,0.4907572567462921,0.8535204366321754,0.91015625
dense,17,120,12.0,0.0379850447177887,0.064601955935359,0.32160952825340294,0.33887541087907014,0.3672441005706787,0.562555730342865,0.8351592659053279,0.89453125
dense,17,160,16.0,0.047321084141731265,0.08482003211975098,0.3355192934346433,0.37848061755465723,0.4203583598136902,0.5921219289302826,0.8184618317172913,0.8671875
dense,17,200,20.0,0.05673787355422974,0.1037309318780899,0.3525450442866173,0.41274880576742334,0.45650320053100585,0.6088868975639343,0.7994621158159467,0.85546875
dense,18,1,0.1,0.0574604794383049,0.0574604794383049,4.1866686000249524,4.1866686000249524,0.0032781745539978147,0.0032781745539978147,0.7569882008303983,0.87890625
dense,18,5,0.5,0.03915410190820694,0.026833226904273033,1.4720607749882628,0.8928898052024965,0.018068653345108033,0.03365713730454445,0.7871153846980798,0.8828125
dense,18,10,1.0,0.03011425882577896,0.018903075717389584,0.897451969155641,0.5128631160259278,0.03738950788974762,0.07186700403690338,0.8198931468562212,0.890625
dense,18,20,2.0,0.024436340481042863,0.020070607773959637,0.5672786921055374,0.3658816518485856,0.07593521475791931,0.1499267965555191,0.843007945816106,0.8984375
dense,18,40,4.0,0.024637316167354584,0.028824694454669952,0.39988640354891225,0.30826897074247983,0.1540707230567932,0.30332282185554504,0.8477995509220673,0.90234375
dense,18,80,8.0,0.03109958618879318,0.04590245708823204,0.330861954012713,0.3058331807700208,0.28409327268600465,0.4907572567462921,0.846759771029526,0.875
dense,18,120,12.0,0.03908341924349467,0.06434857100248337,0.3262262182769782,0.33821018113179996,0.3672441005706787,0.562555730342865,0.8308880218155762,0.87109375
dense,18,160,16.0,0.047937265038490294,0.0837436392903328,0.3376966729545291,0.37607143090299405,0.4203583598136902,0.5921219289302826,0.812280626870141,0.86328125
dense,18,200,20.0,0.05689882755279541,0.1011064350605011,0.3530447400406607,0.4074938742772362,0.45650320053100585,0.6088868975639343,0.7947670281950908,0.84765625
dense,19,1,0.1,0.061521485447883606,0.061521485447883606,4.332088987438097,4.332088987438097,0.0032781745539978147,0.0032781745539978147,0.7451005031532459,0.9140625
dense,19,5,0.5,0.042243112623691556,0.029117422178387642,1.5290266769356295,0.9301176260441871,0.018068653345108033,0.03365713730454445,0.7751988345589493,0.921875
dense,19,10,1.0,0.032401430606842044,0.019879942759871483,0.930908977047066,0.5259479837190809,0.03738950788974762,0.07186700403690338,0.8093574641074833,0.9375
dense,19,20,2.0,0.025401589274406434,0.018679297529160976,0.5783740937091725,0.35297231153208236,0.07593521475791931,0.1499267965555191,0.839291973239551,0.92578125
dense,19,40,4.0,0.023823919892311095,0.02596990391612053,0.39322990004102665,0.29260559597559976,0.15407073497772217,0.30332282185554504,0.8492860887141709,0.9296875
dense,19,80,8.0,0.029417145252227783,0.042869824916124344,0.32178795105283103,0.29555784398033264,0.2840932846069336,0.4907572567462921,0.8458600444574882,0.87890625
dense,19,120,12.0,0.036213523149490355,0.05745839886367321,0.3140204815939066,0.31959058995970907,0.3672441005706787,0.562555730342865,0.8358794124935406,0.86328125
dense,19,160,16.0,0.0439032182097435,0.07608433440327644,0.32317542879352684,0.358461114080312,0.4203583598136902,0.5921219289302826,0.8171976060592956,0.84375
dense,19,200,20.0,0.05214407920837402,0.09310546889901161,0.33797190303760527,0.3910382867522154,0.45650318145751956,0.6088868975639343,0.7997599304043865,0.83203125
dense,20,1,0.1,0.05140352435410023,0.05140352435410023,3.959865278581949,3.959865278581949,0.0032781745539978147,0.0032781745539978147,0.7784739132302512,0.890625
dense,20,5,0.5,0.034037110209465024,0.022550055757164955,1.372503458602161,0.8185311711780241,0.018068653345108033,0.03365713730454445,0.8086231550308509,0.92578125
dense,20,10,1.0,0.02588472068309784,0.01606812048703432,0.8320450991901198,0.4728438769475618,0.03738950788974762,0.07186700403690338,0.8386516549398745,0.9375
dense,20,20,2.0,0.02117037624120712,0.017734184861183167,0.5280106415664872,0.34392677298497343,0.07593521475791931,0.1499267965555191,0.8593873116227488,0.9296875
dense,20,40,4.0,0.021363544464111327,0.024970105849206448,0.37237162267786067,0.28691790287592295,0.15407073497772217,0.30332282185554504,0.8602382541906481,0.91796875
dense,20,80,8.0,0.026875039935111998,0.03923674114048481,0.3075700725837954,0.2827568270377495,0.2840932846069336,0.4907572567462921,0.8564877684608765,0.89453125
dense,20,120,12.0,0.03340365389982859,0.05398884415626526,0.30159183078694135,0.3097913152172966,0.3672441005706787,0.562555730342865,0.8465790221333768,0.890625
dense,20,160,16.0,0.04075634181499481,0.0706610232591629,0.3113778772133987,0.34544935688698236,0.4203583598136902,0.5921219289302826,0.8310780552942753,0.87890625
dense,20,200,20.0,0.04840368986129761,0.08673427626490593,0.3256246924994059,0.37742187264081256,0.45650318145751956,0.6088868975639343,0.8144512865353166,0.89453125
sparse,11,1,0.1,0.03994566388428211,0.03994566388428211,3.4907503019835633,3.4907503019835633,0.0032781745539978147,0.0032781745539978147,0.8108417171653444,0.91015625
sparse,11,5,0.5,0.025716938078403473,0.016832715831696987,1.1930172868707243,0.7071939044026677,0.018068653345108033,0.03365713730454445,0.8318621660359051,0.91796875
sparse,11,10,1.0,0.019971898198127745,0.013685038313269615,0.7308610159417581,0.43637336894461154,0.03738950788974762,0.07186700403690338,0.8474680103844279,0.90625
sparse,11,20,2.0,0.017798417806625368,0.017822960391640663,0.4841379042852681,0.34478652963331013,0.07593521475791931,0.1499267965555191,0.8451259156741586,0.90234375
sparse,11,40,4.0,0.020762415230274202,0.02915823645889759,0.36709532942830103,0.31004739226959943,0.15407073497772217,0.30332282185554504,0.845647630373349,0.875
sparse,11,80,8.0,0.03288312554359436,0.061857353895902634,0.3402170396276276,0.3550277531328446,0.2840932846069336,0.4907572567462921,0.8335041605047776,0.86328125
sparse,11,120,12.0,0.04983698924382528,0.10695327445864677,0.36838207083154056,0.4360278869534793,0.3672441005706787,0.562555730342865,0.7950698043172391,0.87109375
sparse,11,160,16.0,0.0730737030506134,0.1853574514389038,0.41693726537690423,0.5594991771247808,0.4203583598136902,0.5921219289302826,0.7229707754628973,0.8671875
sparse,11,200,20.0,0.11084856986999511,0.35888753831386566,0.49276873252808406,0.7677341779132171,0.45650318145751956,0.6088868975639343,0.5799192497858545,0.84375
sparse,12,1,0.1,0.03757284954190254,0.03757284954190254,3.3854860551056296,3.3854860551056296,0.0032781745539978147,0.0032781745539978147,0.8160412870046134,0.88671875
sparse,12,5,0.5,0.023838873952627182,0.01526454882696271,1.1486295258152603,0.6734469633643039,0.018068653345108033,0.03365713730454445,0.8364661361200154,0.93359375
sparse,12,10,1.0,0.01826963499188423,0.012143886182457209,0.6990207388622675,0.41106838221829617,0.03738950788974762,0.07186700403690338,0.849002663625221,0.9296875
sparse,12,20,2.0,0.016093459725379945,0.015921220649033785,0.46036584560199006,0.32587312831902565,0.07593521475791931,0.1499267965555191,0.8497752868020482,0.9375
sparse,12,40,4.0,0.01852876916527748,0.02547503262758255,0.34678731903100807,0.2898043037139423,0.15407073497772217,0.30332282185554504,0.8524741136372458,0.89453125
sparse,12,80,8.0,0.028748705983161926,0.05277964100241661,0.31811098517667186,0.3279441218216931,0.2840932846069336,0.4907572567462921,0.8495124720374834,0.8828125
sparse,12,120,12.0,0.041171467304229735,0.07693719863891602,0.33482722116412844,0.36981575412982604,0.3672441005706787,0.562555730342865,0.8314833416099052,0.86328125
sparse,12,160,16.0,0.052811223268508914,0.0980466790497303,0.35444860316159316,0.4069217199541798,0.4203583598136902,0.5921219289302826,0.8067978486171696,0.8359375
sparse,12,200,20.0,0.0644423270225525,0.125733632594347,0.37571947165914066,0.45441997885932156,0.45650318145751956,0.6088868975639343,0.7786340527145746,0.83203125
sparse,13,1,0.1,0.039300018921494484,0.039300018921494484,3.4624247403600563,3.4624247403600563,0.0032781745539978147,0.0032781745539978147,0.8121864923171505,0.90234375
sparse,13,5,0.5,0.0251860111951828,0.01634688302874565,1.180638124522181,0.6969135207068492,0.018068653345108033,0.03365713730454445,0.8317709935091153,0.91015625
sparse,13,10,1.0,0.019414254277944566,0.01301431842148304,0.7205854392870177,0.4255454427574363,0.03738950788974762,0.07186700403690338,0.8450588506593864,0.91796875
sparse,13,20,2.0,0.017047572880983353,0.016730171628296375,0.4738159378886367,0.3340493009795593,0.07593521475791931,0.1499267965555191,0.8447236988956772,0.91015625
sparse,13,40,4.0,0.020299475640058517,0.031134333461523056,0.3629796960926461,0.32038136137460216,0.15407073497772217,0.30332282185554504,0.8402187176278055,0.8984375
sparse,13,80,8.0,0.03860031068325043,0.08158139511942863,0.3686081353804856,0.40772017210884776,0.2840932846069336,0.4907572567462921,0.811887520024156,0.84765625
sparse,13,120,12.0,0.05969025691350301,0.11889193579554558,0.40315709769459085,0.4597200261133327,0.3672441005706787,0.562555730342865,0.7825862160503192,0.82421875
sparse,13,160,16.0,0.0794678658246994,0.16034846752882004,0.43479639091987626,0.5203874738715037,0.4203583598136902,0.5921219289302826,0.7370494233793569,0.8046875
sparse,13,200,20.0,0.10188307285308838,0.22619116306304932,0.4724209115368722,0.6094940951760774,0.45650318145751956,0.6088868975639343,0.6759686352140662,0.78125
sparse,14,1,0.1,0.037356115877628326,0.037356115877628326,3.375707584728217,3.375707584728217,0.0032781745539978147,0.0032781745539978147,0.8171855172054194,0.9140625
sparse,14,5,0.5,0.02372794970870018,0.015277458354830742,1.1459540760206188,0.6737316768225907,0.018068653345108033,0.03365713730454445,0.8394972977714196,0.94140625
sparse,14,10,1.0,0.01830219477415085,0.012411595787853003,0.69964335205362,0.41557464389232096,0.03738950788974762,0.07186700403690338,0.8537392003875018,0.9375
sparse,14,20,2.0,0.016238871961832047,0.016190837137401104,0.46244098334122635,0.32862077937661494,0.07593521475791931,0.1499267965555191,0.8537225715355423,0.92578125
sparse,14,40,4.0,0.01897530034184456,0.02667270414531231,0.3509411290501031,0.296538427392468,0.1540707230567932,0.30332282185554504,0.8535317939474647,0.9296875
sparse,14,80,8.0,0.028674964606761933,0.04877893812954426,0.31770274731416404,0.31527011550888695,0.28409327268600465,0.4907572567462921,0.8498560711002441,0.8984375
sparse,14,120,12.0,0.03862200975418091,0.06721321120858192,0.32429482665572407,0.3456563550787969,0.3672441005706787,0.562555730342865,0.8375179580166996,0.8671875
sparse,14,160,16.0,0.04813484251499176,0.08640211075544357,0.3383918799965454,0.3819940545208665,0.4203583598136902,0.5921219289302826,0.8126797143994745,0.87109375
sparse,14,200,20.0,0.05858214855194092,0.11655168980360031,0.3582289948904064,0.4375130110275553,0.45650320053100585,0.6088868975639343,0.7758968081649256,0.85546875
sparse,15,1,0.1,0.04124530218541622,0.04124530218541622,3.5470818288900143,3.5470818288900143,0.0032781745539978147,0.0032781745539978147,0.7943426206024092,0.9453125
sparse,15,5,0.5,0.026681306958198547,0.01755334436893463,1.2151801220453644,0.7221731695480375,0.018068653345108033,0.03365713730454445,0.8172324651194263,0.9296875
sparse,15,10,1.0,0.020804151147603988,0.014457918237894773,0.7459335236944629,0.44852650480892925,0.03738950788974762,0.07186700403690338,0.8346897571703292,0.92578125
sparse,15,20,2.0,0.01884625032544136,0.019555306062102318,0.49818524984360335,0.3611542067704992,0.07593521475791931,0.1499267965555191,0.8378254814907071,0.9296875
sparse,15,40,4.0,0.022360847145318986,0.031361120752990246,0.3809641123092215,0.32154609784145777,0.1540707230567932,0.30332282185554504,0.8394623075746266,0.9140625
sparse,15,80,8.0,0.0332552507519722,0.055611373856663704,0.34213668137964043,0.3366266127243478,0.28409327268600465,0.4907572567462921,0.838647333250764,0.87109375
sparse,15,120,12.0,0.04481036067008972,0.08094678074121475,0.34931063300247595,0.3793298456526349,0.3672441005706787,0.562555730342865,0.8217536558640235,0.86328125
sparse,15,160,16.0,0.05850124061107635,0.12059316039085388,0.3730548526734941,0.4512900577670632,0.4203583598136902,0.5921219289302826,0.784450906287034,0.83984375
sparse,15,200,20.0,0.07843877792358399,0.20800626277923584,0.41451809730517575,0.5844803180909425,0.45650320053100585,0.6088868975639343,0.7055120211807766,0.8046875
sparse,16,1,0.1,0.03715277835726738,0.03715277835726738,3.3665076905244815,3.3665076905244815,0.0032781745539978147,0.0032781745539978147,0.8224236875141753,0.90625
sparse,16,5,0.5,0.02361658066511154,0.015199363231658936,1.1432615990758543,0.6720074839349505,0.018068653345108033,0.03365713730454445,0.8405417687748817,0.91796875
sparse,16,10,1.0,0.018122829496860504,0.01199326105415821,0.6962065866147106,0.40851111091008546,0.03738950788974762,0.07186700403690338,0.8565231059072004,0.921875
sparse,16,20,2.0,0.015613318979740142,0.014621769543737173,0.45344644713398763,0.31229162425690027,0.07593521475791931,0.1499267965555191,0.8586768777736895,0.91015625
sparse,16,40,4.0,0.017437192797660827,0.023792014457285404,0.3364172251690728,0.28006772506607097,0.1540707230567932,0.30332282185554504,0.8543653573476926,0.8671875
sparse,16,80,8.0,0.02708325386047363,0.04859045147895813,0.30875922729257604,0.31466040846299204,0.28409327268600465,0.4907572567462921,0.8518637418400343,0.8671875
sparse,16,120,12.0,0.03782344659169515,0.06859978288412094,0.3209246943878975,0.34920350502000974,0.3672441005706787,0.562555730342865,0.8381713227689692,0.84765625
sparse,16,160,16.0,0.04773643016815186,0.0853174701333046,0.33698853439504683,0.379588819319982,0.4203583598136902,0.5921219289302826,0.8198740269540714,0.8359375
sparse,16,200,20.0,0.05703768014907837,0.10376472026109695,0.3534752524975264,0.41281602284046437,0.45650320053100585,0.6088868975639343,0.7993813271088172,0.83984375
sparse,17,1,0.1,0.035482995212078094,0.035482995212078094,3.289986371202463,3.289986371202463,0.0032781745539978147,0.0032781745539978147,0.8280479141297423,0.921875
sparse,17,5,0.5,0.022462811321020126,0.014457227196544409,1.114985351390845,0.6553961951591537,0.018068653345108033,0.03365713730454445,0.8490913273358234,0.92578125
sparse,17,10,1.0,0.017410483956336976,0.012032609898597002,0.6823866896635824,0.4091807068172171,0.03738950788974762,0.07186700403690338,0.8570358951970557,0.90625
sparse,17,20,2.0,0.015663084387779237,0.015855219215154648,0.45416852277320935,0.3251969731741339,0.07593521475791931,0.1499267965555191,0.8586265373076876,0.91796875
sparse,17,40,4.0,0.018411562591791154,0.0261699091643095,0.34568876414901456,0.2937301748322243,0.1540707230567932,0.30332282185554504,0.8558397267992369,0.90625
sparse,17,80,8.0,0.028832179307937623,0.05237225256860256,0.318572482796258,0.32667602446353344,0.28409327268600465,0.4907572567462921,0.8485987466356775,0.87109375
sparse,17,120,12.0,0.04102390011151632,0.07669384777545929,0.3342266369567834,0.3692304309016418,0.3672441005706787,0.562555730342865,0.8271265773602583,0.87109375
sparse,17,160,16.0,0.05266234874725342,0.097657959908247,0.35394865633425704,0.40611427112250403,0.4203583598136902,0.5921219289302826,0.8065799886205649,0.84765625
sparse,17,200,20.0,0.06420252561569213,0.12468064576387405,0.37501975265569193,0.4525131529552431,0.45650320053100585,0.6088868975639343,0.779831607945157,0.83203125
sparse,18,1,0.1,0.037148723378777504,0.037148723378777504,3.3663239695569374,3.3663239695569374,0.0032781745539978147,0.0032781745539978147,0.8204418249716359,0.90625
sparse,18,5,0.5,0.023663786798715593,0.015369545668363571,1.1444036360717345,0.6757591386953037,0.018068653345108033,0.03365713730454445,0.8385083842954427,0.91796875
sparse,18,10,1.0,0.01846252903342247,0.013004699721932411,0.7027012418936659,0.425388156366727,0.03738950788974762,0.07186700403690338,0.8511480983892978,0.90625
sparse,18,20,2.0,0.016881419718265532,0.017603300511837006,0.47150127461273056,0.3426552740124003,0.07593521475791931,0.1499267965555191,0.8484955949260142,0.8828125
sparse,18,40,4.0,0.02019258290529251,0.02917373087257147,0.3620227616034827,0.3101297594684889,0.1540707230567932,0.30332282185554504,0.8443501284976427,0.90625
sparse,18,80,8.0,0.031792455911636354,0.055705275386571884,0.33452729895537947,0.33691069509358695,0.28409327268600465,0.4907572567462921,0.8432299021001426,0.84765625
sparse,18,120,12.0,0.04325872262318929,0.07476595789194107,0.3432096035225481,0.36456013337571014,0.3672441005706787,0.562555730342865,0.8325628984107132,0.84765625
sparse,18,160,16.0,0.05295154750347138,0.08853788673877716,0.3549191918963106,0.3866864938062195,0.4203583598136902,0.5921219289302826,0.8168619844020953,0.84375
sparse,18,200,20.0,0.061519849300384524,0.10296247154474258,0.3671011272773933,0.4112170991634259,0.45650320053100585,0.6088868975639343,0.8006943169787754,0.83203125
sparse,19,1,0.1,0.03859428130090237,0.03859428130090237,3.431195325288055,3.431195325288055,0.0032781745539978147,0.0032781745539978147,0.8168388835414839,0.921875
sparse,19,5,0.5,0.025014223903417586,0.01658510696142912,1.176604821028956,0.7019732310851997,0.018068653345108033,0.03365713730454445,0.8359004519904477,0.92578125
sparse,19,10,1.0,0.01961047202348709,0.013753496576100588,0.7242177237136392,0.43746346805513536,0.03738950788974762,0.07186700403690338,0.8467592735851146,0.93359375
sparse,19,20,2.0,0.017582648247480393,0.017611188814044,0.4811943630407532,0.34273203988963186,0.07593521475791931,0.1499267965555191,0.8452629679965007,0.921875
sparse,19,40,4.0,0.020436787605285646,0.02883882261812687,0.364205280792045,0.30834450911237204,0.15407073497772217,0.30332282185554504,0.8435916800245804,0.8984375
sparse,19,80,8.0,0.03318321853876114,0.061447011306881905,0.34176593242046865,0.35384822146094796,0.2840932846069336,0.4907572567462921,0.8350720302456576,0.8671875
sparse,19,120,12.0,0.04646231333414714,0.08269482851028442,0.35569110173924,0.3834037876946427,0.3672441005706787,0.562555730342865,0.8241974960797087,0.85546875
sparse,19,160,16.0,0.057925683259963986,0.10174232721328735,0.37121518923150093,0.41451978193778116,0.4203583598136902,0.5921219289302826,0.8016692647476357,0.859375
sparse,19,200,20.0,0.06914750576019286,0.12710154056549072,0.3891941962074968,0.45688520299954244,0.45650318145751956,0.6088868975639343,0.7748577370793307,0.8359375
sparse,20,1,0.1,0.03681796416640282,0.03681796416640282,3.351304177698968,3.351304177698968,0.0032781745539978147,0.0032781745539978147,0.8189951424356834,0.89453125
sparse,20,5,0.5,0.023686420917510987,0.015598033089190722,1.1449508092092828,0.6807636081208011,0.018068653345108033,0.03365713730454445,0.8388556001330797,0.9140625
sparse,20,10,1.0,0.01851997375488281,0.012915803585201502,0.7037935929606096,0.42393175176303616,0.03738950788974762,0.07186700403690338,0.8506731753277341,0.953125
sparse,20,20,2.0,0.016604509949684144,0.01674991473555565,0.467618213746074,0.33424634697373784,0.07593521475791931,0.1499267965555191,0.8487306763914864,0.93359375
sparse,20,40,4.0,0.01957331821322441,0.028040011413395405,0.3564282769937144,0.30404407823076945,0.15407073497772217,0.30332282185554504,0.8411946483845028,0.91015625
sparse,20,80,8.0,0.02957073301076889,0.04965116083621979,0.3226268895058842,0.31807632007941844,0.2840932846069336,0.4907572567462921,0.8438409018642312,0.87890625
sparse,20,120,12.0,0.03934267560640971,0.0672759860754013,0.3273064260804875,0.34581773308176744,0.3672441005706787,0.562555730342865,0.8319135225260285,0.875
sparse,20,160,16.0,0.04859942346811295,0.08548921346664429,0.34002097960862426,0.3799706817588712,0.4203583598136902,0.5921219289302826,0.811112991632835,0.84375
sparse,20,200,20.0,0.05823180198669434,0.10857841372489929,0.3571562139108493,0.42228283828862845,0.45650318145751956,0.6088868975639343,0.7857507197979754,0.828125
