benchmark,source_family,system,seed,method,status,horizon,mse,finite_start_fraction,metric_protocol,source_file
dysts,classical_koopman,dysts:Chua,0,dmd,ok,100,0.26365793114477365,1.0,ordinary_through_h_mean_finite_starts,runs/classical_koopman/dysts_Chua/seed_0/rows.csv
dysts,classical_koopman,dysts:Chua,1,dmd,ok,100,0.22367572701581132,1.0,ordinary_through_h_mean_finite_starts,runs/classical_koopman/dysts_Chua/seed_1/rows.csv
dysts,classical_koopman,dysts:Chua,2,dmd,ok,100,0.20772710260948016,1.0,ordinary_through_h_mean_finite_starts,runs/classical_koopman/dysts_Chua/seed_2/rows.csv
dysts,classical_koopman,dysts:Dadras,0,dmd,ok,100,4.364074214665005,1.0,ordinary_through_h_mean_finite_starts,runs/classical_koopman/dysts_Dadras/seed_0/rows.csv
dysts,classical_koopman,dysts:Dadras,1,dmd,ok,100,4.3034926993045,1.0,ordinary_through_h_mean_finite_starts,runs/classical_koopman/dysts_Dadras/seed_1/rows.csv
dysts,classical_koopman,dysts:Dadras,2,dmd,ok,100,4.050480820417462,1.0,ordinary_through_h_mean_finite_starts,runs/classical_koopman/dysts_Dadras/seed_2/rows.csv
dysts,classical_koopman,dysts:DequanLi,0,dmd,ok,100,4.345567003976662,1.0,ordinary_through_h_mean_finite_starts,runs/classical_koopman/dysts_DequanLi/seed_0/rows.csv
dysts,classical_koopman,dysts:DequanLi,1,dmd,ok,100,4.108869962798286,1.0,ordinary_through_h_mean_finite_starts,runs/classical_koopman/dysts_DequanLi/seed_1/rows.csv
dysts,classical_koopman,dysts:DequanLi,2,dmd,ok,100,4.1154382956188735,1.0,ordinary_through_h_mean_finite_starts,runs/classical_koopman/dysts_DequanLi/seed_2/rows.csv
dysts,classical_koopman,dysts:Hadley,0,dmd,ok,100,1.3975558157532588,1.0,ordinary_through_h_mean_finite_starts,runs/classical_koopman/dysts_Hadley/seed_0/rows.csv
dysts,classical_koopman,dysts:Hadley,1,dmd,ok,100,1.1420274947751545,1.0,ordinary_through_h_mean_finite_starts,runs/classical_koopman/dysts_Hadley/seed_1/rows.csv
dysts,classical_koopman,dysts:Hadley,2,dmd,ok,100,1.235582894815605,1.0,ordinary_through_h_mean_finite_starts,runs/classical_koopman/dysts_Hadley/seed_2/rows.csv
dysts,classical_koopman,dysts:LuChenCheng,0,dmd,ok,100,4.29140713731398,1.0,ordinary_through_h_mean_finite_starts,runs/classical_koopman/dysts_LuChenCheng/seed_0/rows.csv
dysts,classical_koopman,dysts:LuChenCheng,1,dmd,ok,100,3.896832704271335,1.0,ordinary_through_h_mean_finite_starts,runs/classical_koopman/dysts_LuChenCheng/seed_1/rows.csv
dysts,classical_koopman,dysts:LuChenCheng,2,dmd,ok,100,4.002194179381487,1.0,ordinary_through_h_mean_finite_starts,runs/classical_koopman/dysts_LuChenCheng/seed_2/rows.csv
dysts,classical_koopman,dysts:QiChen,0,dmd,ok,100,3.0428584633771414,1.0,ordinary_through_h_mean_finite_starts,runs/classical_koopman/dysts_QiChen/seed_0/rows.csv
dysts,classical_koopman,dysts:QiChen,1,dmd,ok,100,2.8761910858557864,1.0,ordinary_through_h_mean_finite_starts,runs/classical_koopman/dysts_QiChen/seed_1/rows.csv
dysts,classical_koopman,dysts:QiChen,2,dmd,ok,100,3.0464278628564103,1.0,ordinary_through_h_mean_finite_starts,runs/classical_koopman/dysts_QiChen/seed_2/rows.csv
dysts,classical_koopman,dysts:Sakarya,0,dmd,ok,100,,0.0,ordinary_through_h_mean_finite_starts,runs/classical_koopman/dysts_Sakarya/seed_0/rows.csv
dysts,classical_koopman,dysts:Sakarya,1,dmd,ok,100,,0.0,ordinary_through_h_mean_finite_starts,runs/classical_koopman/dysts_Sakarya/seed_1/rows.csv
dysts,classical_koopman,dysts:Sakarya,2,dmd,ok,100,1.0632772175640366,1.0,ordinary_through_h_mean_finite_starts,runs/classical_koopman/dysts_Sakarya/seed_2/rows.csv
dysts,classical_koopman,dysts:SanUmSrisuchinwong,0,dmd,ok,100,4.180283772949891,1.0,ordinary_through_h_mean_finite_starts,runs/classical_koopman/dysts_SanUmSrisuchinwong/seed_0/rows.csv
dysts,classical_koopman,dysts:SanUmSrisuchinwong,1,dmd,ok,100,3.9273078580905794,1.0,ordinary_through_h_mean_finite_starts,runs/classical_koopman/dysts_SanUmSrisuchinwong/seed_1/rows.csv
dysts,classical_koopman,dysts:SanUmSrisuchinwong,2,dmd,ok,100,3.987546537741118,1.0,ordinary_through_h_mean_finite_starts,runs/classical_koopman/dysts_SanUmSrisuchinwong/seed_2/rows.csv
dysts,classical_koopman,dysts:ShimizuMorioka,0,dmd,ok,100,3.4060968234169398,1.0,ordinary_through_h_mean_finite_starts,runs/classical_koopman/dysts_ShimizuMorioka/seed_0/rows.csv
dysts,classical_koopman,dysts:ShimizuMorioka,1,dmd,ok,100,3.415314046843642,1.0,ordinary_through_h_mean_finite_starts,runs/classical_koopman/dysts_ShimizuMorioka/seed_1/rows.csv
dysts,classical_koopman,dysts:ShimizuMorioka,2,dmd,ok,100,3.473572880901719,1.0,ordinary_through_h_mean_finite_starts,runs/classical_koopman/dysts_ShimizuMorioka/seed_2/rows.csv
dysts,classical_koopman,dysts:WangSun,0,dmd,ok,100,3.0595257267000466,1.0,ordinary_through_h_mean_finite_starts,runs/classical_koopman/dysts_WangSun/seed_0/rows.csv
dysts,classical_koopman,dysts:WangSun,1,dmd,ok,100,3.0808495205539264,1.0,ordinary_through_h_mean_finite_starts,runs/classical_koopman/dysts_WangSun/seed_1/rows.csv
dysts,classical_koopman,dysts:WangSun,2,dmd,ok,100,2.8616056440454205,1.0,ordinary_through_h_mean_finite_starts,runs/classical_koopman/dysts_WangSun/seed_2/rows.csv
dysts,classical_koopman,dysts:Chua,0,dmd,ok,2000,5.024867482825567,1.0,ordinary_through_h_mean_finite_starts,runs/classical_koopman/dysts_Chua/seed_0/rows.csv
dysts,classical_koopman,dysts:Chua,1,dmd,ok,2000,4.561777231214457,1.0,ordinary_through_h_mean_finite_starts,runs/classical_koopman/dysts_Chua/seed_1/rows.csv
dysts,classical_koopman,dysts:Chua,2,dmd,ok,2000,4.729540297513556,1.0,ordinary_through_h_mean_finite_starts,runs/classical_koopman/dysts_Chua/seed_2/rows.csv
dysts,classical_koopman,dysts:Dadras,0,dmd,ok,2000,2.890008872756582,1.0,ordinary_through_h_mean_finite_starts,runs/classical_koopman/dysts_Dadras/seed_0/rows.csv
dysts,classical_koopman,dysts:Dadras,1,dmd,ok,2000,2.93901501178445,1.0,ordinary_through_h_mean_finite_starts,runs/classical_koopman/dysts_Dadras/seed_1/rows.csv
dysts,classical_koopman,dysts:Dadras,2,dmd,ok,2000,2.8646237957882392,1.0,ordinary_through_h_mean_finite_starts,runs/classical_koopman/dysts_Dadras/seed_2/rows.csv
dysts,classical_koopman,dysts:DequanLi,0,dmd,ok,2000,7.544072847693303,1.0,ordinary_through_h_mean_finite_starts,runs/classical_koopman/dysts_DequanLi/seed_0/rows.csv
dysts,classical_koopman,dysts:DequanLi,1,dmd,ok,2000,7.601577880052627,1.0,ordinary_through_h_mean_finite_starts,runs/classical_koopman/dysts_DequanLi/seed_1/rows.csv
dysts,classical_koopman,dysts:DequanLi,2,dmd,ok,2000,8.019082332332639,1.0,ordinary_through_h_mean_finite_starts,runs/classical_koopman/dysts_DequanLi/seed_2/rows.csv
dysts,classical_koopman,dysts:Hadley,0,dmd,ok,2000,5.408089579403534,1.0,ordinary_through_h_mean_finite_starts,runs/classical_koopman/dysts_Hadley/seed_0/rows.csv
dysts,classical_koopman,dysts:Hadley,1,dmd,ok,2000,5.362205841088495,1.0,ordinary_through_h_mean_finite_starts,runs/classical_koopman/dysts_Hadley/seed_1/rows.csv
dysts,classical_koopman,dysts:Hadley,2,dmd,ok,2000,5.584471972010826,1.0,ordinary_through_h_mean_finite_starts,runs/classical_koopman/dysts_Hadley/seed_2/rows.csv
dysts,classical_koopman,dysts:LuChenCheng,0,dmd,ok,2000,4.21140070678505,1.0,ordinary_through_h_mean_finite_starts,runs/classical_koopman/dysts_LuChenCheng/seed_0/rows.csv
dysts,classical_koopman,dysts:LuChenCheng,1,dmd,ok,2000,4.096444822422214,1.0,ordinary_through_h_mean_finite_starts,runs/classical_koopman/dysts_LuChenCheng/seed_1/rows.csv
dysts,classical_koopman,dysts:LuChenCheng,2,dmd,ok,2000,4.182833666219132,1.0,ordinary_through_h_mean_finite_starts,runs/classical_koopman/dysts_LuChenCheng/seed_2/rows.csv
dysts,classical_koopman,dysts:QiChen,0,dmd,ok,2000,3.1325223881783884,1.0,ordinary_through_h_mean_finite_starts,runs/classical_koopman/dysts_QiChen/seed_0/rows.csv
dysts,classical_koopman,dysts:QiChen,1,dmd,ok,2000,3.2179958175649173,1.0,ordinary_through_h_mean_finite_starts,runs/classical_koopman/dysts_QiChen/seed_1/rows.csv
dysts,classical_koopman,dysts:QiChen,2,dmd,ok,2000,3.1768586450974796,1.0,ordinary_through_h_mean_finite_starts,runs/classical_koopman/dysts_QiChen/seed_2/rows.csv
dysts,classical_koopman,dysts:Sakarya,0,dmd,ok,2000,,0.0,ordinary_through_h_mean_finite_starts,runs/classical_koopman/dysts_Sakarya/seed_0/rows.csv
dysts,classical_koopman,dysts:Sakarya,1,dmd,ok,2000,,0.0,ordinary_through_h_mean_finite_starts,runs/classical_koopman/dysts_Sakarya/seed_1/rows.csv
dysts,classical_koopman,dysts:Sakarya,2,dmd,ok,2000,2.87927579035966,1.0,ordinary_through_h_mean_finite_starts,runs/classical_koopman/dysts_Sakarya/seed_2/rows.csv
dysts,classical_koopman,dysts:SanUmSrisuchinwong,0,dmd,ok,2000,3.988681176856708,1.0,ordinary_through_h_mean_finite_starts,runs/classical_koopman/dysts_SanUmSrisuchinwong/seed_0/rows.csv
dysts,classical_koopman,dysts:SanUmSrisuchinwong,1,dmd,ok,2000,4.0381133439179315,1.0,ordinary_through_h_mean_finite_starts,runs/classical_koopman/dysts_SanUmSrisuchinwong/seed_1/rows.csv
dysts,classical_koopman,dysts:SanUmSrisuchinwong,2,dmd,ok,2000,4.062058490409893,1.0,ordinary_through_h_mean_finite_starts,runs/classical_koopman/dysts_SanUmSrisuchinwong/seed_2/rows.csv
dysts,classical_koopman,dysts:ShimizuMorioka,0,dmd,ok,2000,3.1673822044752895,1.0,ordinary_through_h_mean_finite_starts,runs/classical_koopman/dysts_ShimizuMorioka/seed_0/rows.csv
dysts,classical_koopman,dysts:ShimizuMorioka,1,dmd,ok,2000,3.1466024080923853,1.0,ordinary_through_h_mean_finite_starts,runs/classical_koopman/dysts_ShimizuMorioka/seed_1/rows.csv
dysts,classical_koopman,dysts:ShimizuMorioka,2,dmd,ok,2000,3.145205624858242,1.0,ordinary_through_h_mean_finite_starts,runs/classical_koopman/dysts_ShimizuMorioka/seed_2/rows.csv
dysts,classical_koopman,dysts:WangSun,0,dmd,ok,2000,3.633922354019562,1.0,ordinary_through_h_mean_finite_starts,runs/classical_koopman/dysts_WangSun/seed_0/rows.csv
dysts,classical_koopman,dysts:WangSun,1,dmd,ok,2000,3.6060956211466486,1.0,ordinary_through_h_mean_finite_starts,runs/classical_koopman/dysts_WangSun/seed_1/rows.csv
dysts,classical_koopman,dysts:WangSun,2,dmd,ok,2000,3.5923609208567715,1.0,ordinary_through_h_mean_finite_starts,runs/classical_koopman/dysts_WangSun/seed_2/rows.csv
dysts,classical_koopman,dysts:Chua,0,dmd,ok,4000,5.354133591808492,1.0,ordinary_through_h_mean_finite_starts,runs/classical_koopman/dysts_Chua/seed_0/rows.csv
dysts,classical_koopman,dysts:Chua,1,dmd,ok,4000,4.763587438572434,1.0,ordinary_through_h_mean_finite_starts,runs/classical_koopman/dysts_Chua/seed_1/rows.csv
dysts,classical_koopman,dysts:Chua,2,dmd,ok,4000,5.1864267020946215,1.0,ordinary_through_h_mean_finite_starts,runs/classical_koopman/dysts_Chua/seed_2/rows.csv
dysts,classical_koopman,dysts:Dadras,0,dmd,ok,4000,2.868504272563823,1.0,ordinary_through_h_mean_finite_starts,runs/classical_koopman/dysts_Dadras/seed_0/rows.csv
dysts,classical_koopman,dysts:Dadras,1,dmd,ok,4000,2.900346917102188,1.0,ordinary_through_h_mean_finite_starts,runs/classical_koopman/dysts_Dadras/seed_1/rows.csv
dysts,classical_koopman,dysts:Dadras,2,dmd,ok,4000,2.894668259822312,1.0,ordinary_through_h_mean_finite_starts,runs/classical_koopman/dysts_Dadras/seed_2/rows.csv
dysts,classical_koopman,dysts:DequanLi,0,dmd,ok,4000,5.371214747231176,1.0,ordinary_through_h_mean_finite_starts,runs/classical_koopman/dysts_DequanLi/seed_0/rows.csv
dysts,classical_koopman,dysts:DequanLi,1,dmd,ok,4000,5.466649358688833,1.0,ordinary_through_h_mean_finite_starts,runs/classical_koopman/dysts_DequanLi/seed_1/rows.csv
dysts,classical_koopman,dysts:DequanLi,2,dmd,ok,4000,5.657780720001681,1.0,ordinary_through_h_mean_finite_starts,runs/classical_koopman/dysts_DequanLi/seed_2/rows.csv
dysts,classical_koopman,dysts:Hadley,0,dmd,ok,4000,4.830885472090324,1.0,ordinary_through_h_mean_finite_starts,runs/classical_koopman/dysts_Hadley/seed_0/rows.csv
dysts,classical_koopman,dysts:Hadley,1,dmd,ok,4000,4.847898691084381,1.0,ordinary_through_h_mean_finite_starts,runs/classical_koopman/dysts_Hadley/seed_1/rows.csv
dysts,classical_koopman,dysts:Hadley,2,dmd,ok,4000,4.984250131453646,1.0,ordinary_through_h_mean_finite_starts,runs/classical_koopman/dysts_Hadley/seed_2/rows.csv
dysts,classical_koopman,dysts:LuChenCheng,0,dmd,ok,4000,3.6440356147720694,1.0,ordinary_through_h_mean_finite_starts,runs/classical_koopman/dysts_LuChenCheng/seed_0/rows.csv
dysts,classical_koopman,dysts:LuChenCheng,1,dmd,ok,4000,3.5897223120786013,1.0,ordinary_through_h_mean_finite_starts,runs/classical_koopman/dysts_LuChenCheng/seed_1/rows.csv
dysts,classical_koopman,dysts:LuChenCheng,2,dmd,ok,4000,3.6509451490305436,1.0,ordinary_through_h_mean_finite_starts,runs/classical_koopman/dysts_LuChenCheng/seed_2/rows.csv
dysts,classical_koopman,dysts:QiChen,0,dmd,ok,4000,3.1127875396344824,1.0,ordinary_through_h_mean_finite_starts,runs/classical_koopman/dysts_QiChen/seed_0/rows.csv
dysts,classical_koopman,dysts:QiChen,1,dmd,ok,4000,3.1480980598900827,1.0,ordinary_through_h_mean_finite_starts,runs/classical_koopman/dysts_QiChen/seed_1/rows.csv
dysts,classical_koopman,dysts:QiChen,2,dmd,ok,4000,3.125711922958376,1.0,ordinary_through_h_mean_finite_starts,runs/classical_koopman/dysts_QiChen/seed_2/rows.csv
dysts,classical_koopman,dysts:Sakarya,0,dmd,ok,4000,,0.0,ordinary_through_h_mean_finite_starts,runs/classical_koopman/dysts_Sakarya/seed_0/rows.csv
dysts,classical_koopman,dysts:Sakarya,1,dmd,ok,4000,,0.0,ordinary_through_h_mean_finite_starts,runs/classical_koopman/dysts_Sakarya/seed_1/rows.csv
dysts,classical_koopman,dysts:Sakarya,2,dmd,ok,4000,2.8462509912848333,1.0,ordinary_through_h_mean_finite_starts,runs/classical_koopman/dysts_Sakarya/seed_2/rows.csv
dysts,classical_koopman,dysts:SanUmSrisuchinwong,0,dmd,ok,4000,3.736801335331919,1.0,ordinary_through_h_mean_finite_starts,runs/classical_koopman/dysts_SanUmSrisuchinwong/seed_0/rows.csv
dysts,classical_koopman,dysts:SanUmSrisuchinwong,1,dmd,ok,4000,3.6767098531916753,1.0,ordinary_through_h_mean_finite_starts,runs/classical_koopman/dysts_SanUmSrisuchinwong/seed_1/rows.csv
dysts,classical_koopman,dysts:SanUmSrisuchinwong,2,dmd,ok,4000,3.6367261427409314,1.0,ordinary_through_h_mean_finite_starts,runs/classical_koopman/dysts_SanUmSrisuchinwong/seed_2/rows.csv
dysts,classical_koopman,dysts:ShimizuMorioka,0,dmd,ok,4000,3.0593112084451484,1.0,ordinary_through_h_mean_finite_starts,runs/classical_koopman/dysts_ShimizuMorioka/seed_0/rows.csv
dysts,classical_koopman,dysts:ShimizuMorioka,1,dmd,ok,4000,3.0480865350496344,1.0,ordinary_through_h_mean_finite_starts,runs/classical_koopman/dysts_ShimizuMorioka/seed_1/rows.csv
dysts,classical_koopman,dysts:ShimizuMorioka,2,dmd,ok,4000,3.046689696850736,1.0,ordinary_through_h_mean_finite_starts,runs/classical_koopman/dysts_ShimizuMorioka/seed_2/rows.csv
dysts,classical_koopman,dysts:WangSun,0,dmd,ok,4000,3.591997909841301,1.0,ordinary_through_h_mean_finite_starts,runs/classical_koopman/dysts_WangSun/seed_0/rows.csv
dysts,classical_koopman,dysts:WangSun,1,dmd,ok,4000,3.570916828016103,1.0,ordinary_through_h_mean_finite_starts,runs/classical_koopman/dysts_WangSun/seed_1/rows.csv
dysts,classical_koopman,dysts:WangSun,2,dmd,ok,4000,3.575349334106184,1.0,ordinary_through_h_mean_finite_starts,runs/classical_koopman/dysts_WangSun/seed_2/rows.csv
dysts,classical_koopman,dysts:Chua,0,edmd_poly,ok,100,0.44696722318472715,1.0,ordinary_through_h_mean_finite_starts,runs/classical_koopman/dysts_Chua/seed_0/rows.csv
dysts,classical_koopman,dysts:Chua,1,edmd_poly,ok,100,0.1752617958360367,1.0,ordinary_through_h_mean_finite_starts,runs/classical_koopman/dysts_Chua/seed_1/rows.csv
dysts,classical_koopman,dysts:Chua,2,edmd_poly,ok,100,0.3005706519876606,1.0,ordinary_through_h_mean_finite_starts,runs/classical_koopman/dysts_Chua/seed_2/rows.csv
dysts,classical_koopman,dysts:Dadras,0,edmd_poly,ok,100,4.815756363589241,1.0,ordinary_through_h_mean_finite_starts,runs/classical_koopman/dysts_Dadras/seed_0/rows.csv
dysts,classical_koopman,dysts:Dadras,1,edmd_poly,ok,100,4.404825665577104,1.0,ordinary_through_h_mean_finite_starts,runs/classical_koopman/dysts_Dadras/seed_1/rows.csv
dysts,classical_koopman,dysts:Dadras,2,edmd_poly,ok,100,4.155738332002273,1.0,ordinary_through_h_mean_finite_starts,runs/classical_koopman/dysts_Dadras/seed_2/rows.csv
dysts,classical_koopman,dysts:DequanLi,0,edmd_poly,ok,100,0.5890590134991336,1.0,ordinary_through_h_mean_finite_starts,runs/classical_koopman/dysts_DequanLi/seed_0/rows.csv
dysts,classical_koopman,dysts:DequanLi,1,edmd_poly,ok,100,0.6002513894055497,1.0,ordinary_through_h_mean_finite_starts,runs/classical_koopman/dysts_DequanLi/seed_1/rows.csv
dysts,classical_koopman,dysts:DequanLi,2,edmd_poly,ok,100,0.7476489331129805,1.0,ordinary_through_h_mean_finite_starts,runs/classical_koopman/dysts_DequanLi/seed_2/rows.csv
dysts,classical_koopman,dysts:Hadley,0,edmd_poly,ok,100,0.2691528884482585,1.0,ordinary_through_h_mean_finite_starts,runs/classical_koopman/dysts_Hadley/seed_0/rows.csv
dysts,classical_koopman,dysts:Hadley,1,edmd_poly,ok,100,0.20575402287897532,1.0,ordinary_through_h_mean_finite_starts,runs/classical_koopman/dysts_Hadley/seed_1/rows.csv
dysts,classical_koopman,dysts:Hadley,2,edmd_poly,ok,100,0.2177581040596213,1.0,ordinary_through_h_mean_finite_starts,runs/classical_koopman/dysts_Hadley/seed_2/rows.csv
dysts,classical_koopman,dysts:LuChenCheng,0,edmd_poly,ok,100,10.356834948790482,1.0,ordinary_through_h_mean_finite_starts,runs/classical_koopman/dysts_LuChenCheng/seed_0/rows.csv
dysts,classical_koopman,dysts:LuChenCheng,1,edmd_poly,ok,100,6.040085738372402,1.0,ordinary_through_h_mean_finite_starts,runs/classical_koopman/dysts_LuChenCheng/seed_1/rows.csv
dysts,classical_koopman,dysts:LuChenCheng,2,edmd_poly,ok,100,7.9958361455435,1.0,ordinary_through_h_mean_finite_starts,runs/classical_koopman/dysts_LuChenCheng/seed_2/rows.csv
dysts,classical_koopman,dysts:QiChen,0,edmd_poly,ok,100,1.5972631711074137,1.0,ordinary_through_h_mean_finite_starts,runs/classical_koopman/dysts_QiChen/seed_0/rows.csv
dysts,classical_koopman,dysts:QiChen,1,edmd_poly,ok,100,1.3553630617708268,1.0,ordinary_through_h_mean_finite_starts,runs/classical_koopman/dysts_QiChen/seed_1/rows.csv
dysts,classical_koopman,dysts:QiChen,2,edmd_poly,ok,100,1.5421795284089581,1.0,ordinary_through_h_mean_finite_starts,runs/classical_koopman/dysts_QiChen/seed_2/rows.csv
dysts,classical_koopman,dysts:Sakarya,0,edmd_poly,ok,100,,0.0,ordinary_through_h_mean_finite_starts,runs/classical_koopman/dysts_Sakarya/seed_0/rows.csv
dysts,classical_koopman,dysts:Sakarya,1,edmd_poly,ok,100,,0.0,ordinary_through_h_mean_finite_starts,runs/classical_koopman/dysts_Sakarya/seed_1/rows.csv
dysts,classical_koopman,dysts:Sakarya,2,edmd_poly,ok,100,0.859754455214692,1.0,ordinary_through_h_mean_finite_starts,runs/classical_koopman/dysts_Sakarya/seed_2/rows.csv
dysts,classical_koopman,dysts:SanUmSrisuchinwong,0,edmd_poly,ok,100,1.8847096679456985,1.0,ordinary_through_h_mean_finite_starts,runs/classical_koopman/dysts_SanUmSrisuchinwong/seed_0/rows.csv
dysts,classical_koopman,dysts:SanUmSrisuchinwong,1,edmd_poly,ok,100,1.7706348959276053,1.0,ordinary_through_h_mean_finite_starts,runs/classical_koopman/dysts_SanUmSrisuchinwong/seed_1/rows.csv
dysts,classical_koopman,dysts:SanUmSrisuchinwong,2,edmd_poly,ok,100,1.766870635619041,1.0,ordinary_through_h_mean_finite_starts,runs/classical_koopman/dysts_SanUmSrisuchinwong/seed_2/rows.csv
dysts,classical_koopman,dysts:ShimizuMorioka,0,edmd_poly,ok,100,3.9969083395164495,1.0,ordinary_through_h_mean_finite_starts,runs/classical_koopman/dysts_ShimizuMorioka/seed_0/rows.csv
dysts,classical_koopman,dysts:ShimizuMorioka,1,edmd_poly,ok,100,4.40836011502476,1.0,ordinary_through_h_mean_finite_starts,runs/classical_koopman/dysts_ShimizuMorioka/seed_1/rows.csv
dysts,classical_koopman,dysts:ShimizuMorioka,2,edmd_poly,ok,100,3.812354966170774,1.0,ordinary_through_h_mean_finite_starts,runs/classical_koopman/dysts_ShimizuMorioka/seed_2/rows.csv
dysts,classical_koopman,dysts:WangSun,0,edmd_poly,ok,100,1.1413243824003905,1.0,ordinary_through_h_mean_finite_starts,runs/classical_koopman/dysts_WangSun/seed_0/rows.csv
dysts,classical_koopman,dysts:WangSun,1,edmd_poly,ok,100,1.3301863901566284,1.0,ordinary_through_h_mean_finite_starts,runs/classical_koopman/dysts_WangSun/seed_1/rows.csv
dysts,classical_koopman,dysts:WangSun,2,edmd_poly,ok,100,1.0121990079953944,1.0,ordinary_through_h_mean_finite_starts,runs/classical_koopman/dysts_WangSun/seed_2/rows.csv
dysts,classical_koopman,dysts:Chua,0,edmd_poly,ok,2000,5.174874833311949,1.0,ordinary_through_h_mean_finite_starts,runs/classical_koopman/dysts_Chua/seed_0/rows.csv
dysts,classical_koopman,dysts:Chua,1,edmd_poly,ok,2000,3.7720055139254747,1.0,ordinary_through_h_mean_finite_starts,runs/classical_koopman/dysts_Chua/seed_1/rows.csv
dysts,classical_koopman,dysts:Chua,2,edmd_poly,ok,2000,4.686995419487576,1.0,ordinary_through_h_mean_finite_starts,runs/classical_koopman/dysts_Chua/seed_2/rows.csv
dysts,classical_koopman,dysts:Dadras,0,edmd_poly,ok,2000,2.895998280042519,1.0,ordinary_through_h_mean_finite_starts,runs/classical_koopman/dysts_Dadras/seed_0/rows.csv
dysts,classical_koopman,dysts:Dadras,1,edmd_poly,ok,2000,2.91941054434389,1.0,ordinary_through_h_mean_finite_starts,runs/classical_koopman/dysts_Dadras/seed_1/rows.csv
dysts,classical_koopman,dysts:Dadras,2,edmd_poly,ok,2000,2.854908094233589,1.0,ordinary_through_h_mean_finite_starts,runs/classical_koopman/dysts_Dadras/seed_2/rows.csv
dysts,classical_koopman,dysts:DequanLi,0,edmd_poly,ok,2000,3.9943419501722057,1.0,ordinary_through_h_mean_finite_starts,runs/classical_koopman/dysts_DequanLi/seed_0/rows.csv
dysts,classical_koopman,dysts:DequanLi,1,edmd_poly,ok,2000,4.169789781749031,1.0,ordinary_through_h_mean_finite_starts,runs/classical_koopman/dysts_DequanLi/seed_1/rows.csv
dysts,classical_koopman,dysts:DequanLi,2,edmd_poly,ok,2000,4.598615859828149,1.0,ordinary_through_h_mean_finite_starts,runs/classical_koopman/dysts_DequanLi/seed_2/rows.csv
dysts,classical_koopman,dysts:Hadley,0,edmd_poly,ok,2000,4.116783216890194,1.0,ordinary_through_h_mean_finite_starts,runs/classical_koopman/dysts_Hadley/seed_0/rows.csv
dysts,classical_koopman,dysts:Hadley,1,edmd_poly,ok,2000,4.182462662814649,1.0,ordinary_through_h_mean_finite_starts,runs/classical_koopman/dysts_Hadley/seed_1/rows.csv
dysts,classical_koopman,dysts:Hadley,2,edmd_poly,ok,2000,4.04592104878809,1.0,ordinary_through_h_mean_finite_starts,runs/classical_koopman/dysts_Hadley/seed_2/rows.csv
dysts,classical_koopman,dysts:LuChenCheng,0,edmd_poly,ok,2000,6.847301923567846,1.0,ordinary_through_h_mean_finite_starts,runs/classical_koopman/dysts_LuChenCheng/seed_0/rows.csv
dysts,classical_koopman,dysts:LuChenCheng,1,edmd_poly,ok,2000,6.470164818808332,1.0,ordinary_through_h_mean_finite_starts,runs/classical_koopman/dysts_LuChenCheng/seed_1/rows.csv
dysts,classical_koopman,dysts:LuChenCheng,2,edmd_poly,ok,2000,6.6185571217201105,1.0,ordinary_through_h_mean_finite_starts,runs/classical_koopman/dysts_LuChenCheng/seed_2/rows.csv
dysts,classical_koopman,dysts:QiChen,0,edmd_poly,ok,2000,3.126295816189863,1.0,ordinary_through_h_mean_finite_starts,runs/classical_koopman/dysts_QiChen/seed_0/rows.csv
dysts,classical_koopman,dysts:QiChen,1,edmd_poly,ok,2000,3.1587682614201444,1.0,ordinary_through_h_mean_finite_starts,runs/classical_koopman/dysts_QiChen/seed_1/rows.csv
dysts,classical_koopman,dysts:QiChen,2,edmd_poly,ok,2000,3.138269768648432,1.0,ordinary_through_h_mean_finite_starts,runs/classical_koopman/dysts_QiChen/seed_2/rows.csv
dysts,classical_koopman,dysts:Sakarya,0,edmd_poly,ok,2000,,0.0,ordinary_through_h_mean_finite_starts,runs/classical_koopman/dysts_Sakarya/seed_0/rows.csv
dysts,classical_koopman,dysts:Sakarya,1,edmd_poly,ok,2000,,0.0,ordinary_through_h_mean_finite_starts,runs/classical_koopman/dysts_Sakarya/seed_1/rows.csv
dysts,classical_koopman,dysts:Sakarya,2,edmd_poly,ok,2000,2.8004980797176535,1.0,ordinary_through_h_mean_finite_starts,runs/classical_koopman/dysts_Sakarya/seed_2/rows.csv
dysts,classical_koopman,dysts:SanUmSrisuchinwong,0,edmd_poly,ok,2000,3.9248253844211787,1.0,ordinary_through_h_mean_finite_starts,runs/classical_koopman/dysts_SanUmSrisuchinwong/seed_0/rows.csv
dysts,classical_koopman,dysts:SanUmSrisuchinwong,1,edmd_poly,ok,2000,3.885404788158341,1.0,ordinary_through_h_mean_finite_starts,runs/classical_koopman/dysts_SanUmSrisuchinwong/seed_1/rows.csv
dysts,classical_koopman,dysts:SanUmSrisuchinwong,2,edmd_poly,ok,2000,3.985450979205641,1.0,ordinary_through_h_mean_finite_starts,runs/classical_koopman/dysts_SanUmSrisuchinwong/seed_2/rows.csv
dysts,classical_koopman,dysts:ShimizuMorioka,0,edmd_poly,ok,2000,3.5719871468919,1.0,ordinary_through_h_mean_finite_starts,runs/classical_koopman/dysts_ShimizuMorioka/seed_0/rows.csv
dysts,classical_koopman,dysts:ShimizuMorioka,1,edmd_poly,ok,2000,3.674760974377973,1.0,ordinary_through_h_mean_finite_starts,runs/classical_koopman/dysts_ShimizuMorioka/seed_1/rows.csv
dysts,classical_koopman,dysts:ShimizuMorioka,2,edmd_poly,ok,2000,3.4844305140915632,1.0,ordinary_through_h_mean_finite_starts,runs/classical_koopman/dysts_ShimizuMorioka/seed_2/rows.csv
dysts,classical_koopman,dysts:WangSun,0,edmd_poly,ok,2000,3.3859984641282095,1.0,ordinary_through_h_mean_finite_starts,runs/classical_koopman/dysts_WangSun/seed_0/rows.csv
dysts,classical_koopman,dysts:WangSun,1,edmd_poly,ok,2000,3.359155649864405,1.0,ordinary_through_h_mean_finite_starts,runs/classical_koopman/dysts_WangSun/seed_1/rows.csv
dysts,classical_koopman,dysts:WangSun,2,edmd_poly,ok,2000,3.3262694665447956,1.0,ordinary_through_h_mean_finite_starts,runs/classical_koopman/dysts_WangSun/seed_2/rows.csv
dysts,classical_koopman,dysts:Chua,0,edmd_poly,ok,4000,4.566892489161164,1.0,ordinary_through_h_mean_finite_starts,runs/classical_koopman/dysts_Chua/seed_0/rows.csv
dysts,classical_koopman,dysts:Chua,1,edmd_poly,ok,4000,3.758194751219148,1.0,ordinary_through_h_mean_finite_starts,runs/classical_koopman/dysts_Chua/seed_1/rows.csv
dysts,classical_koopman,dysts:Chua,2,edmd_poly,ok,4000,4.1339752939295495,1.0,ordinary_through_h_mean_finite_starts,runs/classical_koopman/dysts_Chua/seed_2/rows.csv
dysts,classical_koopman,dysts:Dadras,0,edmd_poly,ok,4000,2.871779037637316,1.0,ordinary_through_h_mean_finite_starts,runs/classical_koopman/dysts_Dadras/seed_0/rows.csv
dysts,classical_koopman,dysts:Dadras,1,edmd_poly,ok,4000,2.8913005490560555,1.0,ordinary_through_h_mean_finite_starts,runs/classical_koopman/dysts_Dadras/seed_1/rows.csv
dysts,classical_koopman,dysts:Dadras,2,edmd_poly,ok,4000,2.889867599096468,1.0,ordinary_through_h_mean_finite_starts,runs/classical_koopman/dysts_Dadras/seed_2/rows.csv
dysts,classical_koopman,dysts:DequanLi,0,edmd_poly,ok,4000,3.364842606095475,1.0,ordinary_through_h_mean_finite_starts,runs/classical_koopman/dysts_DequanLi/seed_0/rows.csv
dysts,classical_koopman,dysts:DequanLi,1,edmd_poly,ok,4000,3.510057410244408,1.0,ordinary_through_h_mean_finite_starts,runs/classical_koopman/dysts_DequanLi/seed_1/rows.csv
dysts,classical_koopman,dysts:DequanLi,2,edmd_poly,ok,4000,3.7761149320340595,1.0,ordinary_through_h_mean_finite_starts,runs/classical_koopman/dysts_DequanLi/seed_2/rows.csv
dysts,classical_koopman,dysts:Hadley,0,edmd_poly,ok,4000,4.204545039842147,1.0,ordinary_through_h_mean_finite_starts,runs/classical_koopman/dysts_Hadley/seed_0/rows.csv
dysts,classical_koopman,dysts:Hadley,1,edmd_poly,ok,4000,4.201123304238076,1.0,ordinary_through_h_mean_finite_starts,runs/classical_koopman/dysts_Hadley/seed_1/rows.csv
dysts,classical_koopman,dysts:Hadley,2,edmd_poly,ok,4000,4.30587025146903,1.0,ordinary_through_h_mean_finite_starts,runs/classical_koopman/dysts_Hadley/seed_2/rows.csv
dysts,classical_koopman,dysts:LuChenCheng,0,edmd_poly,ok,4000,5.123538536312441,1.0,ordinary_through_h_mean_finite_starts,runs/classical_koopman/dysts_LuChenCheng/seed_0/rows.csv
dysts,classical_koopman,dysts:LuChenCheng,1,edmd_poly,ok,4000,4.951619009973947,1.0,ordinary_through_h_mean_finite_starts,runs/classical_koopman/dysts_LuChenCheng/seed_1/rows.csv
dysts,classical_koopman,dysts:LuChenCheng,2,edmd_poly,ok,4000,5.049826453407258,1.0,ordinary_through_h_mean_finite_starts,runs/classical_koopman/dysts_LuChenCheng/seed_2/rows.csv
dysts,classical_koopman,dysts:QiChen,0,edmd_poly,ok,4000,3.1093065986200754,1.0,ordinary_through_h_mean_finite_starts,runs/classical_koopman/dysts_QiChen/seed_0/rows.csv
dysts,classical_koopman,dysts:QiChen,1,edmd_poly,ok,4000,3.118109557573241,1.0,ordinary_through_h_mean_finite_starts,runs/classical_koopman/dysts_QiChen/seed_1/rows.csv
dysts,classical_koopman,dysts:QiChen,2,edmd_poly,ok,4000,3.106126786013257,1.0,ordinary_through_h_mean_finite_starts,runs/classical_koopman/dysts_QiChen/seed_2/rows.csv
dysts,classical_koopman,dysts:Sakarya,0,edmd_poly,ok,4000,,0.0,ordinary_through_h_mean_finite_starts,runs/classical_koopman/dysts_Sakarya/seed_0/rows.csv
dysts,classical_koopman,dysts:Sakarya,1,edmd_poly,ok,4000,,0.0,ordinary_through_h_mean_finite_starts,runs/classical_koopman/dysts_Sakarya/seed_1/rows.csv
dysts,classical_koopman,dysts:Sakarya,2,edmd_poly,ok,4000,2.8067062823258055,1.0,ordinary_through_h_mean_finite_starts,runs/classical_koopman/dysts_Sakarya/seed_2/rows.csv
dysts,classical_koopman,dysts:SanUmSrisuchinwong,0,edmd_poly,ok,4000,3.6982562089628637,1.0,ordinary_through_h_mean_finite_starts,runs/classical_koopman/dysts_SanUmSrisuchinwong/seed_0/rows.csv
dysts,classical_koopman,dysts:SanUmSrisuchinwong,1,edmd_poly,ok,4000,3.5912441194044082,1.0,ordinary_through_h_mean_finite_starts,runs/classical_koopman/dysts_SanUmSrisuchinwong/seed_1/rows.csv
dysts,classical_koopman,dysts:SanUmSrisuchinwong,2,edmd_poly,ok,4000,3.5901487865772754,1.0,ordinary_through_h_mean_finite_starts,runs/classical_koopman/dysts_SanUmSrisuchinwong/seed_2/rows.csv
dysts,classical_koopman,dysts:ShimizuMorioka,0,edmd_poly,ok,4000,3.266704335634025,1.0,ordinary_through_h_mean_finite_starts,runs/classical_koopman/dysts_ShimizuMorioka/seed_0/rows.csv
dysts,classical_koopman,dysts:ShimizuMorioka,1,edmd_poly,ok,4000,3.317397320486233,1.0,ordinary_through_h_mean_finite_starts,runs/classical_koopman/dysts_ShimizuMorioka/seed_1/rows.csv
dysts,classical_koopman,dysts:ShimizuMorioka,2,edmd_poly,ok,4000,3.2179747541423347,1.0,ordinary_through_h_mean_finite_starts,runs/classical_koopman/dysts_ShimizuMorioka/seed_2/rows.csv
dysts,classical_koopman,dysts:WangSun,0,edmd_poly,ok,4000,3.464884373529317,1.0,ordinary_through_h_mean_finite_starts,runs/classical_koopman/dysts_WangSun/seed_0/rows.csv
dysts,classical_koopman,dysts:WangSun,1,edmd_poly,ok,4000,3.4436790700075512,1.0,ordinary_through_h_mean_finite_starts,runs/classical_koopman/dysts_WangSun/seed_1/rows.csv
dysts,classical_koopman,dysts:WangSun,2,edmd_poly,ok,4000,3.4400092134419746,1.0,ordinary_through_h_mean_finite_starts,runs/classical_koopman/dysts_WangSun/seed_2/rows.csv
dysts,classical_koopman,dysts:Chua,0,rbf_dictionary_edmd,ok,100,0.10350399325865495,1.0,ordinary_through_h_mean_finite_starts,runs/classical_koopman/dysts_Chua/seed_0/rows.csv
dysts,classical_koopman,dysts:Chua,1,rbf_dictionary_edmd,ok,100,0.07657253909331196,1.0,ordinary_through_h_mean_finite_starts,runs/classical_koopman/dysts_Chua/seed_1/rows.csv
dysts,classical_koopman,dysts:Chua,2,rbf_dictionary_edmd,ok,100,0.07236940965094754,1.0,ordinary_through_h_mean_finite_starts,runs/classical_koopman/dysts_Chua/seed_2/rows.csv
dysts,classical_koopman,dysts:Dadras,0,rbf_dictionary_edmd,ok,100,3.008973924199531,1.0,ordinary_through_h_mean_finite_starts,runs/classical_koopman/dysts_Dadras/seed_0/rows.csv
dysts,classical_koopman,dysts:Dadras,1,rbf_dictionary_edmd,ok,100,3.8558219581055773,1.0,ordinary_through_h_mean_finite_starts,runs/classical_koopman/dysts_Dadras/seed_1/rows.csv
dysts,classical_koopman,dysts:Dadras,2,rbf_dictionary_edmd,ok,100,2.8048757113502183,1.0,ordinary_through_h_mean_finite_starts,runs/classical_koopman/dysts_Dadras/seed_2/rows.csv
dysts,classical_koopman,dysts:DequanLi,0,rbf_dictionary_edmd,ok,100,0.01722056996543326,1.0,ordinary_through_h_mean_finite_starts,runs/classical_koopman/dysts_DequanLi/seed_0/rows.csv
dysts,classical_koopman,dysts:DequanLi,1,rbf_dictionary_edmd,ok,100,0.018419686054067956,1.0,ordinary_through_h_mean_finite_starts,runs/classical_koopman/dysts_DequanLi/seed_1/rows.csv
dysts,classical_koopman,dysts:DequanLi,2,rbf_dictionary_edmd,ok,100,0.0767941369653497,1.0,ordinary_through_h_mean_finite_starts,runs/classical_koopman/dysts_DequanLi/seed_2/rows.csv
dysts,classical_koopman,dysts:Hadley,0,rbf_dictionary_edmd,ok,100,0.027547972749638445,1.0,ordinary_through_h_mean_finite_starts,runs/classical_koopman/dysts_Hadley/seed_0/rows.csv
dysts,classical_koopman,dysts:Hadley,1,rbf_dictionary_edmd,ok,100,0.031602025188311074,1.0,ordinary_through_h_mean_finite_starts,runs/classical_koopman/dysts_Hadley/seed_1/rows.csv
dysts,classical_koopman,dysts:Hadley,2,rbf_dictionary_edmd,ok,100,0.028975796342383727,1.0,ordinary_through_h_mean_finite_starts,runs/classical_koopman/dysts_Hadley/seed_2/rows.csv
dysts,classical_koopman,dysts:LuChenCheng,0,rbf_dictionary_edmd,ok,100,0.39896486479322923,1.0,ordinary_through_h_mean_finite_starts,runs/classical_koopman/dysts_LuChenCheng/seed_0/rows.csv
dysts,classical_koopman,dysts:LuChenCheng,1,rbf_dictionary_edmd,ok,100,0.41049212775864435,1.0,ordinary_through_h_mean_finite_starts,runs/classical_koopman/dysts_LuChenCheng/seed_1/rows.csv
dysts,classical_koopman,dysts:LuChenCheng,2,rbf_dictionary_edmd,ok,100,0.2657065522892241,1.0,ordinary_through_h_mean_finite_starts,runs/classical_koopman/dysts_LuChenCheng/seed_2/rows.csv
dysts,classical_koopman,dysts:QiChen,0,rbf_dictionary_edmd,ok,100,0.41591872914174877,1.0,ordinary_through_h_mean_finite_starts,runs/classical_koopman/dysts_QiChen/seed_0/rows.csv
dysts,classical_koopman,dysts:QiChen,1,rbf_dictionary_edmd,ok,100,0.34005551997946415,1.0,ordinary_through_h_mean_finite_starts,runs/classical_koopman/dysts_QiChen/seed_1/rows.csv
dysts,classical_koopman,dysts:QiChen,2,rbf_dictionary_edmd,ok,100,0.5740610273532905,1.0,ordinary_through_h_mean_finite_starts,runs/classical_koopman/dysts_QiChen/seed_2/rows.csv
dysts,classical_koopman,dysts:Sakarya,0,rbf_dictionary_edmd,ok,100,,0.0,ordinary_through_h_mean_finite_starts,runs/classical_koopman/dysts_Sakarya/seed_0/rows.csv
dysts,classical_koopman,dysts:Sakarya,1,rbf_dictionary_edmd,ok,100,,0.0,ordinary_through_h_mean_finite_starts,runs/classical_koopman/dysts_Sakarya/seed_1/rows.csv
dysts,classical_koopman,dysts:Sakarya,2,rbf_dictionary_edmd,ok,100,0.5168867760143686,1.0,ordinary_through_h_mean_finite_starts,runs/classical_koopman/dysts_Sakarya/seed_2/rows.csv
dysts,classical_koopman,dysts:SanUmSrisuchinwong,0,rbf_dictionary_edmd,ok,100,0.48457326482218127,1.0,ordinary_through_h_mean_finite_starts,runs/classical_koopman/dysts_SanUmSrisuchinwong/seed_0/rows.csv
dysts,classical_koopman,dysts:SanUmSrisuchinwong,1,rbf_dictionary_edmd,ok,100,0.7426542923368514,1.0,ordinary_through_h_mean_finite_starts,runs/classical_koopman/dysts_SanUmSrisuchinwong/seed_1/rows.csv
dysts,classical_koopman,dysts:SanUmSrisuchinwong,2,rbf_dictionary_edmd,ok,100,0.47002984087030575,1.0,ordinary_through_h_mean_finite_starts,runs/classical_koopman/dysts_SanUmSrisuchinwong/seed_2/rows.csv
dysts,classical_koopman,dysts:ShimizuMorioka,0,rbf_dictionary_edmd,ok,100,2.1429272774071775,1.0,ordinary_through_h_mean_finite_starts,runs/classical_koopman/dysts_ShimizuMorioka/seed_0/rows.csv
dysts,classical_koopman,dysts:ShimizuMorioka,1,rbf_dictionary_edmd,ok,100,2.4607083881829896,1.0,ordinary_through_h_mean_finite_starts,runs/classical_koopman/dysts_ShimizuMorioka/seed_1/rows.csv
dysts,classical_koopman,dysts:ShimizuMorioka,2,rbf_dictionary_edmd,ok,100,1.557937404809985,1.0,ordinary_through_h_mean_finite_starts,runs/classical_koopman/dysts_ShimizuMorioka/seed_2/rows.csv
dysts,classical_koopman,dysts:WangSun,0,rbf_dictionary_edmd,ok,100,1.8494983731898234,1.0,ordinary_through_h_mean_finite_starts,runs/classical_koopman/dysts_WangSun/seed_0/rows.csv
dysts,classical_koopman,dysts:WangSun,1,rbf_dictionary_edmd,ok,100,1.455095728814596,1.0,ordinary_through_h_mean_finite_starts,runs/classical_koopman/dysts_WangSun/seed_1/rows.csv
dysts,classical_koopman,dysts:WangSun,2,rbf_dictionary_edmd,ok,100,1.4494301712633335,1.0,ordinary_through_h_mean_finite_starts,runs/classical_koopman/dysts_WangSun/seed_2/rows.csv
dysts,classical_koopman,dysts:Chua,0,rbf_dictionary_edmd,ok,2000,2.5075844508189635,1.0,ordinary_through_h_mean_finite_starts,runs/classical_koopman/dysts_Chua/seed_0/rows.csv
dysts,classical_koopman,dysts:Chua,1,rbf_dictionary_edmd,ok,2000,2.6548076230323776,1.0,ordinary_through_h_mean_finite_starts,runs/classical_koopman/dysts_Chua/seed_1/rows.csv
dysts,classical_koopman,dysts:Chua,2,rbf_dictionary_edmd,ok,2000,2.4135542299134873,1.0,ordinary_through_h_mean_finite_starts,runs/classical_koopman/dysts_Chua/seed_2/rows.csv
dysts,classical_koopman,dysts:Dadras,0,rbf_dictionary_edmd,ok,2000,2.826334132690859,1.0,ordinary_through_h_mean_finite_starts,runs/classical_koopman/dysts_Dadras/seed_0/rows.csv
dysts,classical_koopman,dysts:Dadras,1,rbf_dictionary_edmd,ok,2000,2.8899479992773904,1.0,ordinary_through_h_mean_finite_starts,runs/classical_koopman/dysts_Dadras/seed_1/rows.csv
dysts,classical_koopman,dysts:Dadras,2,rbf_dictionary_edmd,ok,2000,2.7934648043571646,1.0,ordinary_through_h_mean_finite_starts,runs/classical_koopman/dysts_Dadras/seed_2/rows.csv
dysts,classical_koopman,dysts:DequanLi,0,rbf_dictionary_edmd,ok,2000,2.485223457569118,1.0,ordinary_through_h_mean_finite_starts,runs/classical_koopman/dysts_DequanLi/seed_0/rows.csv
dysts,classical_koopman,dysts:DequanLi,1,rbf_dictionary_edmd,ok,2000,2.998216134186379,1.0,ordinary_through_h_mean_finite_starts,runs/classical_koopman/dysts_DequanLi/seed_1/rows.csv
dysts,classical_koopman,dysts:DequanLi,2,rbf_dictionary_edmd,ok,2000,2.661818646408964,1.0,ordinary_through_h_mean_finite_starts,runs/classical_koopman/dysts_DequanLi/seed_2/rows.csv
dysts,classical_koopman,dysts:Hadley,0,rbf_dictionary_edmd,ok,2000,2.830238091514423,1.0,ordinary_through_h_mean_finite_starts,runs/classical_koopman/dysts_Hadley/seed_0/rows.csv
dysts,classical_koopman,dysts:Hadley,1,rbf_dictionary_edmd,ok,2000,2.863484866554685,1.0,ordinary_through_h_mean_finite_starts,runs/classical_koopman/dysts_Hadley/seed_1/rows.csv
dysts,classical_koopman,dysts:Hadley,2,rbf_dictionary_edmd,ok,2000,2.7059183242768565,1.0,ordinary_through_h_mean_finite_starts,runs/classical_koopman/dysts_Hadley/seed_2/rows.csv
dysts,classical_koopman,dysts:LuChenCheng,0,rbf_dictionary_edmd,ok,2000,2.1770134711412426,1.0,ordinary_through_h_mean_finite_starts,runs/classical_koopman/dysts_LuChenCheng/seed_0/rows.csv
dysts,classical_koopman,dysts:LuChenCheng,1,rbf_dictionary_edmd,ok,2000,2.2029381308456895,1.0,ordinary_through_h_mean_finite_starts,runs/classical_koopman/dysts_LuChenCheng/seed_1/rows.csv
dysts,classical_koopman,dysts:LuChenCheng,2,rbf_dictionary_edmd,ok,2000,2.236672933431332,1.0,ordinary_through_h_mean_finite_starts,runs/classical_koopman/dysts_LuChenCheng/seed_2/rows.csv
dysts,classical_koopman,dysts:QiChen,0,rbf_dictionary_edmd,ok,2000,2.9433718189196036,1.0,ordinary_through_h_mean_finite_starts,runs/classical_koopman/dysts_QiChen/seed_0/rows.csv
dysts,classical_koopman,dysts:QiChen,1,rbf_dictionary_edmd,ok,2000,3.025080269973256,1.0,ordinary_through_h_mean_finite_starts,runs/classical_koopman/dysts_QiChen/seed_1/rows.csv
dysts,classical_koopman,dysts:QiChen,2,rbf_dictionary_edmd,ok,2000,3.0298113256114134,1.0,ordinary_through_h_mean_finite_starts,runs/classical_koopman/dysts_QiChen/seed_2/rows.csv
dysts,classical_koopman,dysts:Sakarya,0,rbf_dictionary_edmd,ok,2000,,0.0,ordinary_through_h_mean_finite_starts,runs/classical_koopman/dysts_Sakarya/seed_0/rows.csv
dysts,classical_koopman,dysts:Sakarya,1,rbf_dictionary_edmd,ok,2000,,0.0,ordinary_through_h_mean_finite_starts,runs/classical_koopman/dysts_Sakarya/seed_1/rows.csv
dysts,classical_koopman,dysts:Sakarya,2,rbf_dictionary_edmd,ok,2000,2.685174464882084,1.0,ordinary_through_h_mean_finite_starts,runs/classical_koopman/dysts_Sakarya/seed_2/rows.csv
dysts,classical_koopman,dysts:SanUmSrisuchinwong,0,rbf_dictionary_edmd,ok,2000,3.393032138354146,1.0,ordinary_through_h_mean_finite_starts,runs/classical_koopman/dysts_SanUmSrisuchinwong/seed_0/rows.csv
dysts,classical_koopman,dysts:SanUmSrisuchinwong,1,rbf_dictionary_edmd,ok,2000,3.440031412370423,1.0,ordinary_through_h_mean_finite_starts,runs/classical_koopman/dysts_SanUmSrisuchinwong/seed_1/rows.csv
dysts,classical_koopman,dysts:SanUmSrisuchinwong,2,rbf_dictionary_edmd,ok,2000,3.4387164885898924,1.0,ordinary_through_h_mean_finite_starts,runs/classical_koopman/dysts_SanUmSrisuchinwong/seed_2/rows.csv
dysts,classical_koopman,dysts:ShimizuMorioka,0,rbf_dictionary_edmd,ok,2000,2.818209831845272,1.0,ordinary_through_h_mean_finite_starts,runs/classical_koopman/dysts_ShimizuMorioka/seed_0/rows.csv
dysts,classical_koopman,dysts:ShimizuMorioka,1,rbf_dictionary_edmd,ok,2000,2.984882331535559,1.0,ordinary_through_h_mean_finite_starts,runs/classical_koopman/dysts_ShimizuMorioka/seed_1/rows.csv
dysts,classical_koopman,dysts:ShimizuMorioka,2,rbf_dictionary_edmd,ok,2000,2.743155590232986,1.0,ordinary_through_h_mean_finite_starts,runs/classical_koopman/dysts_ShimizuMorioka/seed_2/rows.csv
dysts,classical_koopman,dysts:WangSun,0,rbf_dictionary_edmd,ok,2000,3.4271669327486025,1.0,ordinary_through_h_mean_finite_starts,runs/classical_koopman/dysts_WangSun/seed_0/rows.csv
dysts,classical_koopman,dysts:WangSun,1,rbf_dictionary_edmd,ok,2000,3.3315907525029296,1.0,ordinary_through_h_mean_finite_starts,runs/classical_koopman/dysts_WangSun/seed_1/rows.csv
dysts,classical_koopman,dysts:WangSun,2,rbf_dictionary_edmd,ok,2000,3.3715461918017287,1.0,ordinary_through_h_mean_finite_starts,runs/classical_koopman/dysts_WangSun/seed_2/rows.csv
dysts,classical_koopman,dysts:Chua,0,rbf_dictionary_edmd,ok,4000,2.724522565717706,1.0,ordinary_through_h_mean_finite_starts,runs/classical_koopman/dysts_Chua/seed_0/rows.csv
dysts,classical_koopman,dysts:Chua,1,rbf_dictionary_edmd,ok,4000,2.8345675291056005,1.0,ordinary_through_h_mean_finite_starts,runs/classical_koopman/dysts_Chua/seed_1/rows.csv
dysts,classical_koopman,dysts:Chua,2,rbf_dictionary_edmd,ok,4000,2.6742213294680743,1.0,ordinary_through_h_mean_finite_starts,runs/classical_koopman/dysts_Chua/seed_2/rows.csv
dysts,classical_koopman,dysts:Dadras,0,rbf_dictionary_edmd,ok,4000,2.8366114584949647,1.0,ordinary_through_h_mean_finite_starts,runs/classical_koopman/dysts_Dadras/seed_0/rows.csv
dysts,classical_koopman,dysts:Dadras,1,rbf_dictionary_edmd,ok,4000,2.875466392310854,1.0,ordinary_through_h_mean_finite_starts,runs/classical_koopman/dysts_Dadras/seed_1/rows.csv
dysts,classical_koopman,dysts:Dadras,2,rbf_dictionary_edmd,ok,4000,2.859275018811268,1.0,ordinary_through_h_mean_finite_starts,runs/classical_koopman/dysts_Dadras/seed_2/rows.csv
dysts,classical_koopman,dysts:DequanLi,0,rbf_dictionary_edmd,ok,4000,2.393064339367824,1.0,ordinary_through_h_mean_finite_starts,runs/classical_koopman/dysts_DequanLi/seed_0/rows.csv
dysts,classical_koopman,dysts:DequanLi,1,rbf_dictionary_edmd,ok,4000,2.6122699782463554,1.0,ordinary_through_h_mean_finite_starts,runs/classical_koopman/dysts_DequanLi/seed_1/rows.csv
dysts,classical_koopman,dysts:DequanLi,2,rbf_dictionary_edmd,ok,4000,2.3850917166548853,1.0,ordinary_through_h_mean_finite_starts,runs/classical_koopman/dysts_DequanLi/seed_2/rows.csv
dysts,classical_koopman,dysts:Hadley,0,rbf_dictionary_edmd,ok,4000,3.1048950313829256,1.0,ordinary_through_h_mean_finite_starts,runs/classical_koopman/dysts_Hadley/seed_0/rows.csv
dysts,classical_koopman,dysts:Hadley,1,rbf_dictionary_edmd,ok,4000,3.0690067412019637,1.0,ordinary_through_h_mean_finite_starts,runs/classical_koopman/dysts_Hadley/seed_1/rows.csv
dysts,classical_koopman,dysts:Hadley,2,rbf_dictionary_edmd,ok,4000,3.015625853039326,1.0,ordinary_through_h_mean_finite_starts,runs/classical_koopman/dysts_Hadley/seed_2/rows.csv
dysts,classical_koopman,dysts:LuChenCheng,0,rbf_dictionary_edmd,ok,4000,2.433837010465336,1.0,ordinary_through_h_mean_finite_starts,runs/classical_koopman/dysts_LuChenCheng/seed_0/rows.csv
dysts,classical_koopman,dysts:LuChenCheng,1,rbf_dictionary_edmd,ok,4000,2.4007744553531394,1.0,ordinary_through_h_mean_finite_starts,runs/classical_koopman/dysts_LuChenCheng/seed_1/rows.csv
dysts,classical_koopman,dysts:LuChenCheng,2,rbf_dictionary_edmd,ok,4000,2.499233895670415,1.0,ordinary_through_h_mean_finite_starts,runs/classical_koopman/dysts_LuChenCheng/seed_2/rows.csv
dysts,classical_koopman,dysts:QiChen,0,rbf_dictionary_edmd,ok,4000,3.0177985194389625,1.0,ordinary_through_h_mean_finite_starts,runs/classical_koopman/dysts_QiChen/seed_0/rows.csv
dysts,classical_koopman,dysts:QiChen,1,rbf_dictionary_edmd,ok,4000,3.0513113504783878,1.0,ordinary_through_h_mean_finite_starts,runs/classical_koopman/dysts_QiChen/seed_1/rows.csv
dysts,classical_koopman,dysts:QiChen,2,rbf_dictionary_edmd,ok,4000,3.0518169741774215,1.0,ordinary_through_h_mean_finite_starts,runs/classical_koopman/dysts_QiChen/seed_2/rows.csv
dysts,classical_koopman,dysts:Sakarya,0,rbf_dictionary_edmd,ok,4000,,0.0,ordinary_through_h_mean_finite_starts,runs/classical_koopman/dysts_Sakarya/seed_0/rows.csv
dysts,classical_koopman,dysts:Sakarya,1,rbf_dictionary_edmd,ok,4000,,0.0,ordinary_through_h_mean_finite_starts,runs/classical_koopman/dysts_Sakarya/seed_1/rows.csv
dysts,classical_koopman,dysts:Sakarya,2,rbf_dictionary_edmd,ok,4000,2.7489934795042568,1.0,ordinary_through_h_mean_finite_starts,runs/classical_koopman/dysts_Sakarya/seed_2/rows.csv
dysts,classical_koopman,dysts:SanUmSrisuchinwong,0,rbf_dictionary_edmd,ok,4000,3.429351416244752,1.0,ordinary_through_h_mean_finite_starts,runs/classical_koopman/dysts_SanUmSrisuchinwong/seed_0/rows.csv
dysts,classical_koopman,dysts:SanUmSrisuchinwong,1,rbf_dictionary_edmd,ok,4000,3.3626629742634857,1.0,ordinary_through_h_mean_finite_starts,runs/classical_koopman/dysts_SanUmSrisuchinwong/seed_1/rows.csv
dysts,classical_koopman,dysts:SanUmSrisuchinwong,2,rbf_dictionary_edmd,ok,4000,3.3102538713192393,1.0,ordinary_through_h_mean_finite_starts,runs/classical_koopman/dysts_SanUmSrisuchinwong/seed_2/rows.csv
dysts,classical_koopman,dysts:ShimizuMorioka,0,rbf_dictionary_edmd,ok,4000,2.88988421082214,1.0,ordinary_through_h_mean_finite_starts,runs/classical_koopman/dysts_ShimizuMorioka/seed_0/rows.csv
dysts,classical_koopman,dysts:ShimizuMorioka,1,rbf_dictionary_edmd,ok,4000,2.975595345207344,1.0,ordinary_through_h_mean_finite_starts,runs/classical_koopman/dysts_ShimizuMorioka/seed_1/rows.csv
dysts,classical_koopman,dysts:ShimizuMorioka,2,rbf_dictionary_edmd,ok,4000,2.846117241114102,1.0,ordinary_through_h_mean_finite_starts,runs/classical_koopman/dysts_ShimizuMorioka/seed_2/rows.csv
dysts,classical_koopman,dysts:WangSun,0,rbf_dictionary_edmd,ok,4000,3.4844278592569493,1.0,ordinary_through_h_mean_finite_starts,runs/classical_koopman/dysts_WangSun/seed_0/rows.csv
dysts,classical_koopman,dysts:WangSun,1,rbf_dictionary_edmd,ok,4000,3.426551707976742,1.0,ordinary_through_h_mean_finite_starts,runs/classical_koopman/dysts_WangSun/seed_1/rows.csv
dysts,classical_koopman,dysts:WangSun,2,rbf_dictionary_edmd,ok,4000,3.461069109375625,1.0,ordinary_through_h_mean_finite_starts,runs/classical_koopman/dysts_WangSun/seed_2/rows.csv
dysts,mixture_local_linear,dysts:Chua,0,kmeans_hard,ok,100,0.06871338321659182,1.0,finite_step_prefix_mean,runs/mixture_local_linear/dysts_Chua/seed_0/rows.csv
dysts,mixture_local_linear,dysts:Chua,1,kmeans_hard,ok,100,0.06930305114317899,1.0,finite_step_prefix_mean,runs/mixture_local_linear/dysts_Chua/seed_1/rows.csv
dysts,mixture_local_linear,dysts:Chua,2,kmeans_hard,ok,100,0.064767130261725,1.0,finite_step_prefix_mean,runs/mixture_local_linear/dysts_Chua/seed_2/rows.csv
dysts,mixture_local_linear,dysts:Dadras,0,kmeans_hard,ok,100,3.9130360199627607,1.0,finite_step_prefix_mean,runs/mixture_local_linear/dysts_Dadras/seed_0/rows.csv
dysts,mixture_local_linear,dysts:Dadras,1,kmeans_hard,ok,100,4.182018957620153,1.0,finite_step_prefix_mean,runs/mixture_local_linear/dysts_Dadras/seed_1/rows.csv
dysts,mixture_local_linear,dysts:Dadras,2,kmeans_hard,ok,100,4.099170585267607,1.0,finite_step_prefix_mean,runs/mixture_local_linear/dysts_Dadras/seed_2/rows.csv
dysts,mixture_local_linear,dysts:DequanLi,0,kmeans_hard,ok,100,0.4690629374139953,1.0,finite_step_prefix_mean,runs/mixture_local_linear/dysts_DequanLi/seed_0/rows.csv
dysts,mixture_local_linear,dysts:DequanLi,1,kmeans_hard,ok,100,0.384700420728527,1.0,finite_step_prefix_mean,runs/mixture_local_linear/dysts_DequanLi/seed_1/rows.csv
dysts,mixture_local_linear,dysts:DequanLi,2,kmeans_hard,ok,100,0.509735248925331,1.0,finite_step_prefix_mean,runs/mixture_local_linear/dysts_DequanLi/seed_2/rows.csv
dysts,mixture_local_linear,dysts:Hadley,0,kmeans_hard,ok,100,0.07821346366951898,1.0,finite_step_prefix_mean,runs/mixture_local_linear/dysts_Hadley/seed_0/rows.csv
dysts,mixture_local_linear,dysts:Hadley,1,kmeans_hard,ok,100,0.09956201175740174,1.0,finite_step_prefix_mean,runs/mixture_local_linear/dysts_Hadley/seed_1/rows.csv
dysts,mixture_local_linear,dysts:Hadley,2,kmeans_hard,ok,100,0.09697191615211427,1.0,finite_step_prefix_mean,runs/mixture_local_linear/dysts_Hadley/seed_2/rows.csv
dysts,mixture_local_linear,dysts:LuChenCheng,0,kmeans_hard,ok,100,0.07005344355828058,1.0,finite_step_prefix_mean,runs/mixture_local_linear/dysts_LuChenCheng/seed_0/rows.csv
dysts,mixture_local_linear,dysts:LuChenCheng,1,kmeans_hard,ok,100,0.07206081144729223,1.0,finite_step_prefix_mean,runs/mixture_local_linear/dysts_LuChenCheng/seed_1/rows.csv
dysts,mixture_local_linear,dysts:LuChenCheng,2,kmeans_hard,ok,100,0.07154327857555179,1.0,finite_step_prefix_mean,runs/mixture_local_linear/dysts_LuChenCheng/seed_2/rows.csv
dysts,mixture_local_linear,dysts:QiChen,0,kmeans_hard,ok,100,0.44320399329980653,1.0,finite_step_prefix_mean,runs/mixture_local_linear/dysts_QiChen/seed_0/rows.csv
dysts,mixture_local_linear,dysts:QiChen,1,kmeans_hard,ok,100,0.6982992337447286,1.0,finite_step_prefix_mean,runs/mixture_local_linear/dysts_QiChen/seed_1/rows.csv
dysts,mixture_local_linear,dysts:QiChen,2,kmeans_hard,ok,100,0.6904985118611191,1.0,finite_step_prefix_mean,runs/mixture_local_linear/dysts_QiChen/seed_2/rows.csv
dysts,mixture_local_linear,dysts:Sakarya,0,kmeans_hard,ok,100,2.1381813129792873,1.0,finite_step_prefix_mean,runs/mixture_local_linear/dysts_Sakarya/seed_0/rows.csv
dysts,mixture_local_linear,dysts:Sakarya,1,kmeans_hard,ok,100,2.0845598931802853,1.0,finite_step_prefix_mean,runs/mixture_local_linear/dysts_Sakarya/seed_1/rows.csv
dysts,mixture_local_linear,dysts:Sakarya,2,kmeans_hard,ok,100,1.860020691680811,1.0,finite_step_prefix_mean,runs/mixture_local_linear/dysts_Sakarya/seed_2/rows.csv
dysts,mixture_local_linear,dysts:SanUmSrisuchinwong,0,kmeans_hard,ok,100,0.5837432111534546,1.0,finite_step_prefix_mean,runs/mixture_local_linear/dysts_SanUmSrisuchinwong/seed_0/rows.csv
dysts,mixture_local_linear,dysts:SanUmSrisuchinwong,1,kmeans_hard,ok,100,1.0957869347815563,1.0,finite_step_prefix_mean,runs/mixture_local_linear/dysts_SanUmSrisuchinwong/seed_1/rows.csv
dysts,mixture_local_linear,dysts:SanUmSrisuchinwong,2,kmeans_hard,ok,100,0.6592184069010594,1.0,finite_step_prefix_mean,runs/mixture_local_linear/dysts_SanUmSrisuchinwong/seed_2/rows.csv
dysts,mixture_local_linear,dysts:ShimizuMorioka,0,kmeans_hard,ok,100,14.07668916430562,1.0,finite_step_prefix_mean,runs/mixture_local_linear/dysts_ShimizuMorioka/seed_0/rows.csv
dysts,mixture_local_linear,dysts:ShimizuMorioka,1,kmeans_hard,ok,100,11.151548161442307,1.0,finite_step_prefix_mean,runs/mixture_local_linear/dysts_ShimizuMorioka/seed_1/rows.csv
dysts,mixture_local_linear,dysts:ShimizuMorioka,2,kmeans_hard,ok,100,11.986801795787997,1.0,finite_step_prefix_mean,runs/mixture_local_linear/dysts_ShimizuMorioka/seed_2/rows.csv
dysts,mixture_local_linear,dysts:WangSun,0,kmeans_hard,ok,100,1.9443559914768007,1.0,finite_step_prefix_mean,runs/mixture_local_linear/dysts_WangSun/seed_0/rows.csv
dysts,mixture_local_linear,dysts:WangSun,1,kmeans_hard,ok,100,2.331725231930365,1.0,finite_step_prefix_mean,runs/mixture_local_linear/dysts_WangSun/seed_1/rows.csv
dysts,mixture_local_linear,dysts:WangSun,2,kmeans_hard,ok,100,2.693359388301188,1.0,finite_step_prefix_mean,runs/mixture_local_linear/dysts_WangSun/seed_2/rows.csv
dysts,mixture_local_linear,dysts:Chua,0,kmeans_hard,ok,2000,4.498052273860967,1.0,finite_step_prefix_mean,runs/mixture_local_linear/dysts_Chua/seed_0/rows.csv
dysts,mixture_local_linear,dysts:Chua,1,kmeans_hard,ok,2000,4.3260088242579355,1.0,finite_step_prefix_mean,runs/mixture_local_linear/dysts_Chua/seed_1/rows.csv
dysts,mixture_local_linear,dysts:Chua,2,kmeans_hard,ok,2000,4.361555564237898,1.0,finite_step_prefix_mean,runs/mixture_local_linear/dysts_Chua/seed_2/rows.csv
dysts,mixture_local_linear,dysts:Dadras,0,kmeans_hard,ok,2000,5.095005144888302,1.0,finite_step_prefix_mean,runs/mixture_local_linear/dysts_Dadras/seed_0/rows.csv
dysts,mixture_local_linear,dysts:Dadras,1,kmeans_hard,ok,2000,5.043217732516528,1.0,finite_step_prefix_mean,runs/mixture_local_linear/dysts_Dadras/seed_1/rows.csv
dysts,mixture_local_linear,dysts:Dadras,2,kmeans_hard,ok,2000,5.167492742834768,1.0,finite_step_prefix_mean,runs/mixture_local_linear/dysts_Dadras/seed_2/rows.csv
dysts,mixture_local_linear,dysts:DequanLi,0,kmeans_hard,ok,2000,6.2588032202411785,1.0,finite_step_prefix_mean,runs/mixture_local_linear/dysts_DequanLi/seed_0/rows.csv
dysts,mixture_local_linear,dysts:DequanLi,1,kmeans_hard,ok,2000,5.6146259113093215,1.0,finite_step_prefix_mean,runs/mixture_local_linear/dysts_DequanLi/seed_1/rows.csv
dysts,mixture_local_linear,dysts:DequanLi,2,kmeans_hard,ok,2000,6.668853419964881,1.0,finite_step_prefix_mean,runs/mixture_local_linear/dysts_DequanLi/seed_2/rows.csv
dysts,mixture_local_linear,dysts:Hadley,0,kmeans_hard,ok,2000,130.76678244152765,1.0,finite_step_prefix_mean,runs/mixture_local_linear/dysts_Hadley/seed_0/rows.csv
dysts,mixture_local_linear,dysts:Hadley,1,kmeans_hard,ok,2000,14.240255571382658,1.0,finite_step_prefix_mean,runs/mixture_local_linear/dysts_Hadley/seed_1/rows.csv
dysts,mixture_local_linear,dysts:Hadley,2,kmeans_hard,ok,2000,11.816058872886273,1.0,finite_step_prefix_mean,runs/mixture_local_linear/dysts_Hadley/seed_2/rows.csv
dysts,mixture_local_linear,dysts:LuChenCheng,0,kmeans_hard,ok,2000,4.5491849058692036e+151,1.0,finite_step_prefix_mean,runs/mixture_local_linear/dysts_LuChenCheng/seed_0/rows.csv
dysts,mixture_local_linear,dysts:LuChenCheng,1,kmeans_hard,ok,2000,2.48123867798227e+123,1.0,finite_step_prefix_mean,runs/mixture_local_linear/dysts_LuChenCheng/seed_1/rows.csv
dysts,mixture_local_linear,dysts:LuChenCheng,2,kmeans_hard,ok,2000,7.614927877465646e+136,1.0,finite_step_prefix_mean,runs/mixture_local_linear/dysts_LuChenCheng/seed_2/rows.csv
dysts,mixture_local_linear,dysts:QiChen,0,kmeans_hard,ok,2000,5.362958830172126,1.0,finite_step_prefix_mean,runs/mixture_local_linear/dysts_QiChen/seed_0/rows.csv
dysts,mixture_local_linear,dysts:QiChen,1,kmeans_hard,ok,2000,5.252405014684237,1.0,finite_step_prefix_mean,runs/mixture_local_linear/dysts_QiChen/seed_1/rows.csv
dysts,mixture_local_linear,dysts:QiChen,2,kmeans_hard,ok,2000,5.1667450110873405,1.0,finite_step_prefix_mean,runs/mixture_local_linear/dysts_QiChen/seed_2/rows.csv
dysts,mixture_local_linear,dysts:Sakarya,0,kmeans_hard,ok,2000,5.518199522973018,1.0,finite_step_prefix_mean,runs/mixture_local_linear/dysts_Sakarya/seed_0/rows.csv
dysts,mixture_local_linear,dysts:Sakarya,1,kmeans_hard,ok,2000,5.855425983144791,1.0,finite_step_prefix_mean,runs/mixture_local_linear/dysts_Sakarya/seed_1/rows.csv
dysts,mixture_local_linear,dysts:Sakarya,2,kmeans_hard,ok,2000,5.62035550617368,1.0,finite_step_prefix_mean,runs/mixture_local_linear/dysts_Sakarya/seed_2/rows.csv
dysts,mixture_local_linear,dysts:SanUmSrisuchinwong,0,kmeans_hard,ok,2000,6.89259702957157,1.0,finite_step_prefix_mean,runs/mixture_local_linear/dysts_SanUmSrisuchinwong/seed_0/rows.csv
dysts,mixture_local_linear,dysts:SanUmSrisuchinwong,1,kmeans_hard,ok,2000,7.260931782840126,1.0,finite_step_prefix_mean,runs/mixture_local_linear/dysts_SanUmSrisuchinwong/seed_1/rows.csv
dysts,mixture_local_linear,dysts:SanUmSrisuchinwong,2,kmeans_hard,ok,2000,6.5394653877685025,1.0,finite_step_prefix_mean,runs/mixture_local_linear/dysts_SanUmSrisuchinwong/seed_2/rows.csv
dysts,mixture_local_linear,dysts:ShimizuMorioka,0,kmeans_hard,ok,2000,1.1645269347099217e+68,1.0,finite_step_prefix_mean,runs/mixture_local_linear/dysts_ShimizuMorioka/seed_0/rows.csv
dysts,mixture_local_linear,dysts:ShimizuMorioka,1,kmeans_hard,ok,2000,4.027861972649412e+66,1.0,finite_step_prefix_mean,runs/mixture_local_linear/dysts_ShimizuMorioka/seed_1/rows.csv
dysts,mixture_local_linear,dysts:ShimizuMorioka,2,kmeans_hard,ok,2000,1.3185767304026352e+68,1.0,finite_step_prefix_mean,runs/mixture_local_linear/dysts_ShimizuMorioka/seed_2/rows.csv
dysts,mixture_local_linear,dysts:WangSun,0,kmeans_hard,ok,2000,7.024838301412847,1.0,finite_step_prefix_mean,runs/mixture_local_linear/dysts_WangSun/seed_0/rows.csv
dysts,mixture_local_linear,dysts:WangSun,1,kmeans_hard,ok,2000,7.048586859532913,1.0,finite_step_prefix_mean,runs/mixture_local_linear/dysts_WangSun/seed_1/rows.csv
dysts,mixture_local_linear,dysts:WangSun,2,kmeans_hard,ok,2000,6.951447859650942,1.0,finite_step_prefix_mean,runs/mixture_local_linear/dysts_WangSun/seed_2/rows.csv
dysts,mixture_local_linear,dysts:Chua,0,kmeans_hard,ok,4000,5.56167009625107,1.0,finite_step_prefix_mean,runs/mixture_local_linear/dysts_Chua/seed_0/rows.csv
dysts,mixture_local_linear,dysts:Chua,1,kmeans_hard,ok,4000,5.232388162935698,1.0,finite_step_prefix_mean,runs/mixture_local_linear/dysts_Chua/seed_1/rows.csv
dysts,mixture_local_linear,dysts:Chua,2,kmeans_hard,ok,4000,5.174340903967146,1.0,finite_step_prefix_mean,runs/mixture_local_linear/dysts_Chua/seed_2/rows.csv
dysts,mixture_local_linear,dysts:Dadras,0,kmeans_hard,ok,4000,5.193030466489282,1.0,finite_step_prefix_mean,runs/mixture_local_linear/dysts_Dadras/seed_0/rows.csv
dysts,mixture_local_linear,dysts:Dadras,1,kmeans_hard,ok,4000,5.070012356605656,1.0,finite_step_prefix_mean,runs/mixture_local_linear/dysts_Dadras/seed_1/rows.csv
dysts,mixture_local_linear,dysts:Dadras,2,kmeans_hard,ok,4000,5.204297849815853,1.0,finite_step_prefix_mean,runs/mixture_local_linear/dysts_Dadras/seed_2/rows.csv
dysts,mixture_local_linear,dysts:DequanLi,0,kmeans_hard,ok,4000,6.872070659009295,1.0,finite_step_prefix_mean,runs/mixture_local_linear/dysts_DequanLi/seed_0/rows.csv
dysts,mixture_local_linear,dysts:DequanLi,1,kmeans_hard,ok,4000,6.423311738895649,1.0,finite_step_prefix_mean,runs/mixture_local_linear/dysts_DequanLi/seed_1/rows.csv
dysts,mixture_local_linear,dysts:DequanLi,2,kmeans_hard,ok,4000,7.077538637721534,1.0,finite_step_prefix_mean,runs/mixture_local_linear/dysts_DequanLi/seed_2/rows.csv
dysts,mixture_local_linear,dysts:Hadley,0,kmeans_hard,ok,4000,826399786889.6646,1.0,finite_step_prefix_mean,runs/mixture_local_linear/dysts_Hadley/seed_0/rows.csv
dysts,mixture_local_linear,dysts:Hadley,1,kmeans_hard,ok,4000,11062489422.469746,1.0,finite_step_prefix_mean,runs/mixture_local_linear/dysts_Hadley/seed_1/rows.csv
dysts,mixture_local_linear,dysts:Hadley,2,kmeans_hard,ok,4000,8219026597.284061,1.0,finite_step_prefix_mean,runs/mixture_local_linear/dysts_Hadley/seed_2/rows.csv
dysts,mixture_local_linear,dysts:LuChenCheng,0,kmeans_hard,ok,4000,,0.88,finite_step_prefix_mean,runs/mixture_local_linear/dysts_LuChenCheng/seed_0/rows.csv
dysts,mixture_local_linear,dysts:LuChenCheng,1,kmeans_hard,ok,4000,,0.93,finite_step_prefix_mean,runs/mixture_local_linear/dysts_LuChenCheng/seed_1/rows.csv
dysts,mixture_local_linear,dysts:LuChenCheng,2,kmeans_hard,ok,4000,,0.96,finite_step_prefix_mean,runs/mixture_local_linear/dysts_LuChenCheng/seed_2/rows.csv
dysts,mixture_local_linear,dysts:QiChen,0,kmeans_hard,ok,4000,5.553060822021194,1.0,finite_step_prefix_mean,runs/mixture_local_linear/dysts_QiChen/seed_0/rows.csv
dysts,mixture_local_linear,dysts:QiChen,1,kmeans_hard,ok,4000,5.3647409805895,1.0,finite_step_prefix_mean,runs/mixture_local_linear/dysts_QiChen/seed_1/rows.csv
dysts,mixture_local_linear,dysts:QiChen,2,kmeans_hard,ok,4000,5.330170839989892,1.0,finite_step_prefix_mean,runs/mixture_local_linear/dysts_QiChen/seed_2/rows.csv
dysts,mixture_local_linear,dysts:Sakarya,0,kmeans_hard,ok,4000,502425067832389.75,1.0,finite_step_prefix_mean,runs/mixture_local_linear/dysts_Sakarya/seed_0/rows.csv
dysts,mixture_local_linear,dysts:Sakarya,1,kmeans_hard,ok,4000,5.775478294135656,1.0,finite_step_prefix_mean,runs/mixture_local_linear/dysts_Sakarya/seed_1/rows.csv
dysts,mixture_local_linear,dysts:Sakarya,2,kmeans_hard,ok,4000,5.647745816849161,1.0,finite_step_prefix_mean,runs/mixture_local_linear/dysts_Sakarya/seed_2/rows.csv
dysts,mixture_local_linear,dysts:SanUmSrisuchinwong,0,kmeans_hard,ok,4000,6.927020463819506,1.0,finite_step_prefix_mean,runs/mixture_local_linear/dysts_SanUmSrisuchinwong/seed_0/rows.csv
dysts,mixture_local_linear,dysts:SanUmSrisuchinwong,1,kmeans_hard,ok,4000,7.501749255449852,1.0,finite_step_prefix_mean,runs/mixture_local_linear/dysts_SanUmSrisuchinwong/seed_1/rows.csv
dysts,mixture_local_linear,dysts:SanUmSrisuchinwong,2,kmeans_hard,ok,4000,6.570483049811202,1.0,finite_step_prefix_mean,runs/mixture_local_linear/dysts_SanUmSrisuchinwong/seed_2/rows.csv
dysts,mixture_local_linear,dysts:ShimizuMorioka,0,kmeans_hard,ok,4000,3.2511311463122905e+141,1.0,finite_step_prefix_mean,runs/mixture_local_linear/dysts_ShimizuMorioka/seed_0/rows.csv
dysts,mixture_local_linear,dysts:ShimizuMorioka,1,kmeans_hard,ok,4000,1.430192344093956e+139,1.0,finite_step_prefix_mean,runs/mixture_local_linear/dysts_ShimizuMorioka/seed_1/rows.csv
dysts,mixture_local_linear,dysts:ShimizuMorioka,2,kmeans_hard,ok,4000,5.305261649023947e+141,1.0,finite_step_prefix_mean,runs/mixture_local_linear/dysts_ShimizuMorioka/seed_2/rows.csv
dysts,mixture_local_linear,dysts:WangSun,0,kmeans_hard,ok,4000,7.219593650908872,1.0,finite_step_prefix_mean,runs/mixture_local_linear/dysts_WangSun/seed_0/rows.csv
dysts,mixture_local_linear,dysts:WangSun,1,kmeans_hard,ok,4000,7.184772331938705,1.0,finite_step_prefix_mean,runs/mixture_local_linear/dysts_WangSun/seed_1/rows.csv
dysts,mixture_local_linear,dysts:WangSun,2,kmeans_hard,ok,4000,7.0919706107704235,1.0,finite_step_prefix_mean,runs/mixture_local_linear/dysts_WangSun/seed_2/rows.csv
dysts,mixture_local_linear,dysts:Chua,0,gmm_hard,ok,100,0.686518953613025,1.0,finite_step_prefix_mean,runs/mixture_local_linear/dysts_Chua/seed_0/rows.csv
dysts,mixture_local_linear,dysts:Chua,1,gmm_hard,ok,100,0.7004168959314755,1.0,finite_step_prefix_mean,runs/mixture_local_linear/dysts_Chua/seed_1/rows.csv
dysts,mixture_local_linear,dysts:Chua,2,gmm_hard,ok,100,0.5995171555310826,1.0,finite_step_prefix_mean,runs/mixture_local_linear/dysts_Chua/seed_2/rows.csv
dysts,mixture_local_linear,dysts:Dadras,0,gmm_hard,ok,100,28.902146800095107,1.0,finite_step_prefix_mean,runs/mixture_local_linear/dysts_Dadras/seed_0/rows.csv
dysts,mixture_local_linear,dysts:Dadras,1,gmm_hard,ok,100,21.919114940714476,1.0,finite_step_prefix_mean,runs/mixture_local_linear/dysts_Dadras/seed_1/rows.csv
dysts,mixture_local_linear,dysts:Dadras,2,gmm_hard,ok,100,34.579436536163236,1.0,finite_step_prefix_mean,runs/mixture_local_linear/dysts_Dadras/seed_2/rows.csv
dysts,mixture_local_linear,dysts:DequanLi,0,gmm_hard,ok,100,0.17113331547137328,1.0,finite_step_prefix_mean,runs/mixture_local_linear/dysts_DequanLi/seed_0/rows.csv
dysts,mixture_local_linear,dysts:DequanLi,1,gmm_hard,ok,100,0.15955698145818487,1.0,finite_step_prefix_mean,runs/mixture_local_linear/dysts_DequanLi/seed_1/rows.csv
dysts,mixture_local_linear,dysts:DequanLi,2,gmm_hard,ok,100,0.19944559338511783,1.0,finite_step_prefix_mean,runs/mixture_local_linear/dysts_DequanLi/seed_2/rows.csv
dysts,mixture_local_linear,dysts:Hadley,0,gmm_hard,ok,100,0.09254657564019368,1.0,finite_step_prefix_mean,runs/mixture_local_linear/dysts_Hadley/seed_0/rows.csv
dysts,mixture_local_linear,dysts:Hadley,1,gmm_hard,ok,100,0.1022507447808219,1.0,finite_step_prefix_mean,runs/mixture_local_linear/dysts_Hadley/seed_1/rows.csv
dysts,mixture_local_linear,dysts:Hadley,2,gmm_hard,ok,100,0.10812317721863515,1.0,finite_step_prefix_mean,runs/mixture_local_linear/dysts_Hadley/seed_2/rows.csv
dysts,mixture_local_linear,dysts:LuChenCheng,0,gmm_hard,ok,100,0.17534462500345926,1.0,finite_step_prefix_mean,runs/mixture_local_linear/dysts_LuChenCheng/seed_0/rows.csv
dysts,mixture_local_linear,dysts:LuChenCheng,1,gmm_hard,ok,100,0.18620793004236805,1.0,finite_step_prefix_mean,runs/mixture_local_linear/dysts_LuChenCheng/seed_1/rows.csv
dysts,mixture_local_linear,dysts:LuChenCheng,2,gmm_hard,ok,100,0.1887768709983449,1.0,finite_step_prefix_mean,runs/mixture_local_linear/dysts_LuChenCheng/seed_2/rows.csv
dysts,mixture_local_linear,dysts:QiChen,0,gmm_hard,ok,100,0.9352524496677236,1.0,finite_step_prefix_mean,runs/mixture_local_linear/dysts_QiChen/seed_0/rows.csv
dysts,mixture_local_linear,dysts:QiChen,1,gmm_hard,ok,100,0.9669743039588287,1.0,finite_step_prefix_mean,runs/mixture_local_linear/dysts_QiChen/seed_1/rows.csv
dysts,mixture_local_linear,dysts:QiChen,2,gmm_hard,ok,100,1.9297227430849202,1.0,finite_step_prefix_mean,runs/mixture_local_linear/dysts_QiChen/seed_2/rows.csv
dysts,mixture_local_linear,dysts:Sakarya,0,gmm_hard,ok,100,1.316698761634265,1.0,finite_step_prefix_mean,runs/mixture_local_linear/dysts_Sakarya/seed_0/rows.csv
dysts,mixture_local_linear,dysts:Sakarya,1,gmm_hard,ok,100,2.1075080503142254,1.0,finite_step_prefix_mean,runs/mixture_local_linear/dysts_Sakarya/seed_1/rows.csv
dysts,mixture_local_linear,dysts:Sakarya,2,gmm_hard,ok,100,1.5817980319589202,1.0,finite_step_prefix_mean,runs/mixture_local_linear/dysts_Sakarya/seed_2/rows.csv
dysts,mixture_local_linear,dysts:SanUmSrisuchinwong,0,gmm_hard,ok,100,4.076160356141962,1.0,finite_step_prefix_mean,runs/mixture_local_linear/dysts_SanUmSrisuchinwong/seed_0/rows.csv
dysts,mixture_local_linear,dysts:SanUmSrisuchinwong,1,gmm_hard,ok,100,4.397249047477982,1.0,finite_step_prefix_mean,runs/mixture_local_linear/dysts_SanUmSrisuchinwong/seed_1/rows.csv
dysts,mixture_local_linear,dysts:SanUmSrisuchinwong,2,gmm_hard,ok,100,4.01468098192352,1.0,finite_step_prefix_mean,runs/mixture_local_linear/dysts_SanUmSrisuchinwong/seed_2/rows.csv
dysts,mixture_local_linear,dysts:ShimizuMorioka,0,gmm_hard,ok,100,7.3516171228155,1.0,finite_step_prefix_mean,runs/mixture_local_linear/dysts_ShimizuMorioka/seed_0/rows.csv
dysts,mixture_local_linear,dysts:ShimizuMorioka,1,gmm_hard,ok,100,9.33560703422182,1.0,finite_step_prefix_mean,runs/mixture_local_linear/dysts_ShimizuMorioka/seed_1/rows.csv
dysts,mixture_local_linear,dysts:ShimizuMorioka,2,gmm_hard,ok,100,6.764051770483751,1.0,finite_step_prefix_mean,runs/mixture_local_linear/dysts_ShimizuMorioka/seed_2/rows.csv
dysts,mixture_local_linear,dysts:WangSun,0,gmm_hard,ok,100,44.51093683431802,1.0,finite_step_prefix_mean,runs/mixture_local_linear/dysts_WangSun/seed_0/rows.csv
dysts,mixture_local_linear,dysts:WangSun,1,gmm_hard,ok,100,61.91702904157338,1.0,finite_step_prefix_mean,runs/mixture_local_linear/dysts_WangSun/seed_1/rows.csv
dysts,mixture_local_linear,dysts:WangSun,2,gmm_hard,ok,100,78.62141102590354,1.0,finite_step_prefix_mean,runs/mixture_local_linear/dysts_WangSun/seed_2/rows.csv
dysts,mixture_local_linear,dysts:Chua,0,gmm_hard,ok,2000,708019622928.2689,1.0,finite_step_prefix_mean,runs/mixture_local_linear/dysts_Chua/seed_0/rows.csv
dysts,mixture_local_linear,dysts:Chua,1,gmm_hard,ok,2000,350943377386.1611,1.0,finite_step_prefix_mean,runs/mixture_local_linear/dysts_Chua/seed_1/rows.csv
dysts,mixture_local_linear,dysts:Chua,2,gmm_hard,ok,2000,518875920587.8463,1.0,finite_step_prefix_mean,runs/mixture_local_linear/dysts_Chua/seed_2/rows.csv
dysts,mixture_local_linear,dysts:Dadras,0,gmm_hard,ok,2000,452170419857.77075,1.0,finite_step_prefix_mean,runs/mixture_local_linear/dysts_Dadras/seed_0/rows.csv
dysts,mixture_local_linear,dysts:Dadras,1,gmm_hard,ok,2000,89634615784.21074,1.0,finite_step_prefix_mean,runs/mixture_local_linear/dysts_Dadras/seed_1/rows.csv
dysts,mixture_local_linear,dysts:Dadras,2,gmm_hard,ok,2000,10651542526133.19,1.0,finite_step_prefix_mean,runs/mixture_local_linear/dysts_Dadras/seed_2/rows.csv
dysts,mixture_local_linear,dysts:DequanLi,0,gmm_hard,ok,2000,13.972027989241237,1.0,finite_step_prefix_mean,runs/mixture_local_linear/dysts_DequanLi/seed_0/rows.csv
dysts,mixture_local_linear,dysts:DequanLi,1,gmm_hard,ok,2000,14.782569069301939,1.0,finite_step_prefix_mean,runs/mixture_local_linear/dysts_DequanLi/seed_1/rows.csv
dysts,mixture_local_linear,dysts:DequanLi,2,gmm_hard,ok,2000,6.798333145374393,1.0,finite_step_prefix_mean,runs/mixture_local_linear/dysts_DequanLi/seed_2/rows.csv
dysts,mixture_local_linear,dysts:Hadley,0,gmm_hard,ok,2000,2.823616055871643e+17,1.0,finite_step_prefix_mean,runs/mixture_local_linear/dysts_Hadley/seed_0/rows.csv
dysts,mixture_local_linear,dysts:Hadley,1,gmm_hard,ok,2000,4699709371490015.0,1.0,finite_step_prefix_mean,runs/mixture_local_linear/dysts_Hadley/seed_1/rows.csv
dysts,mixture_local_linear,dysts:Hadley,2,gmm_hard,ok,2000,1.6215116275614991e+18,1.0,finite_step_prefix_mean,runs/mixture_local_linear/dysts_Hadley/seed_2/rows.csv
dysts,mixture_local_linear,dysts:LuChenCheng,0,gmm_hard,ok,2000,5.716335940904169,1.0,finite_step_prefix_mean,runs/mixture_local_linear/dysts_LuChenCheng/seed_0/rows.csv
dysts,mixture_local_linear,dysts:LuChenCheng,1,gmm_hard,ok,2000,9684.55580895303,1.0,finite_step_prefix_mean,runs/mixture_local_linear/dysts_LuChenCheng/seed_1/rows.csv
dysts,mixture_local_linear,dysts:LuChenCheng,2,gmm_hard,ok,2000,6828.747697504677,1.0,finite_step_prefix_mean,runs/mixture_local_linear/dysts_LuChenCheng/seed_2/rows.csv
dysts,mixture_local_linear,dysts:QiChen,0,gmm_hard,ok,2000,4.650614243254953,1.0,finite_step_prefix_mean,runs/mixture_local_linear/dysts_QiChen/seed_0/rows.csv
dysts,mixture_local_linear,dysts:QiChen,1,gmm_hard,ok,2000,5.031155774383295,1.0,finite_step_prefix_mean,runs/mixture_local_linear/dysts_QiChen/seed_1/rows.csv
dysts,mixture_local_linear,dysts:QiChen,2,gmm_hard,ok,2000,4.817575664795832,1.0,finite_step_prefix_mean,runs/mixture_local_linear/dysts_QiChen/seed_2/rows.csv
dysts,mixture_local_linear,dysts:Sakarya,0,gmm_hard,ok,2000,4.79799378765426,1.0,finite_step_prefix_mean,runs/mixture_local_linear/dysts_Sakarya/seed_0/rows.csv
dysts,mixture_local_linear,dysts:Sakarya,1,gmm_hard,ok,2000,5.8272748984240135,1.0,finite_step_prefix_mean,runs/mixture_local_linear/dysts_Sakarya/seed_1/rows.csv
dysts,mixture_local_linear,dysts:Sakarya,2,gmm_hard,ok,2000,4.763151509620153,1.0,finite_step_prefix_mean,runs/mixture_local_linear/dysts_Sakarya/seed_2/rows.csv
dysts,mixture_local_linear,dysts:SanUmSrisuchinwong,0,gmm_hard,ok,2000,6.310467428616724,1.0,finite_step_prefix_mean,runs/mixture_local_linear/dysts_SanUmSrisuchinwong/seed_0/rows.csv
dysts,mixture_local_linear,dysts:SanUmSrisuchinwong,1,gmm_hard,ok,2000,7.015525083660176,1.0,finite_step_prefix_mean,runs/mixture_local_linear/dysts_SanUmSrisuchinwong/seed_1/rows.csv
dysts,mixture_local_linear,dysts:SanUmSrisuchinwong,2,gmm_hard,ok,2000,2.329940798311372e+20,1.0,finite_step_prefix_mean,runs/mixture_local_linear/dysts_SanUmSrisuchinwong/seed_2/rows.csv
dysts,mixture_local_linear,dysts:ShimizuMorioka,0,gmm_hard,ok,2000,1121650.7889864617,1.0,finite_step_prefix_mean,runs/mixture_local_linear/dysts_ShimizuMorioka/seed_0/rows.csv
dysts,mixture_local_linear,dysts:ShimizuMorioka,1,gmm_hard,ok,2000,4737.480334907486,1.0,finite_step_prefix_mean,runs/mixture_local_linear/dysts_ShimizuMorioka/seed_1/rows.csv
dysts,mixture_local_linear,dysts:ShimizuMorioka,2,gmm_hard,ok,2000,154729.21719914148,1.0,finite_step_prefix_mean,runs/mixture_local_linear/dysts_ShimizuMorioka/seed_2/rows.csv
dysts,mixture_local_linear,dysts:WangSun,0,gmm_hard,ok,2000,2308851859554.077,1.0,finite_step_prefix_mean,runs/mixture_local_linear/dysts_WangSun/seed_0/rows.csv
dysts,mixture_local_linear,dysts:WangSun,1,gmm_hard,ok,2000,16130.419921853605,1.0,finite_step_prefix_mean,runs/mixture_local_linear/dysts_WangSun/seed_1/rows.csv
dysts,mixture_local_linear,dysts:WangSun,2,gmm_hard,ok,2000,165107.79460890827,1.0,finite_step_prefix_mean,runs/mixture_local_linear/dysts_WangSun/seed_2/rows.csv
dysts,mixture_local_linear,dysts:Chua,0,gmm_hard,ok,4000,5.951866480147539e+24,1.0,finite_step_prefix_mean,runs/mixture_local_linear/dysts_Chua/seed_0/rows.csv
dysts,mixture_local_linear,dysts:Chua,1,gmm_hard,ok,4000,1.3656102029359137e+24,1.0,finite_step_prefix_mean,runs/mixture_local_linear/dysts_Chua/seed_1/rows.csv
dysts,mixture_local_linear,dysts:Chua,2,gmm_hard,ok,4000,3.880215959497295e+24,1.0,finite_step_prefix_mean,runs/mixture_local_linear/dysts_Chua/seed_2/rows.csv
dysts,mixture_local_linear,dysts:Dadras,0,gmm_hard,ok,4000,2.5261103507779376e+23,1.0,finite_step_prefix_mean,runs/mixture_local_linear/dysts_Dadras/seed_0/rows.csv
dysts,mixture_local_linear,dysts:Dadras,1,gmm_hard,ok,4000,5.720984004691039e+22,1.0,finite_step_prefix_mean,runs/mixture_local_linear/dysts_Dadras/seed_1/rows.csv
dysts,mixture_local_linear,dysts:Dadras,2,gmm_hard,ok,4000,1.4455096686652853e+26,1.0,finite_step_prefix_mean,runs/mixture_local_linear/dysts_Dadras/seed_2/rows.csv
dysts,mixture_local_linear,dysts:DequanLi,0,gmm_hard,ok,4000,132.66749615890103,1.0,finite_step_prefix_mean,runs/mixture_local_linear/dysts_DequanLi/seed_0/rows.csv
dysts,mixture_local_linear,dysts:DequanLi,1,gmm_hard,ok,4000,156.85244063174426,1.0,finite_step_prefix_mean,runs/mixture_local_linear/dysts_DequanLi/seed_1/rows.csv
dysts,mixture_local_linear,dysts:DequanLi,2,gmm_hard,ok,4000,7.051253131897941,1.0,finite_step_prefix_mean,runs/mixture_local_linear/dysts_DequanLi/seed_2/rows.csv
dysts,mixture_local_linear,dysts:Hadley,0,gmm_hard,ok,4000,2.774323326395107e+42,1.0,finite_step_prefix_mean,runs/mixture_local_linear/dysts_Hadley/seed_0/rows.csv
dysts,mixture_local_linear,dysts:Hadley,1,gmm_hard,ok,4000,3.4532279898855813e+40,1.0,finite_step_prefix_mean,runs/mixture_local_linear/dysts_Hadley/seed_1/rows.csv
dysts,mixture_local_linear,dysts:Hadley,2,gmm_hard,ok,4000,5.60287176692869e+44,1.0,finite_step_prefix_mean,runs/mixture_local_linear/dysts_Hadley/seed_2/rows.csv
dysts,mixture_local_linear,dysts:LuChenCheng,0,gmm_hard,ok,4000,5.859589003961794,1.0,finite_step_prefix_mean,runs/mixture_local_linear/dysts_LuChenCheng/seed_0/rows.csv
dysts,mixture_local_linear,dysts:LuChenCheng,1,gmm_hard,ok,4000,105892902.1854203,1.0,finite_step_prefix_mean,runs/mixture_local_linear/dysts_LuChenCheng/seed_1/rows.csv
dysts,mixture_local_linear,dysts:LuChenCheng,2,gmm_hard,ok,4000,59600469.82090609,1.0,finite_step_prefix_mean,runs/mixture_local_linear/dysts_LuChenCheng/seed_2/rows.csv
dysts,mixture_local_linear,dysts:QiChen,0,gmm_hard,ok,4000,4.468569955199301,1.0,finite_step_prefix_mean,runs/mixture_local_linear/dysts_QiChen/seed_0/rows.csv
dysts,mixture_local_linear,dysts:QiChen,1,gmm_hard,ok,4000,4.9979840199817325,1.0,finite_step_prefix_mean,runs/mixture_local_linear/dysts_QiChen/seed_1/rows.csv
dysts,mixture_local_linear,dysts:QiChen,2,gmm_hard,ok,4000,4.494003504321537,1.0,finite_step_prefix_mean,runs/mixture_local_linear/dysts_QiChen/seed_2/rows.csv
dysts,mixture_local_linear,dysts:Sakarya,0,gmm_hard,ok,4000,502425067930033.5,1.0,finite_step_prefix_mean,runs/mixture_local_linear/dysts_Sakarya/seed_0/rows.csv
dysts,mixture_local_linear,dysts:Sakarya,1,gmm_hard,ok,4000,5.710408093760158,1.0,finite_step_prefix_mean,runs/mixture_local_linear/dysts_Sakarya/seed_1/rows.csv
dysts,mixture_local_linear,dysts:Sakarya,2,gmm_hard,ok,4000,4.782100041181632,1.0,finite_step_prefix_mean,runs/mixture_local_linear/dysts_Sakarya/seed_2/rows.csv
dysts,mixture_local_linear,dysts:SanUmSrisuchinwong,0,gmm_hard,ok,4000,6.251185295258962,1.0,finite_step_prefix_mean,runs/mixture_local_linear/dysts_SanUmSrisuchinwong/seed_0/rows.csv
dysts,mixture_local_linear,dysts:SanUmSrisuchinwong,1,gmm_hard,ok,4000,7.054731569822326,1.0,finite_step_prefix_mean,runs/mixture_local_linear/dysts_SanUmSrisuchinwong/seed_1/rows.csv
dysts,mixture_local_linear,dysts:SanUmSrisuchinwong,2,gmm_hard,ok,4000,1.2971360800920451e+46,1.0,finite_step_prefix_mean,runs/mixture_local_linear/dysts_SanUmSrisuchinwong/seed_2/rows.csv
dysts,mixture_local_linear,dysts:ShimizuMorioka,0,gmm_hard,ok,4000,15977281.456026347,1.0,finite_step_prefix_mean,runs/mixture_local_linear/dysts_ShimizuMorioka/seed_0/rows.csv
dysts,mixture_local_linear,dysts:ShimizuMorioka,1,gmm_hard,ok,4000,35002.611604018195,1.0,finite_step_prefix_mean,runs/mixture_local_linear/dysts_ShimizuMorioka/seed_1/rows.csv
dysts,mixture_local_linear,dysts:ShimizuMorioka,2,gmm_hard,ok,4000,2865316.1193001904,1.0,finite_step_prefix_mean,runs/mixture_local_linear/dysts_ShimizuMorioka/seed_2/rows.csv
dysts,mixture_local_linear,dysts:WangSun,0,gmm_hard,ok,4000,8.750967418633318e+23,1.0,finite_step_prefix_mean,runs/mixture_local_linear/dysts_WangSun/seed_0/rows.csv
dysts,mixture_local_linear,dysts:WangSun,1,gmm_hard,ok,4000,146871.0424799961,1.0,finite_step_prefix_mean,runs/mixture_local_linear/dysts_WangSun/seed_1/rows.csv
dysts,mixture_local_linear,dysts:WangSun,2,gmm_hard,ok,4000,34382471.403402194,1.0,finite_step_prefix_mean,runs/mixture_local_linear/dysts_WangSun/seed_2/rows.csv
dysts,mixture_local_linear,dysts:Chua,0,gmm_soft,ok,100,0.6780353990493606,1.0,finite_step_prefix_mean,runs/mixture_local_linear/dysts_Chua/seed_0/rows.csv
dysts,mixture_local_linear,dysts:Chua,1,gmm_soft,ok,100,0.6985636042459135,1.0,finite_step_prefix_mean,runs/mixture_local_linear/dysts_Chua/seed_1/rows.csv
dysts,mixture_local_linear,dysts:Chua,2,gmm_soft,ok,100,0.605359639157587,1.0,finite_step_prefix_mean,runs/mixture_local_linear/dysts_Chua/seed_2/rows.csv
dysts,mixture_local_linear,dysts:Dadras,0,gmm_soft,ok,100,7.866510308118205,1.0,finite_step_prefix_mean,runs/mixture_local_linear/dysts_Dadras/seed_0/rows.csv
dysts,mixture_local_linear,dysts:Dadras,1,gmm_soft,ok,100,9.208386197498058,1.0,finite_step_prefix_mean,runs/mixture_local_linear/dysts_Dadras/seed_1/rows.csv
dysts,mixture_local_linear,dysts:Dadras,2,gmm_soft,ok,100,7.722778860205394,1.0,finite_step_prefix_mean,runs/mixture_local_linear/dysts_Dadras/seed_2/rows.csv
dysts,mixture_local_linear,dysts:DequanLi,0,gmm_soft,ok,100,0.19532704553427824,1.0,finite_step_prefix_mean,runs/mixture_local_linear/dysts_DequanLi/seed_0/rows.csv
dysts,mixture_local_linear,dysts:DequanLi,1,gmm_soft,ok,100,0.1845935070802474,1.0,finite_step_prefix_mean,runs/mixture_local_linear/dysts_DequanLi/seed_1/rows.csv
dysts,mixture_local_linear,dysts:DequanLi,2,gmm_soft,ok,100,0.2382278234043312,1.0,finite_step_prefix_mean,runs/mixture_local_linear/dysts_DequanLi/seed_2/rows.csv
dysts,mixture_local_linear,dysts:Hadley,0,gmm_soft,ok,100,0.11378479711923495,1.0,finite_step_prefix_mean,runs/mixture_local_linear/dysts_Hadley/seed_0/rows.csv
dysts,mixture_local_linear,dysts:Hadley,1,gmm_soft,ok,100,0.1194277852709533,1.0,finite_step_prefix_mean,runs/mixture_local_linear/dysts_Hadley/seed_1/rows.csv
dysts,mixture_local_linear,dysts:Hadley,2,gmm_soft,ok,100,0.1205796231894831,1.0,finite_step_prefix_mean,runs/mixture_local_linear/dysts_Hadley/seed_2/rows.csv
dysts,mixture_local_linear,dysts:LuChenCheng,0,gmm_soft,ok,100,0.42013191662604676,1.0,finite_step_prefix_mean,runs/mixture_local_linear/dysts_LuChenCheng/seed_0/rows.csv
dysts,mixture_local_linear,dysts:LuChenCheng,1,gmm_soft,ok,100,0.2809702008158715,1.0,finite_step_prefix_mean,runs/mixture_local_linear/dysts_LuChenCheng/seed_1/rows.csv
dysts,mixture_local_linear,dysts:LuChenCheng,2,gmm_soft,ok,100,0.27408610338110534,1.0,finite_step_prefix_mean,runs/mixture_local_linear/dysts_LuChenCheng/seed_2/rows.csv
dysts,mixture_local_linear,dysts:QiChen,0,gmm_soft,ok,100,1.4221784975022935,1.0,finite_step_prefix_mean,runs/mixture_local_linear/dysts_QiChen/seed_0/rows.csv
dysts,mixture_local_linear,dysts:QiChen,1,gmm_soft,ok,100,1.2551522785115126,1.0,finite_step_prefix_mean,runs/mixture_local_linear/dysts_QiChen/seed_1/rows.csv
dysts,mixture_local_linear,dysts:QiChen,2,gmm_soft,ok,100,1.1851953098516992,1.0,finite_step_prefix_mean,runs/mixture_local_linear/dysts_QiChen/seed_2/rows.csv
dysts,mixture_local_linear,dysts:Sakarya,0,gmm_soft,ok,100,1.03595704273519,1.0,finite_step_prefix_mean,runs/mixture_local_linear/dysts_Sakarya/seed_0/rows.csv
dysts,mixture_local_linear,dysts:Sakarya,1,gmm_soft,ok,100,1.6408656645227753,1.0,finite_step_prefix_mean,runs/mixture_local_linear/dysts_Sakarya/seed_1/rows.csv
dysts,mixture_local_linear,dysts:Sakarya,2,gmm_soft,ok,100,1.4006825407380858,1.0,finite_step_prefix_mean,runs/mixture_local_linear/dysts_Sakarya/seed_2/rows.csv
dysts,mixture_local_linear,dysts:SanUmSrisuchinwong,0,gmm_soft,ok,100,2.3495741624231634,1.0,finite_step_prefix_mean,runs/mixture_local_linear/dysts_SanUmSrisuchinwong/seed_0/rows.csv
dysts,mixture_local_linear,dysts:SanUmSrisuchinwong,1,gmm_soft,ok,100,1.934542492644956,1.0,finite_step_prefix_mean,runs/mixture_local_linear/dysts_SanUmSrisuchinwong/seed_1/rows.csv
dysts,mixture_local_linear,dysts:SanUmSrisuchinwong,2,gmm_soft,ok,100,2.394329751626863,1.0,finite_step_prefix_mean,runs/mixture_local_linear/dysts_SanUmSrisuchinwong/seed_2/rows.csv
dysts,mixture_local_linear,dysts:ShimizuMorioka,0,gmm_soft,ok,100,8.235686154450798,1.0,finite_step_prefix_mean,runs/mixture_local_linear/dysts_ShimizuMorioka/seed_0/rows.csv
dysts,mixture_local_linear,dysts:ShimizuMorioka,1,gmm_soft,ok,100,10.101922062711523,1.0,finite_step_prefix_mean,runs/mixture_local_linear/dysts_ShimizuMorioka/seed_1/rows.csv
dysts,mixture_local_linear,dysts:ShimizuMorioka,2,gmm_soft,ok,100,8.434954555585596,1.0,finite_step_prefix_mean,runs/mixture_local_linear/dysts_ShimizuMorioka/seed_2/rows.csv
dysts,mixture_local_linear,dysts:WangSun,0,gmm_soft,ok,100,31.560818143732796,1.0,finite_step_prefix_mean,runs/mixture_local_linear/dysts_WangSun/seed_0/rows.csv
dysts,mixture_local_linear,dysts:WangSun,1,gmm_soft,ok,100,32.60646108121713,1.0,finite_step_prefix_mean,runs/mixture_local_linear/dysts_WangSun/seed_1/rows.csv
dysts,mixture_local_linear,dysts:WangSun,2,gmm_soft,ok,100,38.81583576722186,1.0,finite_step_prefix_mean,runs/mixture_local_linear/dysts_WangSun/seed_2/rows.csv
dysts,mixture_local_linear,dysts:Chua,0,gmm_soft,ok,2000,257343704353.28754,1.0,finite_step_prefix_mean,runs/mixture_local_linear/dysts_Chua/seed_0/rows.csv
dysts,mixture_local_linear,dysts:Chua,1,gmm_soft,ok,2000,134850222381.93826,1.0,finite_step_prefix_mean,runs/mixture_local_linear/dysts_Chua/seed_1/rows.csv
dysts,mixture_local_linear,dysts:Chua,2,gmm_soft,ok,2000,253953033559.26324,1.0,finite_step_prefix_mean,runs/mixture_local_linear/dysts_Chua/seed_2/rows.csv
dysts,mixture_local_linear,dysts:Dadras,0,gmm_soft,ok,2000,5.64823344752171,1.0,finite_step_prefix_mean,runs/mixture_local_linear/dysts_Dadras/seed_0/rows.csv
dysts,mixture_local_linear,dysts:Dadras,1,gmm_soft,ok,2000,4.715977789394559,1.0,finite_step_prefix_mean,runs/mixture_local_linear/dysts_Dadras/seed_1/rows.csv
dysts,mixture_local_linear,dysts:Dadras,2,gmm_soft,ok,2000,5.992862623509629,1.0,finite_step_prefix_mean,runs/mixture_local_linear/dysts_Dadras/seed_2/rows.csv
dysts,mixture_local_linear,dysts:DequanLi,0,gmm_soft,ok,2000,9.380294647055285,1.0,finite_step_prefix_mean,runs/mixture_local_linear/dysts_DequanLi/seed_0/rows.csv
dysts,mixture_local_linear,dysts:DequanLi,1,gmm_soft,ok,2000,10.896245397541753,1.0,finite_step_prefix_mean,runs/mixture_local_linear/dysts_DequanLi/seed_1/rows.csv
dysts,mixture_local_linear,dysts:DequanLi,2,gmm_soft,ok,2000,6.167305652921427,1.0,finite_step_prefix_mean,runs/mixture_local_linear/dysts_DequanLi/seed_2/rows.csv
dysts,mixture_local_linear,dysts:Hadley,0,gmm_soft,ok,2000,129199345236101.7,1.0,finite_step_prefix_mean,runs/mixture_local_linear/dysts_Hadley/seed_0/rows.csv
dysts,mixture_local_linear,dysts:Hadley,1,gmm_soft,ok,2000,28653232274557.797,1.0,finite_step_prefix_mean,runs/mixture_local_linear/dysts_Hadley/seed_1/rows.csv
dysts,mixture_local_linear,dysts:Hadley,2,gmm_soft,ok,2000,30921.98708789451,1.0,finite_step_prefix_mean,runs/mixture_local_linear/dysts_Hadley/seed_2/rows.csv
dysts,mixture_local_linear,dysts:LuChenCheng,0,gmm_soft,ok,2000,49.74900366965325,1.0,finite_step_prefix_mean,runs/mixture_local_linear/dysts_LuChenCheng/seed_0/rows.csv
dysts,mixture_local_linear,dysts:LuChenCheng,1,gmm_soft,ok,2000,7.276804937162525,1.0,finite_step_prefix_mean,runs/mixture_local_linear/dysts_LuChenCheng/seed_1/rows.csv
dysts,mixture_local_linear,dysts:LuChenCheng,2,gmm_soft,ok,2000,7.225723586879362,1.0,finite_step_prefix_mean,runs/mixture_local_linear/dysts_LuChenCheng/seed_2/rows.csv
dysts,mixture_local_linear,dysts:QiChen,0,gmm_soft,ok,2000,6.581372474547444,1.0,finite_step_prefix_mean,runs/mixture_local_linear/dysts_QiChen/seed_0/rows.csv
dysts,mixture_local_linear,dysts:QiChen,1,gmm_soft,ok,2000,6.76003147288053,1.0,finite_step_prefix_mean,runs/mixture_local_linear/dysts_QiChen/seed_1/rows.csv
dysts,mixture_local_linear,dysts:QiChen,2,gmm_soft,ok,2000,6.859246145854904,1.0,finite_step_prefix_mean,runs/mixture_local_linear/dysts_QiChen/seed_2/rows.csv
dysts,mixture_local_linear,dysts:Sakarya,0,gmm_soft,ok,2000,5.572591553539034,1.0,finite_step_prefix_mean,runs/mixture_local_linear/dysts_Sakarya/seed_0/rows.csv
dysts,mixture_local_linear,dysts:Sakarya,1,gmm_soft,ok,2000,5.273432683319041,1.0,finite_step_prefix_mean,runs/mixture_local_linear/dysts_Sakarya/seed_1/rows.csv
dysts,mixture_local_linear,dysts:Sakarya,2,gmm_soft,ok,2000,5.038801075994724,1.0,finite_step_prefix_mean,runs/mixture_local_linear/dysts_Sakarya/seed_2/rows.csv
dysts,mixture_local_linear,dysts:SanUmSrisuchinwong,0,gmm_soft,ok,2000,14774097620.155556,1.0,finite_step_prefix_mean,runs/mixture_local_linear/dysts_SanUmSrisuchinwong/seed_0/rows.csv
dysts,mixture_local_linear,dysts:SanUmSrisuchinwong,1,gmm_soft,ok,2000,7.132888504955895,1.0,finite_step_prefix_mean,runs/mixture_local_linear/dysts_SanUmSrisuchinwong/seed_1/rows.csv
dysts,mixture_local_linear,dysts:SanUmSrisuchinwong,2,gmm_soft,ok,2000,738207224774434.1,1.0,finite_step_prefix_mean,runs/mixture_local_linear/dysts_SanUmSrisuchinwong/seed_2/rows.csv
dysts,mixture_local_linear,dysts:ShimizuMorioka,0,gmm_soft,ok,2000,30932.437442657636,1.0,finite_step_prefix_mean,runs/mixture_local_linear/dysts_ShimizuMorioka/seed_0/rows.csv
dysts,mixture_local_linear,dysts:ShimizuMorioka,1,gmm_soft,ok,2000,922.242381582538,1.0,finite_step_prefix_mean,runs/mixture_local_linear/dysts_ShimizuMorioka/seed_1/rows.csv
dysts,mixture_local_linear,dysts:ShimizuMorioka,2,gmm_soft,ok,2000,574.0560745781756,1.0,finite_step_prefix_mean,runs/mixture_local_linear/dysts_ShimizuMorioka/seed_2/rows.csv
dysts,mixture_local_linear,dysts:WangSun,0,gmm_soft,ok,2000,5062379.897781033,1.0,finite_step_prefix_mean,runs/mixture_local_linear/dysts_WangSun/seed_0/rows.csv
dysts,mixture_local_linear,dysts:WangSun,1,gmm_soft,ok,2000,523.3408460272258,1.0,finite_step_prefix_mean,runs/mixture_local_linear/dysts_WangSun/seed_1/rows.csv
dysts,mixture_local_linear,dysts:WangSun,2,gmm_soft,ok,2000,840.9580679941879,1.0,finite_step_prefix_mean,runs/mixture_local_linear/dysts_WangSun/seed_2/rows.csv
dysts,mixture_local_linear,dysts:Chua,0,gmm_soft,ok,4000,6.921203121733473e+23,1.0,finite_step_prefix_mean,runs/mixture_local_linear/dysts_Chua/seed_0/rows.csv
dysts,mixture_local_linear,dysts:Chua,1,gmm_soft,ok,4000,1.6777807429179777e+23,1.0,finite_step_prefix_mean,runs/mixture_local_linear/dysts_Chua/seed_1/rows.csv
dysts,mixture_local_linear,dysts:Chua,2,gmm_soft,ok,4000,8.082760430761764e+23,1.0,finite_step_prefix_mean,runs/mixture_local_linear/dysts_Chua/seed_2/rows.csv
dysts,mixture_local_linear,dysts:Dadras,0,gmm_soft,ok,4000,5.545584864450449,1.0,finite_step_prefix_mean,runs/mixture_local_linear/dysts_Dadras/seed_0/rows.csv
dysts,mixture_local_linear,dysts:Dadras,1,gmm_soft,ok,4000,4.268110712274112,1.0,finite_step_prefix_mean,runs/mixture_local_linear/dysts_Dadras/seed_1/rows.csv
dysts,mixture_local_linear,dysts:Dadras,2,gmm_soft,ok,4000,5.813422384892972,1.0,finite_step_prefix_mean,runs/mixture_local_linear/dysts_Dadras/seed_2/rows.csv
dysts,mixture_local_linear,dysts:DequanLi,0,gmm_soft,ok,4000,80.2013486947116,1.0,finite_step_prefix_mean,runs/mixture_local_linear/dysts_DequanLi/seed_0/rows.csv
dysts,mixture_local_linear,dysts:DequanLi,1,gmm_soft,ok,4000,80.95918602543006,1.0,finite_step_prefix_mean,runs/mixture_local_linear/dysts_DequanLi/seed_1/rows.csv
dysts,mixture_local_linear,dysts:DequanLi,2,gmm_soft,ok,4000,6.838161616742805,1.0,finite_step_prefix_mean,runs/mixture_local_linear/dysts_DequanLi/seed_2/rows.csv
dysts,mixture_local_linear,dysts:Hadley,0,gmm_soft,ok,4000,1.3138065942869396e+35,1.0,finite_step_prefix_mean,runs/mixture_local_linear/dysts_Hadley/seed_0/rows.csv
dysts,mixture_local_linear,dysts:Hadley,1,gmm_soft,ok,4000,1.0857704972697512e+36,1.0,finite_step_prefix_mean,runs/mixture_local_linear/dysts_Hadley/seed_1/rows.csv
dysts,mixture_local_linear,dysts:Hadley,2,gmm_soft,ok,4000,8.868783141734955e+19,1.0,finite_step_prefix_mean,runs/mixture_local_linear/dysts_Hadley/seed_2/rows.csv
dysts,mixture_local_linear,dysts:LuChenCheng,0,gmm_soft,ok,4000,53.485368939553965,1.0,finite_step_prefix_mean,runs/mixture_local_linear/dysts_LuChenCheng/seed_0/rows.csv
dysts,mixture_local_linear,dysts:LuChenCheng,1,gmm_soft,ok,4000,6.592282815329066,1.0,finite_step_prefix_mean,runs/mixture_local_linear/dysts_LuChenCheng/seed_1/rows.csv
dysts,mixture_local_linear,dysts:LuChenCheng,2,gmm_soft,ok,4000,6.584218037302415,1.0,finite_step_prefix_mean,runs/mixture_local_linear/dysts_LuChenCheng/seed_2/rows.csv
dysts,mixture_local_linear,dysts:QiChen,0,gmm_soft,ok,4000,6.670712913977802,1.0,finite_step_prefix_mean,runs/mixture_local_linear/dysts_QiChen/seed_0/rows.csv
dysts,mixture_local_linear,dysts:QiChen,1,gmm_soft,ok,4000,6.81290312180364,1.0,finite_step_prefix_mean,runs/mixture_local_linear/dysts_QiChen/seed_1/rows.csv
dysts,mixture_local_linear,dysts:QiChen,2,gmm_soft,ok,4000,6.776472328903107,1.0,finite_step_prefix_mean,runs/mixture_local_linear/dysts_QiChen/seed_2/rows.csv
dysts,mixture_local_linear,dysts:Sakarya,0,gmm_soft,ok,4000,502425067875110.0,1.0,finite_step_prefix_mean,runs/mixture_local_linear/dysts_Sakarya/seed_0/rows.csv
dysts,mixture_local_linear,dysts:Sakarya,1,gmm_soft,ok,4000,5.185602121629679,1.0,finite_step_prefix_mean,runs/mixture_local_linear/dysts_Sakarya/seed_1/rows.csv
dysts,mixture_local_linear,dysts:Sakarya,2,gmm_soft,ok,4000,5.053252426436892,1.0,finite_step_prefix_mean,runs/mixture_local_linear/dysts_Sakarya/seed_2/rows.csv
dysts,mixture_local_linear,dysts:SanUmSrisuchinwong,0,gmm_soft,ok,4000,9.801972565129386e+21,1.0,finite_step_prefix_mean,runs/mixture_local_linear/dysts_SanUmSrisuchinwong/seed_0/rows.csv
dysts,mixture_local_linear,dysts:SanUmSrisuchinwong,1,gmm_soft,ok,4000,6123929.4619468935,1.0,finite_step_prefix_mean,runs/mixture_local_linear/dysts_SanUmSrisuchinwong/seed_1/rows.csv
dysts,mixture_local_linear,dysts:SanUmSrisuchinwong,2,gmm_soft,ok,4000,5.058091669938486e+31,1.0,finite_step_prefix_mean,runs/mixture_local_linear/dysts_SanUmSrisuchinwong/seed_2/rows.csv
dysts,mixture_local_linear,dysts:ShimizuMorioka,0,gmm_soft,ok,4000,110524.57388806039,1.0,finite_step_prefix_mean,runs/mixture_local_linear/dysts_ShimizuMorioka/seed_0/rows.csv
dysts,mixture_local_linear,dysts:ShimizuMorioka,1,gmm_soft,ok,4000,2089.945388095509,1.0,finite_step_prefix_mean,runs/mixture_local_linear/dysts_ShimizuMorioka/seed_1/rows.csv
dysts,mixture_local_linear,dysts:ShimizuMorioka,2,gmm_soft,ok,4000,2117.421898427651,1.0,finite_step_prefix_mean,runs/mixture_local_linear/dysts_ShimizuMorioka/seed_2/rows.csv
dysts,mixture_local_linear,dysts:WangSun,0,gmm_soft,ok,4000,353888738321.433,1.0,finite_step_prefix_mean,runs/mixture_local_linear/dysts_WangSun/seed_0/rows.csv
dysts,mixture_local_linear,dysts:WangSun,1,gmm_soft,ok,4000,618.7104073014312,1.0,finite_step_prefix_mean,runs/mixture_local_linear/dysts_WangSun/seed_1/rows.csv
dysts,mixture_local_linear,dysts:WangSun,2,gmm_soft,ok,4000,1057.3091126751185,1.0,finite_step_prefix_mean,runs/mixture_local_linear/dysts_WangSun/seed_2/rows.csv
