root_label,display,system_key,horizon,candidate_system_iqm,dense_system_iqm,ratio_to_dense,log10_ratio_to_dense
lista,LISTA,dysts:Chua,100,8.921772470264701e-05,0.00011367587181403259,0.7848431094384062,-0.105217150280214
lista,LISTA,dysts:Dadras,100,0.00027085782286507144,0.0007269466212683999,0.3725965771633548,-0.4287611390422865
lista,LISTA,dysts:DequanLi,100,0.00028866442361111434,0.0004072439727938285,0.7088242991806135,-0.14946140283210943
lista,LISTA,dysts:Hadley,100,0.00023165907311645712,0.0003209318082163857,0.7218326983664481,-0.14156344868483672
lista,LISTA,dysts:LorenzCoupled,100,0.0010096105148217,0.0008130443041278856,1.2417656820124479,0.09403965332074686
lista,LISTA,dysts:LuChenCheng,100,6.991873306105845e-05,0.00013874083379046198,0.5039520893081526,-0.29761074993967074
lista,LISTA,dysts:MultiChua,100,7.578695138883112e-05,0.00021844355381154284,0.3469406630063095,-0.45974479590796
lista,LISTA,dysts:QiChen,100,0.00013208820122852856,0.0008931479283740858,0.14789062039139028,-0.83005936921768
lista,LISTA,dysts:Sakarya,100,0.0005708197131752429,0.006908113427925799,0.08263033303242022,-1.0828604968641424
lista,LISTA,dysts:SanUmSrisuchinwong,100,0.00029266858057645713,0.0005597402840586142,0.5228649588240282,-0.281610462586669
lista,LISTA,dysts:ShimizuMorioka,100,8.830677325021292e-05,0.0001380290164628504,0.6397696333218464,-0.19397637755878439
lista,LISTA,dysts:WangSun,100,0.0004991252998089,0.0008310555796404571,0.6005919604376384,-0.22142048559181535
lista,LISTA,dysts:Chua,500,0.0008462355056377999,0.0018645639730882856,0.4538516874999876,-0.34308604543269944
lista,LISTA,dysts:Dadras,500,0.00461443693244027,0.011152160087866386,0.413770686224349,-0.38324028037390534
lista,LISTA,dysts:DequanLi,500,0.0030809801537543,0.0051409941765346145,0.5992965655975696,-0.22235821111762816
lista,LISTA,dysts:Hadley,500,0.0026059896419090432,0.0036186023415730995,0.7201646923093938,-0.14256817470464345
lista,LISTA,dysts:LorenzCoupled,500,0.012834639288484998,0.016585124922650157,0.7738644929322688,-0.11133507952888771
lista,LISTA,dysts:LuChenCheng,500,0.0009095235478265571,0.002529834047891157,0.35951905564111064,-0.4442780856970681
lista,LISTA,dysts:MultiChua,500,0.0010255738161503716,0.004274318393851986,0.23993856368433322,-0.6198999452404216
lista,LISTA,dysts:QiChen,500,0.0016441787925681427,0.011720293134983042,0.14028478414593182,-0.8529894317501165
lista,LISTA,dysts:Sakarya,500,0.009318429211686715,0.05689595879188601,0.1637801596027524,-0.7857387100049659
lista,LISTA,dysts:SanUmSrisuchinwong,500,0.004198672316436214,0.006533596232267314,0.6426280668677278,-0.19204031050004655
lista,LISTA,dysts:ShimizuMorioka,500,0.0009812592013206428,0.0023838868697306573,0.4116215470541646,-0.38550189940572643
lista,LISTA,dysts:WangSun,500,0.013271874748170329,0.018022643934403112,0.7363999863991031,-0.1328862281891996
lista,LISTA,dysts:Chua,1000,0.002813382739467214,0.0070011597126722,0.40184524492063095,-0.39594116636049526
lista,LISTA,dysts:Dadras,1000,0.02510524913668627,0.09519686390246661,0.2637192876690529,-0.5788581059975653
lista,LISTA,dysts:DequanLi,1000,0.009629381820559458,0.017654003043259845,0.5454503319707922,-0.26324478959090225
lista,LISTA,dysts:Hadley,1000,0.008343252087277986,0.012094187350677557,0.6898563620159703,-0.1612413261869961
lista,LISTA,dysts:LorenzCoupled,1000,0.05448232325060023,0.09839769718902448,0.553695104733379,-0.256729316106414
lista,LISTA,dysts:LuChenCheng,1000,0.0026404413594198575,0.010128569855753843,0.26069241729323456,-0.5838716008823
lista,LISTA,dysts:MultiChua,1000,0.003944138730210872,0.017336045391857586,0.22751086773592316,-0.6429978531386806
lista,LISTA,dysts:QiChen,1000,0.0055123179751847004,0.048707854268806285,0.1131710287372467,-0.9462647363092739
lista,LISTA,dysts:Sakarya,1000,0.038645086277808396,0.14673280449850215,0.2633704604085509,-0.5794329370468996
lista,LISTA,dysts:SanUmSrisuchinwong,1000,0.015502685947077571,0.01956173990453987,0.7925003615593377,-0.10100053097369428
lista,LISTA,dysts:ShimizuMorioka,1000,0.0035192563664167434,0.0075389690298054285,0.4668087045461137,-0.33086105429526513
lista,LISTA,dysts:WangSun,1000,0.07083453663757866,0.08992772123643324,0.7876829932267962,-0.10364853123182793
lista,LISTA,dysts:Chua,1500,0.005817045191568914,0.01605246295886377,0.3623771134981431,-0.4408392386865374
lista,LISTA,dysts:Dadras,1500,0.05868637615016524,0.2184133891548429,0.26869404104415906,-0.5707419650157948
lista,LISTA,dysts:DequanLi,1500,0.01942490214215852,0.039100420262132306,0.4967952265457108,-0.3038225857276457
lista,LISTA,dysts:Hadley,1500,0.017852812207170842,0.0251167352710451,0.7107935014050889,-0.14825655148689892
lista,LISTA,dysts:LorenzCoupled,1500,0.19435160926410128,0.4115556329488754,0.4722365427768162,-0.3258404092262303
lista,LISTA,dysts:LuChenCheng,1500,0.005563982629350199,0.02337314614227837,0.23805022205743298,-0.6233314090717523
lista,LISTA,dysts:MultiChua,1500,0.010426981574190485,0.04255144617387222,0.2450441174568808,-0.6107557187244216
lista,LISTA,dysts:QiChen,1500,0.015745908953249416,0.12993775308132166,0.12118040045986346,-0.9165676166420839
lista,LISTA,dysts:Sakarya,1500,0.09451276330011227,0.27979411291224615,0.3377939668435947,-0.47134811139595695
lista,LISTA,dysts:SanUmSrisuchinwong,1500,0.034706645246062914,0.04763759672641749,0.7285557549299354,-0.13753720692506968
lista,LISTA,dysts:ShimizuMorioka,1500,0.006906815205833686,0.013914762064814514,0.4963660300953738,-0.3041979480575614
lista,LISTA,dysts:WangSun,1500,0.202799063708101,0.40745570404188974,0.4977205170927037,-0.3030144563496289
lista,LISTA,dysts:Chua,2000,0.0096108878829649,0.029301408944385342,0.32800087877025147,-0.48412499273783366
lista,LISTA,dysts:Dadras,2000,0.10795802410159785,0.42989498376846313,0.2511265033967991,-0.6001074502835966
lista,LISTA,dysts:DequanLi,2000,0.03481411162231646,0.0725512163979666,0.4798556571587984,-0.3188893808052634
lista,LISTA,dysts:Hadley,2000,0.0319608149251767,0.04259937389620707,0.7502648983304049,-0.12478537184653848
lista,LISTA,dysts:LorenzCoupled,2000,0.5472273273127419,1.0609174541064672,0.5158057539675708,-0.2875138174861253
lista,LISTA,dysts:LuChenCheng,2000,0.01058977303494294,0.04089453310838763,0.25895326905617455,-0.5867786020274497
lista,LISTA,dysts:MultiChua,2000,0.023002505568521313,0.08550589105912614,0.26901661725991954,-0.570220892631826
lista,LISTA,dysts:QiChen,2000,0.04344254146729192,0.2517386717455728,0.1725699955674606,-0.763034712052073
lista,LISTA,dysts:Sakarya,2000,0.2171143293380737,0.5067468902894429,0.42844728502243534,-0.36810260485445595
lista,LISTA,dysts:SanUmSrisuchinwong,2000,0.07080986989395953,0.10913128725119996,0.6488503130268074,-0.18785548151157644
lista,LISTA,dysts:ShimizuMorioka,2000,0.0117715871892869,0.023799289150961727,0.49461927684555285,-0.3057289618434802
lista,LISTA,dysts:WangSun,2000,0.43390774726867676,0.7348621189594269,0.5904614431386055,-0.22880845635504335
lista,LISTA,dysts:Chua,3000,0.020530645602515725,0.06270882380860188,0.32739643889955244,-0.4849260487319114
lista,LISTA,dysts:Dadras,3000,0.32020972456250874,0.8405160648482186,0.38096800043950685,-0.4191115015322048
lista,LISTA,dysts:DequanLi,3000,0.09901073149272369,0.19479726254940033,0.5082757847668147,-0.29390058042647316
lista,LISTA,dysts:Hadley,3000,0.0786982891815049,0.09177884033748078,0.857477484920519,-0.06677727455417326
lista,LISTA,dysts:LorenzCoupled,3000,1.3220350572041102,2.1422263894762312,0.6171313469475765,-0.2096223932054529
lista,LISTA,dysts:LuChenCheng,3000,0.023810653015971132,0.0832168092685086,0.28612792565914563,-0.5434397536319417
lista,LISTA,dysts:MultiChua,3000,0.06274415020431788,0.23155616436685836,0.27096730668293184,-0.5670831053754786
lista,LISTA,dysts:QiChen,3000,0.16652042205844603,0.7036039956978389,0.2366678175175654,-0.62586079414011
lista,LISTA,dysts:Sakarya,3000,0.5250298806599208,0.9189874274390084,0.5713134532460904,-0.24312554908534834
lista,LISTA,dysts:SanUmSrisuchinwong,3000,0.2387047718678202,0.4068213871547154,0.58675571001148,-0.2315426753733219
lista,LISTA,dysts:ShimizuMorioka,3000,0.03738593044025552,0.06579638485397607,0.5682064527287822,-0.24549383860218726
lista,LISTA,dysts:WangSun,3000,0.8348675966262817,1.4852567911148071,0.562103201022663,-0.2501839415127541
lista,LISTA,dysts:Chua,4000,0.037809120225054824,0.11857637975897105,0.31885878369628945,-0.49640161487466794
lista,LISTA,dysts:Dadras,4000,0.6855026313236782,1.2399299485342843,0.5528559352357024,-0.25738802363805974
lista,LISTA,dysts:DequanLi,4000,0.2481766981737954,0.4527665504387447,0.5481339068296996,-0.26111333222158445
lista,LISTA,dysts:Hadley,4000,0.1474792797650609,0.16126293476138795,0.9145268252948392,-0.038803551087881576
lista,LISTA,dysts:LorenzCoupled,4000,2.110459634235927,3.101432664053781,0.6804789472609134,-0.16718530650744706
lista,LISTA,dysts:LuChenCheng,4000,0.04636441171169275,0.12619167992046898,0.36741258806375704,-0.43484596824530514
lista,LISTA,dysts:MultiChua,4000,0.1345410006386893,0.4301771819591522,0.31275717606859194,-0.5047927168344231
lista,LISTA,dysts:QiChen,4000,0.3646620682307652,1.1026007618222917,0.3307290189316398,-0.4805276974087407
lista,LISTA,dysts:Sakarya,4000,0.901514640876225,1.2937675288745336,0.6968134697741759,-0.1568834627764317
lista,LISTA,dysts:SanUmSrisuchinwong,4000,0.5164207475525993,0.7841893264225551,0.6585409035194256,-0.18141724481597363
lista,LISTA,dysts:ShimizuMorioka,4000,0.12209840651069363,0.22395080753735133,0.545201903281057,-0.2634426367276469
lista,LISTA,dysts:WangSun,4000,1.452980637550354,2.040542875017439,0.7120559216566016,-0.147485897496316
lista,LISTA,dysts:Chua,5000,0.06319315997617583,0.21363757124968938,0.29579609806703283,-0.5290075592070549
lista,LISTA,dysts:Dadras,5000,1.057684404509408,1.6712915216173445,0.6328545264717578,-0.1986961092739387
lista,LISTA,dysts:DequanLi,5000,0.44963587181908743,0.8335135919707162,0.5394463583443094,-0.2680517343606808
lista,LISTA,dysts:Hadley,5000,0.24271233592714578,0.25506724842957085,0.9515621367365144,-0.021562847145016314
lista,LISTA,dysts:LorenzCoupled,5000,2.9366787501743863,3.875176634107317,0.7578180370740384,-0.12043506215352874
lista,LISTA,dysts:LuChenCheng,5000,0.07414182381970537,0.20063637835638862,0.369533304115009,-0.43234641480209113
lista,LISTA,dysts:MultiChua,5000,0.2397799619606563,0.6542264010225024,0.3665091497162141,-0.4359151789446486
lista,LISTA,dysts:QiChen,5000,0.5637009825025286,1.475971255983625,0.3819186723435639,-0.4180291080641385
lista,LISTA,dysts:Sakarya,5000,1.2597938861165727,1.6969769171306066,0.7423753814204731,-0.12937643858137868
lista,LISTA,dysts:SanUmSrisuchinwong,5000,0.8236418110983712,1.2132920282227653,0.6788487783150152,-0.16822695923600375
lista,LISTA,dysts:ShimizuMorioka,5000,0.3063695856503078,0.514841513974326,0.5950755277780218,-0.22542790953944195
lista,LISTA,dysts:WangSun,5000,2.0525612149919783,2.677452462060111,0.7666097695765165,-0.11542565045326042
lista_bd,LISTA-BD,dysts:Chua,100,6.0770703255132374e-05,0.00011367587181403259,0.5345963244913562,-0.27197403147287763
lista_bd,LISTA-BD,dysts:Dadras,100,0.0003254567522422143,0.0007269466212683999,0.44770378280917905,-0.3490092360918464
lista_bd,LISTA-BD,dysts:DequanLi,100,0.00020281293628998572,0.0004072439727938285,0.49801335277873315,-0.3027590127415294
lista_bd,LISTA-BD,dysts:Hadley,100,0.00016988218703767143,0.0003209318082163857,0.529340447685166,-0.2762649196582194
lista_bd,LISTA-BD,dysts:LorenzCoupled,100,0.0024037818823541427,0.0008130443041278856,2.9565201676587187,0.47078084584925295
lista_bd,LISTA-BD,dysts:LuChenCheng,100,8.660046400368677e-05,0.00013874083379046198,0.6241887239518686,-0.20468408118448692
lista_bd,LISTA-BD,dysts:MultiChua,100,0.0001116310605928637,0.00021844355381154284,0.5110293192225339,-0.29155418242637593
lista_bd,LISTA-BD,dysts:QiChen,100,0.00014840790078902855,0.0008931479283740858,0.16616273304154094,-0.779466373146654
lista_bd,LISTA-BD,dysts:Sakarya,100,0.0009363548431012714,0.006908113427925799,0.1355442195427902,-0.8679189987341662
lista_bd,LISTA-BD,dysts:SanUmSrisuchinwong,100,0.00020302762485302858,0.0005597402840586142,0.3627175506842173,-0.4404314298595967
lista_bd,LISTA-BD,dysts:ShimizuMorioka,100,8.429361696471232e-05,0.0001380290164628504,0.6106949040486671,-0.2141757039647987
lista_bd,LISTA-BD,dysts:WangSun,100,0.0011575852653809573,0.0008310555796404571,1.3929095643419758,0.14392292045682678
lista_bd,LISTA-BD,dysts:Chua,500,0.0005831825630073429,0.0018645639730882856,0.3127715495014178,-0.5047727583503177
lista_bd,LISTA-BD,dysts:Dadras,500,0.00654394898031433,0.011152160087866386,0.586787575568807,-0.23151909032812867
lista_bd,LISTA-BD,dysts:DequanLi,500,0.0032811944838612712,0.0051409941765346145,0.6382412372373125,-0.19501513914902505
lista_bd,LISTA-BD,dysts:Hadley,500,0.002654691326564929,0.0036186023415730995,0.7336233926745502,-0.13452682899084334
lista_bd,LISTA-BD,dysts:LorenzCoupled,500,0.04047550793204983,0.016585124922650157,2.440470489117196,0.38747356040841896
lista_bd,LISTA-BD,dysts:LuChenCheng,500,0.0012425357875014572,0.002529834047891157,0.49115308118223083,-0.3087831271211428
lista_bd,LISTA-BD,dysts:MultiChua,500,0.0019944563474771854,0.004274318393851986,0.46661389342121407,-0.33104233423849755
lista_bd,LISTA-BD,dysts:QiChen,500,0.0022526010704625285,0.011720293134983042,0.19219664939428052,-0.7162541877510266
lista_bd,LISTA-BD,dysts:Sakarya,500,0.016760978648172914,0.05689595879188601,0.294589967443579,-0.5307820475751415
lista_bd,LISTA-BD,dysts:SanUmSrisuchinwong,500,0.0028969283282224007,0.006533596232267314,0.4433895553440249,-0.35321454150994175
lista_bd,LISTA-BD,dysts:ShimizuMorioka,500,0.0011128733001116856,0.0023838868697306573,0.4668314231863793,-0.33083991857109774
lista_bd,LISTA-BD,dysts:WangSun,500,0.030841424262949346,0.018022643934403112,1.7112597005856998,0.23331592302599075
lista_bd,LISTA-BD,dysts:Chua,1000,0.0018102609153304427,0.0070011597126722,0.2585658647457855,-0.5874288102022027
lista_bd,LISTA-BD,dysts:Dadras,1000,0.037095760926604236,0.09519686390246661,0.3896741909965698,-0.4092983575610536
lista_bd,LISTA-BD,dysts:DequanLi,1000,0.010924128150301287,0.017654003043259845,0.6187904309029804,-0.2084564109360918
lista_bd,LISTA-BD,dysts:Hadley,1000,0.009140696509608142,0.012094187350677557,0.7557925344273793,-0.12159740227479496
lista_bd,LISTA-BD,dysts:LorenzCoupled,1000,0.1702003628015518,0.09839769718902448,1.729718963591115,0.23797554678410637
lista_bd,LISTA-BD,dysts:LuChenCheng,1000,0.0036672115592019288,0.010128569855753843,0.36206607758336756,-0.4412121628617491
lista_bd,LISTA-BD,dysts:MultiChua,1000,0.007514245142894086,0.017336045391857586,0.4334463237171371,-0.3630646761734397
lista_bd,LISTA-BD,dysts:QiChen,1000,0.007875670612390515,0.048707854268806285,0.1616920049264886,-0.7913114538236615
lista_bd,LISTA-BD,dysts:Sakarya,1000,0.048567325142877406,0.14673280449850215,0.330991595975208,-0.48018303301560405
lista_bd,LISTA-BD,dysts:SanUmSrisuchinwong,1000,0.009225660735475127,0.01956173990453987,0.4716175953926288,-0.32641000035520235
lista_bd,LISTA-BD,dysts:ShimizuMorioka,1000,0.0033256816677748853,0.0075389690298054285,0.4411321567480583,-0.3554312827584071
lista_bd,LISTA-BD,dysts:WangSun,1000,0.11092852694647648,0.08992772123643324,1.2335298328624278,0.09114965734489336
lista_bd,LISTA-BD,dysts:Chua,1500,0.003845858121556828,0.01605246295886377,0.23958056351927237,-0.6205484179134513
lista_bd,LISTA-BD,dysts:Dadras,1500,0.06759933222617416,0.2184133891548429,0.30950177774243504,-0.5093368520993965
lista_bd,LISTA-BD,dysts:DequanLi,1500,0.022490634982074976,0.039100420262132306,0.5752018733122556,-0.24017970821653215
lista_bd,LISTA-BD,dysts:Hadley,1500,0.01890505185084677,0.0251167352710451,0.7526874670149014,-0.12338531533491201
lista_bd,LISTA-BD,dysts:LorenzCoupled,1500,0.4908164399010794,0.4115556329488754,1.1925883176091772,0.07649055075622406
lista_bd,LISTA-BD,dysts:LuChenCheng,1500,0.0062404286249407,0.02337314614227837,0.26699138348571483,-0.5735027542346398
lista_bd,LISTA-BD,dysts:MultiChua,1500,0.018592227516429714,0.04255144617387222,0.4369352674985195,-0.35958289952975087
lista_bd,LISTA-BD,dysts:QiChen,1500,0.019067525464509155,0.12993775308132166,0.14674353690397993,-0.8334410174994222
lista_bd,LISTA-BD,dysts:Sakarya,1500,0.10915705455201008,0.27979411291224615,0.3901334928596078,-0.4087867640185908
lista_bd,LISTA-BD,dysts:SanUmSrisuchinwong,1500,0.019414023895348773,0.04763759672641749,0.4075357538887494,-0.38983428376956913
lista_bd,LISTA-BD,dysts:ShimizuMorioka,1500,0.007169793692550458,0.013914762064814514,0.5152652743290751,-0.2879691252964258
lista_bd,LISTA-BD,dysts:WangSun,1500,0.3454605042934418,0.40745570404188974,0.8478480013079548,-0.07168199928816237
lista_bd,LISTA-BD,dysts:Chua,2000,0.006710252325449628,0.029301408944385342,0.22900783843486233,-0.6401496524603397
lista_bd,LISTA-BD,dysts:Dadras,2000,0.10850310538496287,0.42989498376846313,0.25239444394959837,-0.5979202096045637
lista_bd,LISTA-BD,dysts:DequanLi,2000,0.03891117657933912,0.0725512163979666,0.5363270047175899,-0.270570335230536
lista_bd,LISTA-BD,dysts:Hadley,2000,0.032286968348281674,0.04259937389620707,0.757921194498035,-0.12037594815932043
lista_bd,LISTA-BD,dysts:LorenzCoupled,2000,0.9818571380206517,1.0609174541064672,0.9254792955099393,-0.03363329268240542
lista_bd,LISTA-BD,dysts:LuChenCheng,2000,0.009458192757197743,0.04089453310838763,0.23128257100110602,-0.6358570935728395
lista_bd,LISTA-BD,dysts:MultiChua,2000,0.03753614132957794,0.08550589105912614,0.43898894993822385,-0.35754641151471833
lista_bd,LISTA-BD,dysts:QiChen,2000,0.04205105214246678,0.2517386717455728,0.16704248040589859,-0.7771730698117114
lista_bd,LISTA-BD,dysts:Sakarya,2000,0.250103867479733,0.5067468902894429,0.49354790778662516,-0.3066706847825217
lista_bd,LISTA-BD,dysts:SanUmSrisuchinwong,2000,0.038018007629684,0.10913128725119996,0.3483694601913162,-0.4579599244213637
lista_bd,LISTA-BD,dysts:ShimizuMorioka,2000,0.013328742901129315,0.023799289150961727,0.5600479416247901,-0.25177479461537705
lista_bd,LISTA-BD,dysts:WangSun,2000,0.6288457044533321,0.7348621189594269,0.8557329167324406,-0.06766176206199774
lista_bd,LISTA-BD,dysts:Chua,3000,0.014041253099484072,0.06270882380860188,0.22391191935508778,-0.6499227872947475
lista_bd,LISTA-BD,dysts:Dadras,3000,0.32716502249240875,0.8405160648482186,0.3892430331495075,-0.4097791518922823
lista_bd,LISTA-BD,dysts:DequanLi,3000,0.09687867334910796,0.19479726254940033,0.4973307739606436,-0.3033546665514367
lista_bd,LISTA-BD,dysts:Hadley,3000,0.07589095618043626,0.09177884033748078,0.8268894649504935,-0.08255254119769553
lista_bd,LISTA-BD,dysts:LorenzCoupled,3000,2.201808656964983,2.1422263894762312,1.0278132450339759,0.011914209971166859
lista_bd,LISTA-BD,dysts:LuChenCheng,3000,0.0188402983226946,0.0832168092685086,0.22640015266512092,-0.6451232846321883
lista_bd,LISTA-BD,dysts:MultiChua,3000,0.10082251472132542,0.23155616436685836,0.43541278634064173,-0.3610988216071699
lista_bd,LISTA-BD,dysts:QiChen,3000,0.1367322270359311,0.7036039956978389,0.19433122590544588,-0.7114574096481194
lista_bd,LISTA-BD,dysts:Sakarya,3000,0.5453656315803528,0.9189874274390084,0.5934418853804697,-0.22662180424828796
lista_bd,LISTA-BD,dysts:SanUmSrisuchinwong,3000,0.1497109532356262,0.4068213871547154,0.36800167828612873,-0.43415020070489885
lista_bd,LISTA-BD,dysts:ShimizuMorioka,3000,0.05612959180559427,0.06579638485397607,0.8530801795594757,-0.06901014831221707
lista_bd,LISTA-BD,dysts:WangSun,3000,1.191859143120902,1.4852567911148071,0.8024599855398162,-0.09557661436548678
lista_bd,LISTA-BD,dysts:Chua,4000,0.025472756741302314,0.11857637975897105,0.2148215082386603,-0.6679222386068517
lista_bd,LISTA-BD,dysts:Dadras,4000,0.6827419527939388,1.2399299485342843,0.5506294558019226,-0.25914055983323864
lista_bd,LISTA-BD,dysts:DequanLi,4000,0.21736096484320502,0.4527665504387447,0.4800729308129666,-0.3186927812834615
lista_bd,LISTA-BD,dysts:Hadley,4000,0.15420359053782048,0.16126293476138795,0.9562246325604034,-0.01944007297314253
lista_bd,LISTA-BD,dysts:LorenzCoupled,4000,3.3741979939596995,3.101432664053781,1.0879481708783567,0.036608206356938386
lista_bd,LISTA-BD,dysts:LuChenCheng,4000,0.036354465410113286,0.12619167992046898,0.2880892419613188,-0.5404729591582188
lista_bd,LISTA-BD,dysts:MultiChua,4000,0.19783541773046762,0.4301771819591522,0.4598928674679291,-0.3373433258974582
lista_bd,LISTA-BD,dysts:QiChen,4000,0.3221683310610907,1.1026007618222917,0.29218946895033543,-0.5343354408971945
lista_bd,LISTA-BD,dysts:Sakarya,4000,0.8165873544556754,1.2937675288745336,0.6311700798102702,-0.19985359674616823
lista_bd,LISTA-BD,dysts:SanUmSrisuchinwong,4000,0.45678031870297026,0.7841893264225551,0.5824872939635464,-0.23471354364392313
lista_bd,LISTA-BD,dysts:ShimizuMorioka,4000,0.1744725012353488,0.22395080753735133,0.7790661849087087,-0.10842564563981963
lista_bd,LISTA-BD,dysts:WangSun,4000,1.9645424059459142,2.040542875017439,0.9627547796216362,-0.016484316633406194
lista_bd,LISTA-BD,dysts:Chua,5000,0.04467774368822571,0.21363757124968938,0.20912868193960368,-0.6795863997319949
lista_bd,LISTA-BD,dysts:Dadras,5000,1.0177471382277352,1.6712915216173445,0.6089584761626982,-0.21541232015568446
lista_bd,LISTA-BD,dysts:DequanLi,5000,0.3999227413109371,0.8335135919707162,0.4798035031023076,-0.31893658552106885
lista_bd,LISTA-BD,dysts:Hadley,5000,0.25783309979098185,0.25506724842957085,1.0108436162558703,0.004683972751809849
lista_bd,LISTA-BD,dysts:LorenzCoupled,5000,4.704558440617153,3.875176634107317,1.214024258716375,0.08422736492820022
lista_bd,LISTA-BD,dysts:LuChenCheng,5000,0.07369325948613024,0.20063637835638862,0.3672975962276869,-0.4349819138775959
lista_bd,LISTA-BD,dysts:MultiChua,5000,0.3169830100876944,0.6542264010225024,0.48451577250975486,-0.3146920807340456
lista_bd,LISTA-BD,dysts:QiChen,5000,0.5587556489876339,1.475971255983625,0.3785681101325139,-0.4218559729839319
lista_bd,LISTA-BD,dysts:Sakarya,5000,1.3034093550273351,1.6969769171306066,0.7680772448167715,-0.11459510117847795
lista_bd,LISTA-BD,dysts:SanUmSrisuchinwong,5000,0.7294712747846331,1.2132920282227653,0.6012330566888875,-0.2209571492712569
lista_bd,LISTA-BD,dysts:ShimizuMorioka,5000,0.3587568998336792,0.514841513974326,0.696829781779349,-0.15687329630975833
lista_bd,LISTA-BD,dysts:WangSun,5000,2.66519934790475,2.677452462060111,0.9954235922657866,-0.001992070373764792
lista_sb,LISTA-SB,dysts:Chua,100,0.00012062261625287819,0.00011367587181403259,1.0611101047917195,0.025760450275050334
lista_sb,LISTA-SB,dysts:Dadras,100,0.0004267396496808143,0.0007269466212683999,0.5870302401794305,-0.23133952600147692
lista_sb,LISTA-SB,dysts:DequanLi,100,0.0003453315127573857,0.0004072439727938285,0.8479720654631109,-0.07161845436480857
lista_sb,LISTA-SB,dysts:Hadley,100,0.00023085559119598575,0.0003209318082163857,0.7193291075727004,-0.1430723656655166
lista_sb,LISTA-SB,dysts:LorenzCoupled,100,0.001001000204788743,0.0008130443041278856,1.2311754718735393,0.09031995466610887
lista_sb,LISTA-SB,dysts:LuChenCheng,100,0.00012607244467025604,0.00013874083379046198,0.9086902624548242,-0.041584125831927596
lista_sb,LISTA-SB,dysts:MultiChua,100,0.0001639832730038857,0.00021844355381154284,0.7506894579519545,-0.12453968295530247
lista_sb,LISTA-SB,dysts:QiChen,100,0.0003459569041816428,0.0008931479283740858,0.38734558205988734,-0.4119013930932925
lista_sb,LISTA-SB,dysts:Sakarya,100,0.001134600515277743,0.006908113427925799,0.1642417321480509,-0.7845164833989506
lista_sb,LISTA-SB,dysts:SanUmSrisuchinwong,100,0.000557091124522043,0.0005597402840586142,0.9952671629825132,-0.002060324445367275
lista_sb,LISTA-SB,dysts:ShimizuMorioka,100,0.0003596882597775714,0.0001380290164628504,2.6058887398823067,0.41595586928651407
lista_sb,LISTA-SB,dysts:WangSun,100,0.0012030605326539285,0.0008310555796404571,1.4476294511787207,0.16065740999453115
lista_sb,LISTA-SB,dysts:Chua,500,0.0014741018281450855,0.0018645639730882856,0.7905879601993618,-0.10204980377852099
lista_sb,LISTA-SB,dysts:Dadras,500,0.010862220477844945,0.011152160087866386,0.9740014842203623,-0.01144038132649522
lista_sb,LISTA-SB,dysts:DequanLi,500,0.005445497509624214,0.0051409941765346145,1.0592304372721262,0.0249904518439298
lista_sb,LISTA-SB,dysts:Hadley,500,0.0036653192447764,0.0036186023415730995,1.0129102064259958,0.005570947253501338
lista_sb,LISTA-SB,dysts:LorenzCoupled,500,0.01686692410813904,0.016585124922650157,1.0169910800674182,0.007317143783621816
lista_sb,LISTA-SB,dysts:LuChenCheng,500,0.0018830578275290427,0.002529834047891157,0.7443404554930154,-0.12822837611774843
lista_sb,LISTA-SB,dysts:MultiChua,500,0.0029762275849601577,0.004274318393851986,0.6963046059556649,-0.15720073201885737
lista_sb,LISTA-SB,dysts:QiChen,500,0.003818134976816986,0.011720293134983042,0.32577128684781065,-0.48708719661769584
lista_sb,LISTA-SB,dysts:Sakarya,500,0.017956693922834686,0.05689595879188601,0.3156057882514409,-0.5008550403719685
lista_sb,LISTA-SB,dysts:SanUmSrisuchinwong,500,0.0064506928569504,0.006533596232267314,0.9873112184515656,-0.005545928230641078
lista_sb,LISTA-SB,dysts:ShimizuMorioka,500,0.005551257569875014,0.0023838868697306573,2.3286581424487736,0.367105736819196
lista_sb,LISTA-SB,dysts:WangSun,500,0.03099896559225656,0.018022643934403112,1.720001000135345,0.23552869943844149
lista_sb,LISTA-SB,dysts:Chua,1000,0.004637794436088601,0.0070011597126722,0.6624323149912044,-0.17885848981006303
lista_sb,LISTA-SB,dysts:Dadras,1000,0.07505022681185171,0.09519686390246661,0.7883686892116949,-0.1032706324552681
lista_sb,LISTA-SB,dysts:DequanLi,1000,0.017537072433957,0.017654003043259845,0.9933765385099167,-0.0028861013530798152
lista_sb,LISTA-SB,dysts:Hadley,1000,0.011631576211324714,0.012094187350677557,0.9617492993998538,-0.016938121389109835
lista_sb,LISTA-SB,dysts:LorenzCoupled,1000,0.07272612729242865,0.09839769718902448,0.7391039563936126,-0.13129447295442861
lista_sb,LISTA-SB,dysts:LuChenCheng,1000,0.005755638969795985,0.010128569855753843,0.5682578144560378,-0.24545458331649567
lista_sb,LISTA-SB,dysts:MultiChua,1000,0.0111887482926249,0.017336045391857586,0.6454037261508351,-0.19016853158461608
lista_sb,LISTA-SB,dysts:QiChen,1000,0.015376081158007843,0.048707854268806285,0.31567970687337515,-0.50075333535891
lista_sb,LISTA-SB,dysts:Sakarya,1000,0.076858835827027,0.14673280449850215,0.5238013141622436,-0.2808334163103766
lista_sb,LISTA-SB,dysts:SanUmSrisuchinwong,1000,0.017627808930618383,0.01956173990453987,0.9011370673897641,-0.04520914566514087
lista_sb,LISTA-SB,dysts:ShimizuMorioka,1000,0.021784662402101883,0.0075389690298054285,2.8896076261854757,0.4608388748148554
lista_sb,LISTA-SB,dysts:WangSun,1000,0.14293469488620753,0.08992772123643324,1.5894397514022527,0.20124407038891737
lista_sb,LISTA-SB,dysts:Chua,1500,0.0105524345168045,0.01605246295886377,0.657371678342837,-0.18218901063525939
lista_sb,LISTA-SB,dysts:Dadras,1500,0.2067979755146163,0.2184133891548429,0.9468191318985855,-0.023732975083853924
lista_sb,LISTA-SB,dysts:DequanLi,1500,0.0370887033641338,0.039100420262132306,0.9485499929537382,-0.02293977485251405
lista_sb,LISTA-SB,dysts:Hadley,1500,0.023467050599200356,0.0251167352710451,0.9343193032835552,-0.029504678420968693
lista_sb,LISTA-SB,dysts:LorenzCoupled,1500,0.23125005194119042,0.4115556329488754,0.5618925691388045,-0.2503467112817725
lista_sb,LISTA-SB,dysts:LuChenCheng,1500,0.012288868693368728,0.02337314614227837,0.5257687013362777,-0.27920527072399576
lista_sb,LISTA-SB,dysts:MultiChua,1500,0.028367452855621027,0.04255144617387222,0.666662485211594,-0.17609398303852047
lista_sb,LISTA-SB,dysts:QiChen,1500,0.04143397456833291,0.12993775308132166,0.3188755660750992,-0.49637875741210663
lista_sb,LISTA-SB,dysts:Sakarya,1500,0.18526484497955864,0.27979411291224615,0.662147044665177,-0.17904555497827163
lista_sb,LISTA-SB,dysts:SanUmSrisuchinwong,1500,0.0422830786556005,0.04763759672641749,0.8875989042527068,-0.05178324257939017
lista_sb,LISTA-SB,dysts:ShimizuMorioka,1500,0.057397298514842945,0.013914762064814514,4.124921306414596,0.6154156676699682
lista_sb,LISTA-SB,dysts:WangSun,1500,0.35621157714298796,0.40745570404188974,0.8742338703555529,-0.058372371692666083
lista_sb,LISTA-SB,dysts:Chua,2000,0.02170526023421964,0.029301408944385342,0.7407582439266541,-0.13032350654121885
lista_sb,LISTA-SB,dysts:Dadras,2000,0.30702668854168486,0.42989498376846313,0.714189976934102,-0.1461862490644861
lista_sb,LISTA-SB,dysts:DequanLi,2000,0.06587351432868409,0.0725512163979666,0.9079587855198293,-0.04193386472511676
lista_sb,LISTA-SB,dysts:Hadley,2000,0.040237443255526646,0.04259937389620707,0.9445548038702343,-0.02477283887720457
lista_sb,LISTA-SB,dysts:LorenzCoupled,2000,0.548645134483065,1.0609174541064672,0.5171421512196238,-0.28639006231297476
lista_sb,LISTA-SB,dysts:LuChenCheng,2000,0.022293674626520644,0.04089453310838763,0.5451504866783312,-0.2634835958653793
lista_sb,LISTA-SB,dysts:MultiChua,2000,0.0587781603847231,0.08550589105912614,0.6874165002745696,-0.16278004756656894
lista_sb,LISTA-SB,dysts:QiChen,2000,0.1015906195555414,0.2517386717455728,0.4035558734425078,-0.3940963274899322
lista_sb,LISTA-SB,dysts:Sakarya,2000,0.3536821923085621,0.5067468902894429,0.6979464483867804,-0.15617789838303733
lista_sb,LISTA-SB,dysts:SanUmSrisuchinwong,2000,0.0969900052462305,0.10913128725119996,0.8887460937116733,-0.05122229510402621
lista_sb,LISTA-SB,dysts:ShimizuMorioka,2000,0.11938899063638278,0.023799289150961727,5.016493975054641,0.7004002949832754
lista_sb,LISTA-SB,dysts:WangSun,2000,0.5193273680550712,0.7348621189594269,0.7067004199242772,-0.15076465062564504
lista_sb,LISTA-SB,dysts:Chua,3000,0.057597735630614384,0.06270882380860188,0.9184949123972184,-0.03692324493676133
lista_sb,LISTA-SB,dysts:Dadras,3000,0.7523676753044128,0.8405160648482186,0.8951258717943438,-0.048115890290759404
lista_sb,LISTA-SB,dysts:DequanLi,3000,0.1677703176225934,0.19479726254940033,0.8612560332055337,-0.06486772278685006
lista_sb,LISTA-SB,dysts:Hadley,3000,0.0938481763005256,0.09177884033748078,1.0225469831110923,0.009683271727906043
lista_sb,LISTA-SB,dysts:LorenzCoupled,3000,1.3989866801670618,2.1422263894762312,0.6530526778307079,-0.18505178538883513
lista_sb,LISTA-SB,dysts:LuChenCheng,3000,0.05301365841712264,0.0832168092685086,0.6370546874258057,-0.19582328441848137
lista_sb,LISTA-SB,dysts:MultiChua,3000,0.1619373208710125,0.23155616436685836,0.6993435968927714,-0.15530939711400132
lista_sb,LISTA-SB,dysts:QiChen,3000,0.34643304347991943,0.7036039956978389,0.4923693520761276,-0.3077089879065697
lista_sb,LISTA-SB,dysts:Sakarya,3000,0.7105788503374372,0.9189874274390084,0.7732193380682535,-0.11169729288545188
lista_sb,LISTA-SB,dysts:SanUmSrisuchinwong,3000,0.34595888001578196,0.4068213871547154,0.8503950159439695,-0.07037929382151248
lista_sb,LISTA-SB,dysts:ShimizuMorioka,3000,0.36136092032705036,0.06579638485397607,5.492109044121949,0.739739151432582
lista_sb,LISTA-SB,dysts:WangSun,3000,1.0406710931232996,1.4852567911148071,0.7006674531628908,-0.15448805553346404
lista_sb,LISTA-SB,dysts:Chua,4000,0.11977180306400567,0.11857637975897105,1.0100814623238166,0.004356400724273959
lista_sb,LISTA-SB,dysts:Dadras,4000,1.272904634475708,1.2399299485342843,1.0265939910398993,0.01139871787735327
lista_sb,LISTA-SB,dysts:DequanLi,4000,0.3802350376333509,0.4527665504387447,0.83980372946034,-0.07582220104786513
lista_sb,LISTA-SB,dysts:Hadley,4000,0.18339384666510988,0.16126293476138795,1.1372349569134894,0.05585020079091648
lista_sb,LISTA-SB,dysts:LorenzCoupled,4000,2.1930537905011858,3.101432664053781,0.7071099159814475,-0.1505130724917939
lista_sb,LISTA-SB,dysts:LuChenCheng,4000,0.09778193863374843,0.12619167992046898,0.7748683486532115,-0.11077207853919924
lista_sb,LISTA-SB,dysts:MultiChua,4000,0.32792566078049795,0.4301771819591522,0.7623037077118525,-0.11787196789246059
lista_sb,LISTA-SB,dysts:QiChen,4000,0.6186146480696542,1.1026007618222917,0.5610504449926704,-0.2509980888382502
lista_sb,LISTA-SB,dysts:Sakarya,4000,1.1500552637236459,1.2937675288745336,0.8889195609385057,-0.05113753691629121
lista_sb,LISTA-SB,dysts:SanUmSrisuchinwong,4000,0.7048783642905099,0.7841893264225551,0.8988624819801372,-0.04630674640417469
lista_sb,LISTA-SB,dysts:ShimizuMorioka,4000,0.6495396473578045,0.22395080753735133,2.900367515975453,0.46245303239803726
lista_sb,LISTA-SB,dysts:WangSun,4000,1.6788464103426253,2.040542875017439,0.8227449816893838,-0.08473475799287869
lista_sb,LISTA-SB,dysts:Chua,5000,0.21421468045030317,0.21363757124968938,1.0027013469458483,0.001171598336989092
lista_sb,LISTA-SB,dysts:Dadras,5000,1.6759092126573836,1.6712915216173445,1.0027629476846567,0.0011982783043419584
lista_sb,LISTA-SB,dysts:DequanLi,5000,0.6971834301948547,0.8335135919707162,0.8364391857683694,-0.07756562941207785
lista_sb,LISTA-SB,dysts:Hadley,5000,0.31980213948658537,0.25506724842957085,1.2537953871207776,0.09822666767898311
lista_sb,LISTA-SB,dysts:LorenzCoupled,5000,3.135659626552037,3.875176634107317,0.8091656000796374,-0.09196258859667439
lista_sb,LISTA-SB,dysts:LuChenCheng,5000,0.15798512207610263,0.20063637835638862,0.7874201247566135,-0.10379348977558699
lista_sb,LISTA-SB,dysts:MultiChua,5000,0.5383078285626003,0.6542264010225024,0.8228158137936181,-0.08469737014052586
lista_sb,LISTA-SB,dysts:QiChen,5000,0.9107376337051392,1.475971255983625,0.6170429336025248,-0.20968461687767387
lista_sb,LISTA-SB,dysts:Sakarya,5000,1.7115944623947144,1.6969769171306066,1.0086138739522894,0.0037249377865097555
lista_sb,LISTA-SB,dysts:SanUmSrisuchinwong,5000,1.0505707519395011,1.2132920282227653,0.8658844923578548,-0.0625400383260418
lista_sb,LISTA-SB,dysts:ShimizuMorioka,5000,0.9417595905917031,0.514841513974326,1.8292223238211256,0.26226649286891657
lista_sb,LISTA-SB,dysts:WangSun,5000,2.294873203550066,2.677452462060111,0.8571107185164822,-0.06696307383534275
sparse_mlp,Sparse MLP,dysts:Chua,100,7.07981879323987e-05,0.00011367587181403259,0.6228075210913764,-0.20564615148484208
sparse_mlp,Sparse MLP,dysts:Dadras,100,0.0003083598296922714,0.0007269466212683999,0.4241849685665162,-0.37244472522134325
sparse_mlp,Sparse MLP,dysts:DequanLi,100,0.0002362232085682857,0.0004072439727938285,0.5800532956883714,-0.23653210133361405
sparse_mlp,Sparse MLP,dysts:Hadley,100,0.00015783496824685716,0.0003209318082163857,0.4918021966225242,-0.3082095358272516
sparse_mlp,Sparse MLP,dysts:LorenzCoupled,100,0.008122162194922528,0.0008130443041278856,9.989815012153354,0.9995574461894599
sparse_mlp,Sparse MLP,dysts:LuChenCheng,100,0.00010336060430351256,0.00013874083379046198,0.7449905084152543,-0.12784926036464492
sparse_mlp,Sparse MLP,dysts:MultiChua,100,9.369717528377506e-05,0.00021844355381154284,0.4289308320107727,-0.36761273508318604
sparse_mlp,Sparse MLP,dysts:QiChen,100,0.0001534989486181857,0.0008931479283740858,0.17186285019730152,-0.7648179900840038
sparse_mlp,Sparse MLP,dysts:Sakarya,100,0.0005357046362145286,0.006908113427925799,0.0775471685292488,-1.1104340549048244
sparse_mlp,Sparse MLP,dysts:SanUmSrisuchinwong,100,0.00019463247943862856,0.0005597402840586142,0.34771926370453493,-0.45877124866435726
sparse_mlp,Sparse MLP,dysts:ShimizuMorioka,100,8.070366831296789e-05,0.0001380290164628504,0.5846862520728657,-0.23307711775684375
sparse_mlp,Sparse MLP,dysts:WangSun,100,0.0004791659718777857,0.0008310555796404571,0.5765751215882446,-0.23914410074427528
sparse_mlp,Sparse MLP,dysts:Chua,500,0.0009658968441986,0.0018645639730882856,0.5180282672730079,-0.2856465414406002
sparse_mlp,Sparse MLP,dysts:Dadras,500,0.006311320234090043,0.011152160087866386,0.5659280519974598,-0.2472387783640921
sparse_mlp,Sparse MLP,dysts:DequanLi,500,0.0038015757620866565,0.0051409941765346145,0.7394631527571932,-0.13108346190092124
sparse_mlp,Sparse MLP,dysts:Hadley,500,0.0028114446571894567,0.0036186023415730995,0.7769421427962845,-0.10961132096725547
sparse_mlp,Sparse MLP,dysts:LorenzCoupled,500,0.04010732738035062,0.016585124922650157,2.418271045132521,0.3835049759326793
sparse_mlp,Sparse MLP,dysts:LuChenCheng,500,0.0014472212975046143,0.002529834047891157,0.5720617519204482,-0.24255708821612568
sparse_mlp,Sparse MLP,dysts:MultiChua,500,0.0015093517888868997,0.004274318393851986,0.3531210475705069,-0.4520763958005225
sparse_mlp,Sparse MLP,dysts:QiChen,500,0.0024998471406953147,0.011720293134983042,0.21329220284036282,-0.6710250204310153
sparse_mlp,Sparse MLP,dysts:Sakarya,500,0.0108862863188343,0.05689595879188601,0.1913367232047912,-0.7182016679518609
sparse_mlp,Sparse MLP,dysts:SanUmSrisuchinwong,500,0.0034261582352752714,0.006533596232267314,0.5243908734908634,-0.28034487538593517
sparse_mlp,Sparse MLP,dysts:ShimizuMorioka,500,0.0009976752335205143,0.0023838868697306573,0.41850779338083116,-0.3782964502375642
sparse_mlp,Sparse MLP,dysts:WangSun,500,0.008454138745686787,0.018022643934403112,0.46908426846012463,-0.3287491316137494
sparse_mlp,Sparse MLP,dysts:Chua,1000,0.0035538283908472996,0.0070011597126722,0.5076056734450464,-0.294473532495167
sparse_mlp,Sparse MLP,dysts:Dadras,1000,0.04771493934094902,0.09519686390246661,0.5012238574354202,-0.2999682654792354
sparse_mlp,Sparse MLP,dysts:DequanLi,1000,0.0135847934122596,0.017654003043259845,0.7695021564781118,-0.11379015874967986
sparse_mlp,Sparse MLP,dysts:Hadley,1000,0.010124245924609001,0.012094187350677557,0.8371166768837764,-0.07721400605058892
sparse_mlp,Sparse MLP,dysts:LorenzCoupled,1000,0.13579695671796796,0.09839769718902448,1.3800826706045626,0.13990510256935368
sparse_mlp,Sparse MLP,dysts:LuChenCheng,1000,0.004572390478902586,0.010128569855753843,0.4514349551832434,-0.34540481598168316
sparse_mlp,Sparse MLP,dysts:MultiChua,1000,0.005921540781855542,0.017336045391857586,0.3415739084668513,-0.4665153108215615
sparse_mlp,Sparse MLP,dysts:QiChen,1000,0.008431782081190971,0.048707854268806285,0.1731092902318814,-0.7616796242784188
sparse_mlp,Sparse MLP,dysts:Sakarya,1000,0.024705436080694174,0.14673280449850215,0.1683702302639923,-0.7737346941605344
sparse_mlp,Sparse MLP,dysts:SanUmSrisuchinwong,1000,0.012801761073725512,0.01956173990453987,0.6544285496176385,-0.18413776271243115
sparse_mlp,Sparse MLP,dysts:ShimizuMorioka,1000,0.003521484056753729,0.0075389690298054285,0.467104194596302,-0.3305862327296689
sparse_mlp,Sparse MLP,dysts:WangSun,1000,0.04292104180370054,0.08992772123643324,0.47728376982726817,-0.3212233336922151
sparse_mlp,Sparse MLP,dysts:Chua,1500,0.007966979273727899,0.01605246295886377,0.4963088402162443,-0.30424798911268824
sparse_mlp,Sparse MLP,dysts:Dadras,1500,0.1898326937641416,0.2184133891548429,0.8691440323265202,-0.060908247416326076
sparse_mlp,Sparse MLP,dysts:DequanLi,1500,0.029629644006490655,0.039100420262132306,0.7577832618639693,-0.12045499177730681
sparse_mlp,Sparse MLP,dysts:Hadley,1500,0.022012276042784933,0.0251167352710451,0.8763987757660914,-0.05729823777313332
sparse_mlp,Sparse MLP,dysts:LorenzCoupled,1500,0.3881666362285614,0.4115556329488754,0.9431692951139379,-0.025410346144139687
sparse_mlp,Sparse MLP,dysts:LuChenCheng,1500,0.008861668740532172,0.02337314614227837,0.3791388924105,-0.4212016629676468
sparse_mlp,Sparse MLP,dysts:MultiChua,1500,0.015385617901171902,0.04255144617387222,0.3615768507209774,-0.4417993821954692
sparse_mlp,Sparse MLP,dysts:QiChen,1500,0.019695875101855755,0.12993775308132166,0.15157931113006912,-0.8193600709678164
sparse_mlp,Sparse MLP,dysts:Sakarya,1500,0.059276910764830396,0.27979411291224615,0.21185903501630088,-0.673953010190001
sparse_mlp,Sparse MLP,dysts:SanUmSrisuchinwong,1500,0.03509750616337566,0.04763759672641749,0.7367606381350529,-0.1326735846263288
sparse_mlp,Sparse MLP,dysts:ShimizuMorioka,1500,0.0077928574090557,0.013914762064814514,0.560042447923782,-0.25177905477876267
sparse_mlp,Sparse MLP,dysts:WangSun,1500,0.24229123975549424,0.40745570404188974,0.5946443683374837,-0.2257426898077306
sparse_mlp,Sparse MLP,dysts:Chua,2000,0.014070956701678813,0.029301408944385342,0.48021433810182196,-0.3185648770454639
sparse_mlp,Sparse MLP,dysts:Dadras,2000,0.3094718839441027,0.42989498376846313,0.7198778669880478,-0.1427411788359085
sparse_mlp,Sparse MLP,dysts:DequanLi,2000,0.053391011697905374,0.0725512163979666,0.7359078778919241,-0.1331765479277649
sparse_mlp,Sparse MLP,dysts:Hadley,2000,0.03961245901882643,0.04259937389620707,0.9298835967716749,-0.03157141321353365
sparse_mlp,Sparse MLP,dysts:LorenzCoupled,2000,0.8178299495152065,1.0609174541064672,0.7708704822883742,-0.11301858375516911
sparse_mlp,Sparse MLP,dysts:LuChenCheng,2000,0.015791591389902958,0.04089453310838763,0.38615409419270375,-0.4132393562007929
sparse_mlp,Sparse MLP,dysts:MultiChua,2000,0.032493234212909373,0.08550589105912614,0.38001164376429636,-0.4202030961592167
sparse_mlp,Sparse MLP,dysts:QiChen,2000,0.0375918690115213,0.2517386717455728,0.14932894001091196,-0.8258560176662835
sparse_mlp,Sparse MLP,dysts:Sakarya,2000,0.11782931429999212,0.5067468902894429,0.23252104069684681,-0.6335377419349577
sparse_mlp,Sparse MLP,dysts:SanUmSrisuchinwong,2000,0.08230743237904134,0.10913128725119996,0.7542056403090428,-0.12251022405724292
sparse_mlp,Sparse MLP,dysts:ShimizuMorioka,2000,0.013455314827816785,0.023799289150961727,0.5653662486500383,-0.24767012167346306
sparse_mlp,Sparse MLP,dysts:WangSun,2000,0.5186140579836709,0.7348621189594269,0.705729747939701,-0.15136157578711085
sparse_mlp,Sparse MLP,dysts:Chua,3000,0.035140425765088586,0.06270882380860188,0.5603744996452686,-0.2515216359046854
sparse_mlp,Sparse MLP,dysts:Dadras,3000,0.5757666528224945,0.8405160648482186,0.685015643248255,-0.1642995106990735
sparse_mlp,Sparse MLP,dysts:DequanLi,3000,0.1435112303921154,0.19479726254940033,0.7367209811571205,-0.13269696164910758
sparse_mlp,Sparse MLP,dysts:Hadley,3000,0.09656363406351628,0.09177884033748078,1.0521339527547013,0.022071035672059723
sparse_mlp,Sparse MLP,dysts:LorenzCoupled,3000,1.9161037376948766,2.1422263894762312,0.8944450255621018,-0.048446346911830335
sparse_mlp,Sparse MLP,dysts:LuChenCheng,3000,0.041345666827900016,0.0832168092685086,0.4968427315507071,-0.30378105921111065
sparse_mlp,Sparse MLP,dysts:MultiChua,3000,0.0861521565488406,0.23155616436685836,0.37205727942681016,-0.4293901939245252
sparse_mlp,Sparse MLP,dysts:QiChen,3000,0.14030938169785906,0.7036039956978389,0.19941527131138492,-0.7002415862835947
sparse_mlp,Sparse MLP,dysts:Sakarya,3000,0.370987485562052,0.9189874274390084,0.40369157888906354,-0.3939503099906181
sparse_mlp,Sparse MLP,dysts:SanUmSrisuchinwong,3000,0.2915739757674081,0.4068213871547154,0.7167125057181953,-0.14465501758010282
sparse_mlp,Sparse MLP,dysts:ShimizuMorioka,3000,0.03672853085611543,0.06579638485397607,0.558215028646759,-0.2531984753169384
sparse_mlp,Sparse MLP,dysts:WangSun,3000,1.0194427541324071,1.4852567911148071,0.6863747469333109,-0.16343870340711514
sparse_mlp,Sparse MLP,dysts:Chua,4000,0.07369372514741757,0.11857637975897105,0.6214873931656036,-0.20656767657043465
sparse_mlp,Sparse MLP,dysts:Dadras,4000,0.9712833762168884,1.2399299485342843,0.7833372985022566,-0.10605119409053283
sparse_mlp,Sparse MLP,dysts:DequanLi,4000,0.30961553539548603,0.4527665504387447,0.6838304090606054,-0.16505159059180982
sparse_mlp,Sparse MLP,dysts:Hadley,4000,0.19232058312211714,0.16126293476138795,1.192590122502009,0.07649120802780097
sparse_mlp,Sparse MLP,dysts:LorenzCoupled,4000,2.9645984854016985,3.101432664053781,0.9558803322612748,-0.019596474137718936
sparse_mlp,Sparse MLP,dysts:LuChenCheng,4000,0.07824942043849395,0.12619167992046898,0.620083831896127,-0.20754959232638653
sparse_mlp,Sparse MLP,dysts:MultiChua,4000,0.16633787431887215,0.4301771819591522,0.38667293686132076,-0.4126562230215544
sparse_mlp,Sparse MLP,dysts:QiChen,4000,0.3751542887517384,1.1026007618222917,0.34024490254451933,-0.46820837255628134
sparse_mlp,Sparse MLP,dysts:Sakarya,4000,0.7153926576886859,1.2937675288745336,0.5529530164596231,-0.2573117684406518
sparse_mlp,Sparse MLP,dysts:SanUmSrisuchinwong,4000,0.5847521424293518,0.7841893264225551,0.7456772525800256,-0.12744910517226257
sparse_mlp,Sparse MLP,dysts:ShimizuMorioka,4000,0.12409905982869009,0.22395080753735133,0.5541353531756852,-0.2563841414854059
sparse_mlp,Sparse MLP,dysts:WangSun,4000,1.5459128618240356,2.040542875017439,0.7575988138993767,-0.12056071393793892
sparse_mlp,Sparse MLP,dysts:Chua,5000,0.1406670223389353,0.21363757124968938,0.6584376592379924,-0.18148533768107314
sparse_mlp,Sparse MLP,dysts:Dadras,5000,1.4757574456078666,1.6712915216173445,0.8830042075363038,-0.05403722699384074
sparse_mlp,Sparse MLP,dysts:DequanLi,5000,0.5997320371014732,0.8335135919707162,0.719522804281449,-0.14295543714551054
sparse_mlp,Sparse MLP,dysts:Hadley,5000,0.34055130183696747,0.25506724842957085,1.3351431982495412,0.1255278476290047
sparse_mlp,Sparse MLP,dysts:LorenzCoupled,5000,3.7745210102626254,3.875176634107317,0.9740255391305851,-0.011429655690097202
sparse_mlp,Sparse MLP,dysts:LuChenCheng,5000,0.12554061199937547,0.20063637835638862,0.6257121117705723,-0.20362543839915084
sparse_mlp,Sparse MLP,dysts:MultiChua,5000,0.2770594869341169,0.6542264010225024,0.42349175530228617,-0.37315504026025503
sparse_mlp,Sparse MLP,dysts:QiChen,5000,0.5725963115692139,1.475971255983625,0.38794543541948656,-0.41122935369096336
sparse_mlp,Sparse MLP,dysts:Sakarya,5000,1.1797254085540771,1.6969769171306066,0.6951923721796155,-0.15789500171830229
sparse_mlp,Sparse MLP,dysts:SanUmSrisuchinwong,5000,0.84830413545881,1.2132920282227653,0.6991755617989258,-0.15541375995225182
sparse_mlp,Sparse MLP,dysts:ShimizuMorioka,5000,0.318801292351314,0.514841513974326,0.6192221949825357,-0.20815348548781015
sparse_mlp,Sparse MLP,dysts:WangSun,5000,2.047178404671805,2.677452462060111,0.7645993472080718,-0.11656607710440016
sparse_mlp_bd,Sparse MLP-BD,dysts:Chua,100,8.894473700950075e-05,0.00011367587181403259,0.7824416526579132,-0.10654803828437472
sparse_mlp_bd,Sparse MLP-BD,dysts:Dadras,100,0.0003083598296922714,0.0007269466212683999,0.4241849685665162,-0.37244472522134325
sparse_mlp_bd,Sparse MLP-BD,dysts:DequanLi,100,0.0002362232085682857,0.0004072439727938285,0.5800532956883714,-0.23653210133361405
sparse_mlp_bd,Sparse MLP-BD,dysts:Hadley,100,0.00015392814280592858,0.0003209318082163857,0.47962881479838787,-0.31909473355479306
sparse_mlp_bd,Sparse MLP-BD,dysts:LorenzCoupled,100,0.003705959417857171,0.0008130443041278856,4.558127274297038,0.6587864476002109
sparse_mlp_bd,Sparse MLP-BD,dysts:LuChenCheng,100,0.00010336060430351256,0.00013874083379046198,0.7449905084152543,-0.12784926036464492
sparse_mlp_bd,Sparse MLP-BD,dysts:MultiChua,100,9.369717528377506e-05,0.00021844355381154284,0.4289308320107727,-0.36761273508318604
sparse_mlp_bd,Sparse MLP-BD,dysts:QiChen,100,0.0001324129916610714,0.0008931479283740858,0.14825426724341187,-0.8289927973660924
sparse_mlp_bd,Sparse MLP-BD,dysts:Sakarya,100,0.0005357046362145286,0.006908113427925799,0.0775471685292488,-1.1104340549048244
sparse_mlp_bd,Sparse MLP-BD,dysts:SanUmSrisuchinwong,100,0.00020628849285584286,0.0005597402840586142,0.36854323108579584,-0.4335115609371274
sparse_mlp_bd,Sparse MLP-BD,dysts:ShimizuMorioka,100,8.070366831296789e-05,0.0001380290164628504,0.5846862520728657,-0.23307711775684375
sparse_mlp_bd,Sparse MLP-BD,dysts:WangSun,100,0.0004791659718777857,0.0008310555796404571,0.5765751215882446,-0.23914410074427528
sparse_mlp_bd,Sparse MLP-BD,dysts:Chua,500,0.0011966469464823,0.0018645639730882856,0.6417837970452086,-0.1926112516261248
sparse_mlp_bd,Sparse MLP-BD,dysts:Dadras,500,0.006311320234090043,0.011152160087866386,0.5659280519974598,-0.2472387783640921
sparse_mlp_bd,Sparse MLP-BD,dysts:DequanLi,500,0.0038015757620866565,0.0051409941765346145,0.7394631527571932,-0.13108346190092124
sparse_mlp_bd,Sparse MLP-BD,dysts:Hadley,500,0.0025525569217279,0.0036186023415730995,0.7053985712666725,-0.1515654242994175
sparse_mlp_bd,Sparse MLP-BD,dysts:LorenzCoupled,500,0.029334406102342215,0.016585124922650157,1.7687178263143788,0.2476585529496585
sparse_mlp_bd,Sparse MLP-BD,dysts:LuChenCheng,500,0.0014472212975046143,0.002529834047891157,0.5720617519204482,-0.24255708821612568
sparse_mlp_bd,Sparse MLP-BD,dysts:MultiChua,500,0.0015093517888868997,0.004274318393851986,0.3531210475705069,-0.4520763958005225
sparse_mlp_bd,Sparse MLP-BD,dysts:QiChen,500,0.001975213909255557,0.011720293134983042,0.16852939482886195,-0.7733243387179531
sparse_mlp_bd,Sparse MLP-BD,dysts:Sakarya,500,0.0108862863188343,0.05689595879188601,0.1913367232047912,-0.7182016679518609
sparse_mlp_bd,Sparse MLP-BD,dysts:SanUmSrisuchinwong,500,0.003352680542905357,0.006533596232267314,0.5131447404643028,-0.2897601180873994
sparse_mlp_bd,Sparse MLP-BD,dysts:ShimizuMorioka,500,0.0009976752335205143,0.0023838868697306573,0.41850779338083116,-0.3782964502375642
sparse_mlp_bd,Sparse MLP-BD,dysts:WangSun,500,0.008454138745686787,0.018022643934403112,0.46908426846012463,-0.3287491316137494
sparse_mlp_bd,Sparse MLP-BD,dysts:Chua,1000,0.004351111960464242,0.0070011597126722,0.6214844595801274,-0.20656972656051562
sparse_mlp_bd,Sparse MLP-BD,dysts:Dadras,1000,0.04771493934094902,0.09519686390246661,0.5012238574354202,-0.2999682654792354
sparse_mlp_bd,Sparse MLP-BD,dysts:DequanLi,1000,0.0135847934122596,0.017654003043259845,0.7695021564781118,-0.11379015874967986
sparse_mlp_bd,Sparse MLP-BD,dysts:Hadley,1000,0.009491115741963844,0.012094187350677557,0.7847667203065214,-0.10525942241415766
sparse_mlp_bd,Sparse MLP-BD,dysts:LorenzCoupled,1000,0.12247112659471371,0.09839769718902448,1.2446543983589733,0.09504877816126618
sparse_mlp_bd,Sparse MLP-BD,dysts:LuChenCheng,1000,0.004572390478902586,0.010128569855753843,0.4514349551832434,-0.34540481598168316
sparse_mlp_bd,Sparse MLP-BD,dysts:MultiChua,1000,0.005921540781855542,0.017336045391857586,0.3415739084668513,-0.4665153108215615
sparse_mlp_bd,Sparse MLP-BD,dysts:QiChen,1000,0.0072583687890852705,0.048707854268806285,0.1490184467792027,-0.8267599675706765
sparse_mlp_bd,Sparse MLP-BD,dysts:Sakarya,1000,0.024705436080694174,0.14673280449850215,0.1683702302639923,-0.7737346941605344
sparse_mlp_bd,Sparse MLP-BD,dysts:SanUmSrisuchinwong,1000,0.011438972981912685,0.01956173990453987,0.5847625537265189,-0.23302044595210233
sparse_mlp_bd,Sparse MLP-BD,dysts:ShimizuMorioka,1000,0.003521484056753729,0.0075389690298054285,0.467104194596302,-0.3305862327296689
sparse_mlp_bd,Sparse MLP-BD,dysts:WangSun,1000,0.04292104180370054,0.08992772123643324,0.47728376982726817,-0.3212233336922151
sparse_mlp_bd,Sparse MLP-BD,dysts:Chua,1500,0.009697884720350955,0.01605246295886377,0.6041368695385168,-0.21886465914138742
sparse_mlp_bd,Sparse MLP-BD,dysts:Dadras,1500,0.1898326937641416,0.2184133891548429,0.8691440323265202,-0.060908247416326076
sparse_mlp_bd,Sparse MLP-BD,dysts:DequanLi,1500,0.029629644006490655,0.039100420262132306,0.7577832618639693,-0.12045499177730681
sparse_mlp_bd,Sparse MLP-BD,dysts:Hadley,1500,0.021793665763522856,0.0251167352710451,0.8676950060721816,-0.06163290207745008
sparse_mlp_bd,Sparse MLP-BD,dysts:LorenzCoupled,1500,0.3606822213956288,0.4115556329488754,0.8763875221711125,-0.057303814464606466
sparse_mlp_bd,Sparse MLP-BD,dysts:LuChenCheng,1500,0.008861668740532172,0.02337314614227837,0.3791388924105,-0.4212016629676468
sparse_mlp_bd,Sparse MLP-BD,dysts:MultiChua,1500,0.015385617901171902,0.04255144617387222,0.3615768507209774,-0.4417993821954692
sparse_mlp_bd,Sparse MLP-BD,dysts:QiChen,1500,0.019650110575769573,0.12993775308132166,0.15122710767109798,-0.8203703539619651
sparse_mlp_bd,Sparse MLP-BD,dysts:Sakarya,1500,0.059276910764830396,0.27979411291224615,0.21185903501630088,-0.673953010190001
sparse_mlp_bd,Sparse MLP-BD,dysts:SanUmSrisuchinwong,1500,0.026635956019163076,0.04763759672641749,0.5591372749581229,-0.25248155447891224
sparse_mlp_bd,Sparse MLP-BD,dysts:ShimizuMorioka,1500,0.0077928574090557,0.013914762064814514,0.560042447923782,-0.25177905477876267
sparse_mlp_bd,Sparse MLP-BD,dysts:WangSun,1500,0.24229123975549424,0.40745570404188974,0.5946443683374837,-0.2257426898077306
sparse_mlp_bd,Sparse MLP-BD,dysts:Chua,2000,0.017531279208404613,0.029301408944385342,0.5983084035883507,-0.22307489719736828
sparse_mlp_bd,Sparse MLP-BD,dysts:Dadras,2000,0.3094718839441027,0.42989498376846313,0.7198778669880478,-0.1427411788359085
sparse_mlp_bd,Sparse MLP-BD,dysts:DequanLi,2000,0.053391011697905374,0.0725512163979666,0.7359078778919241,-0.1331765479277649
sparse_mlp_bd,Sparse MLP-BD,dysts:Hadley,2000,0.04095685322369842,0.04259937389620707,0.9614426100132215,-0.017076634356796336
sparse_mlp_bd,Sparse MLP-BD,dysts:LorenzCoupled,2000,0.7381348737648555,1.0609174541064672,0.69575146577877,-0.1575458700403284
sparse_mlp_bd,Sparse MLP-BD,dysts:LuChenCheng,2000,0.015791591389902958,0.04089453310838763,0.38615409419270375,-0.4132393562007929
sparse_mlp_bd,Sparse MLP-BD,dysts:MultiChua,2000,0.032493234212909373,0.08550589105912614,0.38001164376429636,-0.4202030961592167
sparse_mlp_bd,Sparse MLP-BD,dysts:QiChen,2000,0.05390823526041845,0.2517386717455728,0.21414363906274367,-0.6692948213887231
sparse_mlp_bd,Sparse MLP-BD,dysts:Sakarya,2000,0.11782931429999212,0.5067468902894429,0.23252104069684681,-0.6335377419349577
sparse_mlp_bd,Sparse MLP-BD,dysts:SanUmSrisuchinwong,2000,0.05132239418370377,0.10913128725119996,0.47028121335698303,-0.327642369964018
sparse_mlp_bd,Sparse MLP-BD,dysts:ShimizuMorioka,2000,0.013455314827816785,0.023799289150961727,0.5653662486500383,-0.24767012167346306
sparse_mlp_bd,Sparse MLP-BD,dysts:WangSun,2000,0.5186140579836709,0.7348621189594269,0.705729747939701,-0.15136157578711085
sparse_mlp_bd,Sparse MLP-BD,dysts:Chua,3000,0.04420982833419523,0.06270882380860188,0.7050017150557828,-0.151809826500294
sparse_mlp_bd,Sparse MLP-BD,dysts:Dadras,3000,0.5757666528224945,0.8405160648482186,0.685015643248255,-0.1642995106990735
sparse_mlp_bd,Sparse MLP-BD,dysts:DequanLi,3000,0.1435112303921154,0.19479726254940033,0.7367209811571205,-0.13269696164910758
sparse_mlp_bd,Sparse MLP-BD,dysts:Hadley,3000,0.10399828106164928,0.09177884033748078,1.133140064520714,0.05428359520216893
sparse_mlp_bd,Sparse MLP-BD,dysts:LorenzCoupled,3000,1.5966482673372542,2.1422263894762312,0.7453219114379552,-0.12765611092228626
sparse_mlp_bd,Sparse MLP-BD,dysts:LuChenCheng,3000,0.041345666827900016,0.0832168092685086,0.4968427315507071,-0.30378105921111065
sparse_mlp_bd,Sparse MLP-BD,dysts:MultiChua,3000,0.0861521565488406,0.23155616436685836,0.37205727942681016,-0.4293901939245252
sparse_mlp_bd,Sparse MLP-BD,dysts:QiChen,3000,0.21679299856935227,0.7036039956978389,0.3081179184526029,-0.5112830447573555
sparse_mlp_bd,Sparse MLP-BD,dysts:Sakarya,3000,0.370987485562052,0.9189874274390084,0.40369157888906354,-0.3939503099906181
sparse_mlp_bd,Sparse MLP-BD,dysts:SanUmSrisuchinwong,3000,0.1864546920572008,0.4068213871547154,0.4583207715829638,-0.3388304596231204
sparse_mlp_bd,Sparse MLP-BD,dysts:ShimizuMorioka,3000,0.03672853085611543,0.06579638485397607,0.558215028646759,-0.2531984753169384
sparse_mlp_bd,Sparse MLP-BD,dysts:WangSun,3000,1.0194427541324071,1.4852567911148071,0.6863747469333109,-0.16343870340711514
sparse_mlp_bd,Sparse MLP-BD,dysts:Chua,4000,0.09797455689736768,0.11857637975897105,0.8262569416988402,-0.08288487881784667
sparse_mlp_bd,Sparse MLP-BD,dysts:Dadras,4000,0.9712833762168884,1.2399299485342843,0.7833372985022566,-0.10605119409053283
sparse_mlp_bd,Sparse MLP-BD,dysts:DequanLi,4000,0.30961553539548603,0.4527665504387447,0.6838304090606054,-0.16505159059180982
sparse_mlp_bd,Sparse MLP-BD,dysts:Hadley,4000,0.20523416996002192,0.16126293476138795,1.2726679584722667,0.10471511016335933
sparse_mlp_bd,Sparse MLP-BD,dysts:LorenzCoupled,4000,2.557698828833444,3.101432664053781,0.8246830113314019,-0.08371295191561492
sparse_mlp_bd,Sparse MLP-BD,dysts:LuChenCheng,4000,0.07824942043849395,0.12619167992046898,0.620083831896127,-0.20754959232638653
sparse_mlp_bd,Sparse MLP-BD,dysts:MultiChua,4000,0.16633787431887215,0.4301771819591522,0.38667293686132076,-0.4126562230215544
sparse_mlp_bd,Sparse MLP-BD,dysts:QiChen,4000,0.4048174406800951,1.1026007618222917,0.3671477970059124,-0.4351590733421703
sparse_mlp_bd,Sparse MLP-BD,dysts:Sakarya,4000,0.7153926576886859,1.2937675288745336,0.5529530164596231,-0.2573117684406518
sparse_mlp_bd,Sparse MLP-BD,dysts:SanUmSrisuchinwong,4000,0.48207556349890573,0.7841893264225551,0.6147438472519359,-0.21130580926334822
sparse_mlp_bd,Sparse MLP-BD,dysts:ShimizuMorioka,4000,0.12409905982869009,0.22395080753735133,0.5541353531756852,-0.2563841414854059
sparse_mlp_bd,Sparse MLP-BD,dysts:WangSun,4000,1.5459128618240356,2.040542875017439,0.7575988138993767,-0.12056071393793892
sparse_mlp_bd,Sparse MLP-BD,dysts:Chua,5000,0.18612552753516604,0.21363757124968938,0.871220948854691,-0.059871690342947835
sparse_mlp_bd,Sparse MLP-BD,dysts:Dadras,5000,1.4757574456078666,1.6712915216173445,0.8830042075363038,-0.05403722699384074
sparse_mlp_bd,Sparse MLP-BD,dysts:DequanLi,5000,0.5997320371014732,0.8335135919707162,0.719522804281449,-0.14295543714551054
sparse_mlp_bd,Sparse MLP-BD,dysts:Hadley,5000,0.3530073719365256,0.25506724842957085,1.3839776533834292,0.1411290777720271
sparse_mlp_bd,Sparse MLP-BD,dysts:LorenzCoupled,5000,3.3862667764936174,3.875176634107317,0.8738354651216241,-0.05857033317410271
sparse_mlp_bd,Sparse MLP-BD,dysts:LuChenCheng,5000,0.12554061199937547,0.20063637835638862,0.6257121117705723,-0.20362543839915084
sparse_mlp_bd,Sparse MLP-BD,dysts:MultiChua,5000,0.2770594869341169,0.6542264010225024,0.42349175530228617,-0.37315504026025503
sparse_mlp_bd,Sparse MLP-BD,dysts:QiChen,5000,0.5535231530666351,1.475971255983625,0.37502298965690434,-0.4259421083386812
sparse_mlp_bd,Sparse MLP-BD,dysts:Sakarya,5000,1.1797254085540771,1.6969769171306066,0.6951923721796155,-0.15789500171830229
sparse_mlp_bd,Sparse MLP-BD,dysts:SanUmSrisuchinwong,5000,0.7654729655810765,1.2132920282227653,0.6309057900119431,-0.20003548692481604
sparse_mlp_bd,Sparse MLP-BD,dysts:ShimizuMorioka,5000,0.318801292351314,0.514841513974326,0.6192221949825357,-0.20815348548781015
sparse_mlp_bd,Sparse MLP-BD,dysts:WangSun,5000,2.047178404671805,2.677452462060111,0.7645993472080718,-0.11656607710440016
