root_label,display,horizon,ratio_mean,ratio_iqm,ratio_q25,ratio_q75,ratio_seed_bootstrap_ci95_low,ratio_seed_bootstrap_ci95_high,ratio_seed_bootstrap_se,ratio_hierarchical_bootstrap_ci95_low,ratio_hierarchical_bootstrap_ci95_high,ratio_hierarchical_bootstrap_se,ratio_seed_bootstrap_reps,n_systems
lista,LISTA,100,0.5085796279464299,0.5085796279464299,0.40543545519955426,0.6915606327159217,0.38987127446394904,0.9901750164273007,0.15055797663860773,0.30767843354303237,1.0712473019035302,0.219619966895689,10000,10
lista,LISTA,500,0.46413172313420903,0.46413172313420903,0.3725446784943741,0.6317951915501883,0.3622924758704335,0.7411618983710533,0.0998911430828482,0.29571341198311935,0.875037985748036,0.15618728546174532,10000,10
lista,LISTA,1000,0.45850971923477263,0.45850971923477263,0.26345766722367636,0.6537548545046759,0.3600313162625491,0.8100982070387346,0.15350712591106894,0.28743717219632287,0.9502776815262054,0.2518574750730511,10000,10
lista,LISTA,1500,0.4258326773972006,0.4258326773972006,0.28596902249401795,0.49748919445595546,0.3598824384002225,0.9593186410435248,0.26076690619332027,0.29184092366558156,1.1557738603653176,0.3871894761601882,10000,10
lista,LISTA,2000,0.44031495203132903,0.44031495203132903,0.27621517148469377,0.5665009015653424,0.3720094693024827,3.5804377762399358,0.838865283185302,0.31212227333655573,3.274986000490728,1.2000770618595396,10000,10
lista,LISTA,3000,0.488529226921212,0.488529226921212,0.34078932928454103,0.5705367031167634,0.40909030709260863,11.830496549991636,4.374534023947575,0.34963553807727815,8.22055585967481,6.337401346280797,10000,10
lista,LISTA,4000,0.5645129256283188,0.5645129256283188,0.41185991686808204,0.6872453282104883,0.4755817718259457,1.2532534785164684,24.10572683899071,0.40789395866235195,1.540190365148341,22.82816577608673,10000,10
lista,LISTA,5000,0.5954020553168214,0.5954020553168214,0.4213005938437503,0.7264937306441086,0.5134237624556619,1.1875680022237067,259.4536920966277,0.441778485803316,1.402781083496436,351.7234191657417,10000,10
lista_bd,LISTA-BD,100,0.5301871603375494,0.5301871603375494,0.3839641087154577,0.5916702591593394,0.3854033884111518,0.8430843193578635,0.1274330476035045,0.3006656571844578,1.0336759575433219,0.19364712405410536,10000,10
lista_bd,LISTA-BD,500,0.5870844132118281,0.5870844132118281,0.3454260509620696,0.6253778218201862,0.4005925463697142,0.8246913868472832,0.1262850621703611,0.34054911631708384,1.0506141711587393,0.19452242359599523,10000,10
lista_bd,LISTA-BD,1000,0.5023852284560893,0.5023852284560893,0.3387602163772479,0.5819972220253925,0.39259172115519475,0.9267586849311946,0.15332444879148552,0.3243365800845443,1.1300264694672009,0.23182583727683462,10000,10
lista_bd,LISTA-BD,1500,0.44514891243639465,0.44514891243639465,0.2776189820498949,0.5602177235664605,0.3870057333526138,0.8085071068565177,0.15068452614302832,0.31110561970292056,0.93716521559312,0.22148221136387247,10000,10
lista_bd,LISTA-BD,2000,0.44316737593422617,0.44316737593422617,0.23656053923822912,0.55411770739799,0.389548399901376,0.801615707755558,0.15301935959736382,0.3081087817031008,0.9056644392227463,0.2323715900944391,10000,10
lista_bd,LISTA-BD,3000,0.4975090298752189,0.4975090298752189,0.26180053407037285,0.7502054604999796,0.4212975900457725,3.0674257033842287,0.9065410941595835,0.3325323991916926,2.0651090840413806,1.3303714933267576,10000,10
lista_bd,LISTA-BD,4000,0.5737505576629769,0.5737505576629769,0.33916033441599325,0.742092158634099,0.48642974751642926,0.8177955409718637,99.89886305278308,0.39084492380790337,0.9486632306846934,172.19307225979463,10000,10
lista_bd,LISTA-BD,5000,0.6116163659371475,0.6116163659371475,0.40387695837496235,0.7502653790574159,0.5225762499247871,0.7972469777034539,21842.383466590392,0.42635059072128706,0.9161014019211526,22481.563679331983,10000,10
lista_sb,LISTA-SB,100,0.9724504448713264,0.9724504448713264,0.6201049570277479,1.0446493693394179,0.7121909884056574,7.061018283811808,1.9307591750180915,0.5359469449543263,5.368004387122921,2.140002356579941,10000,10
lista_sb,LISTA-SB,500,1.0258417979745797,1.0258417979745797,0.7559023316696021,1.0476503795605936,0.733878499795442,8.11533561849492,4.328727703615391,0.6101576252855754,7.401475961690552,6.07448035118162,10000,10
lista_sb,LISTA-SB,1000,1.0193850122581818,1.0193850122581818,0.5918014395898294,0.985469728732401,0.7360759444987333,17.75147127128895,192.202002483381,0.5945603807628456,15.904128514683181,210.98492528811926,10000,10
lista_sb,LISTA-SB,1500,1.0880605499578127,1.0880605499578127,0.658565519923422,0.9436941747448279,0.7541282701749047,207.4329999752837,9425.587347943077,0.6035534399644326,138.7678547335537,13216.682066902826,10000,10
lista_sb,LISTA-SB,2000,1.1566055107449031,1.1566055107449031,0.7001349412711546,0.9031556125677903,0.7418411817153976,4544.2719194301535,1645612.0964342488,0.5985280580405528,2983.01054470721,2783924.1146920226,10000,10
lista_sb,LISTA-SB,3000,1.2643238691307184,1.2643238691307184,0.7188054243892315,0.9126526522464997,0.7831727598910065,4804003.678062331,342057871863.95355,0.6591314463265354,3441499.9844282866,477450743780.29553,10000,10
lista_sb,LISTA-SB,4000,1.0860527473966908,1.0860527473966908,0.8270096686321229,1.0224658588608786,0.8227478679691367,8356136639.143789,7.54459240031734e+16,0.7185784930942902,5220014382.326889,7.87771120487354e+16,10000,10
lista_sb,LISTA-SB,5000,1.0060993334526542,1.0060993334526542,0.8416070689553976,1.0071511423853812,0.8253666284296862,24901063332258.496,2.3560585745817066e+22,0.7390272072118954,16778037439637.166,2.3906464207425075e+22,10000,10
sparse_mlp,Sparse MLP,100,0.4622229146476237,0.4622229146476237,0.36683568992003024,0.5835280129767422,0.3388168847234795,0.6722291244226979,0.08424118958728635,0.2773677706140502,0.7713487647632148,0.12836983029581553,10000,10
sparse_mlp,Sparse MLP,500,0.4989035228121367,0.4989035228121367,0.4311519121506545,0.570528326939701,0.39673684970405954,0.7361226695352903,0.09121150846068997,0.33019689420555765,0.8283646822161997,0.13287360392785857,10000,10
sparse_mlp,Sparse MLP,1000,0.5007179353962681,0.5007179353962681,0.45535226503650805,0.6177228305744905,0.4139962546402882,0.7899717744728472,0.09702758668758653,0.3410206640431179,0.9157845442807694,0.15010035861976698,10000,10
sparse_mlp,Sparse MLP,1500,0.5633659603126013,0.5633659603126013,0.4084313793619361,0.7525276059317402,0.46525197726725903,0.8090578311796517,0.08957972562617895,0.38055840003331926,0.9497927170683648,0.14363265390029223,10000,10
sparse_mlp,Sparse MLP,2000,0.5659189391552714,0.5659189391552714,0.4096691551699833,0.7319003751659551,0.4751256236178345,0.8043456649938961,0.08543180806686199,0.3936208892525491,0.9341044798507148,0.14178376789723682,10000,10
sparse_mlp,Sparse MLP,3000,0.6095496939854766,0.6095496939854766,0.5121858058247201,0.7091280660219742,0.5077757851759532,0.8432045596565595,0.08855562853151278,0.43249503254612953,0.9847169250229452,0.1436601943058188,10000,10
sparse_mlp,Sparse MLP,4000,0.6851938393785832,0.6851938393785832,0.5706224728557956,0.7546184235695389,0.5589245845285806,0.9063378018720903,0.09189623611133436,0.4956123377222626,1.0701996476190037,0.14541368747174221,10000,10
sparse_mlp,Sparse MLP,5000,0.7387954892664494,0.7387954892664494,0.6338934986374273,0.7533302114764161,0.6083651522691534,0.9615939588414201,0.09516519973143192,0.5451627060090259,1.1470239793792267,0.15544521183692897,10000,10
sparse_mlp_bd,Sparse MLP-BD,100,0.476690528064601,0.476690528064601,0.3824536654559759,0.5835280129767422,0.35134952978512923,0.6862436388844825,0.08580290539281607,0.2731297910246909,0.7866629971585593,0.1329780418011155,10000,10
sparse_mlp_bd,Sparse MLP-BD,500,0.4985238245325895,0.4985238245325895,0.4311519121506545,0.6243532857640185,0.39845096013948805,0.7393729978575213,0.09127308362974329,0.3257505954730609,0.8228441630384766,0.13564303917182735,10000,10
sparse_mlp_bd,Sparse MLP-BD,1000,0.49749513441767085,0.49749513441767085,0.45535226503650805,0.6123039831167253,0.40717814336300123,0.7908214908642703,0.09858387914880828,0.3348072879003112,0.9104966339238034,0.15035497300477915,10000,10
sparse_mlp_bd,Sparse MLP-BD,1500,0.5554808296118475,0.5554808296118475,0.4241384880474057,0.7193716637826062,0.45577719571728537,0.79720919932109,0.08862144069831954,0.374529481039139,0.9277730607159624,0.14346168571503712,10000,10
sparse_mlp_bd,Sparse MLP-BD,2000,0.5589732742380561,0.5589732742380561,0.4071858739837736,0.7163408372259611,0.4675236071258857,0.7779215763199016,0.08113385052787318,0.3903189575935044,0.9246491417695427,0.1382951179929313,10000,10
sparse_mlp_bd,Sparse MLP-BD,3000,0.617144118003728,0.617144118003728,0.46795126157489964,0.7003449730251649,0.5084274981794336,0.8287248310658701,0.08476854784907144,0.4415095229438441,0.9987822188402724,0.1424069501945453,10000,10
sparse_mlp_bd,Sparse MLP-BD,4000,0.7032755267422629,0.7032755267422629,0.5692874766947479,0.7769026773515366,0.5730856702701519,0.9156220159766931,0.0922705955399734,0.5063933475042346,1.0858863649962205,0.14912087921827943,10000,10
sparse_mlp_bd,Sparse MLP-BD,5000,0.7568380419865515,0.7568380419865515,0.627010531330915,0.8445655484430362,0.6212807098532803,0.9711729552979812,0.09270543316725398,0.5587484627726194,1.1586203763448113,0.15730893421340142,10000,10
dense_mlp_tanh,Dense MLP,100,,1.0,1.0,1.0,1.0,1.0,0.0,1.0,1.0,0.0,10000,10
dense_mlp_tanh,Dense MLP,500,,1.0,1.0,1.0,1.0,1.0,0.0,1.0,1.0,0.0,10000,10
dense_mlp_tanh,Dense MLP,1000,,1.0,1.0,1.0,1.0,1.0,0.0,1.0,1.0,0.0,10000,10
dense_mlp_tanh,Dense MLP,1500,,1.0,1.0,1.0,1.0,1.0,0.0,1.0,1.0,0.0,10000,10
dense_mlp_tanh,Dense MLP,2000,,1.0,1.0,1.0,1.0,1.0,0.0,1.0,1.0,0.0,10000,10
dense_mlp_tanh,Dense MLP,3000,,1.0,1.0,1.0,1.0,1.0,0.0,1.0,1.0,0.0,10000,10
dense_mlp_tanh,Dense MLP,4000,,1.0,1.0,1.0,1.0,1.0,0.0,1.0,1.0,0.0,10000,10
dense_mlp_tanh,Dense MLP,5000,,1.0,1.0,1.0,1.0,1.0,0.0,1.0,1.0,0.0,10000,10
