root_label,display,system_key,horizon,n_pairs,log10_delta_iqm,log10_delta_median,iqm_ratio_to_dense,candidate_system_iqm,dense_system_iqm,p_raw,p_holm,passes_holm_0p05,reason
lista,LISTA,dysts:Chua,100,15,-0.12446285083164785,-0.13525271363067626,0.7848431094384062,8.921772470264701e-05,0.00011367587181403259,0.08441162109375,0.5064697265625,False,
lista,LISTA,dysts:Dadras,100,15,-0.40852621061316513,-0.4748154589951574,0.3725965771633548,0.00027085782286507144,0.0007269466212683999,0.002685546875,0.02685546875,True,
lista,LISTA,dysts:DequanLi,100,15,-0.09621502015528176,-0.019590966467697424,0.7088242991806135,0.00028866442361111434,0.0004072439727938285,0.1947021484375,0.6605224609375,False,
lista,LISTA,dysts:Hadley,100,15,-0.044274635297291934,-0.030723543727772196,0.7218326983664481,0.00023165907311645712,0.0003209318082163857,0.4234619140625,0.846923828125,False,
lista,LISTA,dysts:LorenzCoupled,100,15,0.11346860156578785,0.10634539483289895,1.2417656820124479,0.0010096105148217,0.0008130443041278856,0.772857666015625,0.846923828125,False,
lista,LISTA,dysts:LuChenCheng,100,15,-0.2347054966489923,-0.19127346112227261,0.5039520893081526,6.991873306105845e-05,0.00013874083379046198,0.023956298828125,0.167694091796875,False,
lista,LISTA,dysts:MultiChua,100,15,-0.40179836783457573,-0.3570949678198545,0.3469406630063095,7.578695138883112e-05,0.00021844355381154284,6.103515625e-05,0.000732421875,True,
lista,LISTA,dysts:QiChen,100,15,-0.695803546604291,-0.72551167482521,0.14789062039139028,0.00013208820122852856,0.0008931479283740858,6.103515625e-05,0.000732421875,True,
lista,LISTA,dysts:Sakarya,100,15,-0.5936538434695783,-0.4520494568907272,0.08263033303242022,0.0005708197131752429,0.006908113427925799,0.010772705078125,0.096954345703125,False,
lista,LISTA,dysts:SanUmSrisuchinwong,100,15,-0.24759999998624682,-0.27430596524700857,0.5228649588240282,0.00029266858057645713,0.0005597402840586142,0.08441162109375,0.5064697265625,False,
lista,LISTA,dysts:ShimizuMorioka,100,15,-0.21017754836159058,-0.19260172096554395,0.6397696333218464,8.830677325021292e-05,0.0001380290164628504,0.165130615234375,0.6605224609375,False,
lista,LISTA,dysts:WangSun,100,15,-0.20232888427264933,-0.21596254731196263,0.6005919604376384,0.0004991252998089,0.0008310555796404571,0.0206298828125,0.1650390625,False,
lista,LISTA,dysts:Chua,500,15,-0.35868419988800804,-0.3461420010111884,0.4538516874999876,0.0008462355056377999,0.0018645639730882856,0.010772705078125,0.06463623046875,False,
lista,LISTA,dysts:Dadras,500,15,-0.32711522922717134,-0.3135929509174873,0.413770686224349,0.00461443693244027,0.011152160087866386,3.0517578125e-05,0.0003662109375,True,
lista,LISTA,dysts:DequanLi,500,15,-0.1999128716554806,-0.18798106917618185,0.5992965655975696,0.0030809801537543,0.0051409941765346145,0.004180908203125,0.029266357421875,True,
lista,LISTA,dysts:Hadley,500,15,0.029385864782588138,0.11518471702646327,0.7201646923093938,0.0026059896419090432,0.0036186023415730995,0.532958984375,0.890380859375,False,
lista,LISTA,dysts:LorenzCoupled,500,15,-0.07598388656249479,-0.1394329417076301,0.7738644929322688,0.012834639288484998,0.016585124922650157,0.4451904296875,0.890380859375,False,
lista,LISTA,dysts:LuChenCheng,500,15,-0.43999929846684804,-0.46642767604536806,0.35951905564111064,0.0009095235478265571,0.002529834047891157,0.001678466796875,0.015106201171875,True,
lista,LISTA,dysts:MultiChua,500,15,-0.5425862348245662,-0.541370362301449,0.23993856368433322,0.0010255738161503716,0.004274318393851986,3.0517578125e-05,0.0003662109375,True,
lista,LISTA,dysts:QiChen,500,15,-0.7605566810634921,-0.6901361726505568,0.14028478414593182,0.0016441787925681427,0.011720293134983042,3.0517578125e-05,0.0003662109375,True,
lista,LISTA,dysts:Sakarya,500,15,-0.43222767889336966,-0.3288074153985918,0.1637801596027524,0.009318429211686715,0.05689595879188601,0.001678466796875,0.015106201171875,True,
lista,LISTA,dysts:SanUmSrisuchinwong,500,15,-0.19105004794901892,-0.13451102327965758,0.6426280668677278,0.004198672316436214,0.006533596232267314,0.06768798828125,0.270751953125,False,
lista,LISTA,dysts:ShimizuMorioka,500,15,-0.3247340148454395,-0.2743160201213626,0.4116215470541646,0.0009812592013206428,0.0023838868697306573,0.0416259765625,0.2081298828125,False,
lista,LISTA,dysts:WangSun,500,15,-0.18291014580476722,-0.1557861014969255,0.7363999863991031,0.013271874748170329,0.018022643934403112,0.075714111328125,0.270751953125,False,
lista,LISTA,dysts:Chua,1000,15,-0.426780903883019,-0.3761414988832916,0.40184524492063095,0.002813382739467214,0.0070011597126722,0.010772705078125,0.075408935546875,False,
lista,LISTA,dysts:Dadras,1000,15,-0.4925448167632544,-0.4572786837688603,0.2637192876690529,0.02510524913668627,0.09519686390246661,0.0062255859375,0.0498046875,True,
lista,LISTA,dysts:DequanLi,1000,15,-0.2510244430883394,-0.23388235118288092,0.5454503319707922,0.009629381820559458,0.017654003043259845,0.000152587890625,0.00152587890625,True,
lista,LISTA,dysts:Hadley,1000,15,0.0012178624507367555,0.004703578094665595,0.6898563620159703,0.008343252087277986,0.012094187350677557,0.511016845703125,0.7197265625,False,
lista,LISTA,dysts:LorenzCoupled,1000,15,-0.17260285360715252,-0.32316200016093355,0.553695104733379,0.05448232325060023,0.09839769718902448,0.35986328125,0.7197265625,False,
lista,LISTA,dysts:LuChenCheng,1000,15,-0.5025577653180021,-0.47181294804763674,0.26069241729323456,0.0026404413594198575,0.010128569855753843,0.000152587890625,0.00152587890625,True,
lista,LISTA,dysts:MultiChua,1000,15,-0.5661396807503043,-0.5906455104878312,0.22751086773592316,0.003944138730210872,0.017336045391857586,3.0517578125e-05,0.0003662109375,True,
lista,LISTA,dysts:QiChen,1000,15,-0.8660644652233594,-0.7976166706993382,0.1131710287372467,0.0055123179751847004,0.048707854268806285,3.0517578125e-05,0.0003662109375,True,
lista,LISTA,dysts:Sakarya,1000,15,-0.30348322019085977,-0.15186429405549817,0.2633704604085509,0.038645086277808396,0.14673280449850215,0.017669677734375,0.10601806640625,False,
lista,LISTA,dysts:SanUmSrisuchinwong,1000,15,-0.19140902867877715,-0.17479909558653883,0.7925003615593377,0.015502685947077571,0.01956173990453987,0.1038818359375,0.41552734375,False,
lista,LISTA,dysts:ShimizuMorioka,1000,15,-0.30556336488180486,-0.23950539575241914,0.4668087045461137,0.0035192563664167434,0.0075389690298054285,0.060272216796875,0.301361083984375,False,
lista,LISTA,dysts:WangSun,1000,15,-0.17813967796937352,-0.10684095596057486,0.7876829932267962,0.07083453663757866,0.08992772123643324,0.151397705078125,0.454193115234375,False,
lista,LISTA,dysts:Chua,1500,15,-0.46829342254679984,-0.4103897008976176,0.3623771134981431,0.005817045191568914,0.01605246295886377,0.010772705078125,0.075408935546875,False,
lista,LISTA,dysts:Dadras,1500,15,-0.4703379286106358,-0.3615966840199939,0.26869404104415906,0.05868637615016524,0.2184133891548429,0.004180908203125,0.033447265625,True,
lista,LISTA,dysts:DequanLi,1500,15,-0.26569575305830784,-0.28089693654346304,0.4967952265457108,0.01942490214215852,0.039100420262132306,6.103515625e-05,0.0006103515625,True,
lista,LISTA,dysts:Hadley,1500,15,-0.01917380390185088,-0.03294091657593401,0.7107935014050889,0.017852812207170842,0.0251167352710451,0.511016845703125,0.67877197265625,False,
lista,LISTA,dysts:LorenzCoupled,1500,15,-0.21859799524412643,-0.3079195065953736,0.4722365427768162,0.19435160926410128,0.4115556329488754,0.339385986328125,0.67877197265625,False,
lista,LISTA,dysts:LuChenCheng,1500,15,-0.5598495824515257,-0.6172621757056773,0.23805022205743298,0.005563982629350199,0.02337314614227837,6.103515625e-05,0.0006103515625,True,
lista,LISTA,dysts:MultiChua,1500,15,-0.5863957806850122,-0.6221988950138688,0.2450441174568808,0.010426981574190485,0.04255144617387222,3.0517578125e-05,0.0003662109375,True,
lista,LISTA,dysts:QiChen,1500,15,-0.90231810457219,-0.9223803986484338,0.12118040045986346,0.015745908953249416,0.12993775308132166,3.0517578125e-05,0.0003662109375,True,
lista,LISTA,dysts:Sakarya,1500,15,-0.19628942834612798,-0.07554425476195259,0.3377939668435947,0.09451276330011227,0.27979411291224615,0.04730224609375,0.2838134765625,False,
lista,LISTA,dysts:SanUmSrisuchinwong,1500,15,-0.18591049912761898,-0.16975145670223646,0.7285557549299354,0.034706645246062914,0.04763759672641749,0.09381103515625,0.375244140625,False,
lista,LISTA,dysts:ShimizuMorioka,1500,15,-0.2550204075787813,-0.3149812783940571,0.4963660300953738,0.006906815205833686,0.013914762064814514,0.165130615234375,0.495391845703125,False,
lista,LISTA,dysts:WangSun,1500,15,-0.23694155127273442,-0.29629015607383713,0.4977205170927037,0.202799063708101,0.40745570404188974,0.053497314453125,0.2838134765625,False,
lista,LISTA,dysts:Chua,2000,15,-0.4913167864192244,-0.5178837823988336,0.32800087877025147,0.0096108878829649,0.029301408944385342,0.009033203125,0.063232421875,False,
lista,LISTA,dysts:Dadras,2000,15,-0.5502435737016064,-0.6540698836240553,0.2511265033967991,0.10795802410159785,0.42989498376846313,0.004180908203125,0.033447265625,True,
lista,LISTA,dysts:DequanLi,2000,15,-0.2741043586532047,-0.2716498351201304,0.4798556571587984,0.03481411162231646,0.0725512163979666,0.00030517578125,0.00274658203125,True,
lista,LISTA,dysts:Hadley,2000,15,-0.019970338258535576,-0.013934852584917223,0.7502648983304049,0.0319608149251767,0.04259937389620707,0.532958984375,0.67877197265625,False,
lista,LISTA,dysts:LorenzCoupled,2000,15,-0.18711123552841366,-0.2982266955264677,0.5158057539675708,0.5472273273127419,1.0609174541064672,0.339385986328125,0.67877197265625,False,
lista,LISTA,dysts:LuChenCheng,2000,15,-0.5475383194438997,-0.5488758651581673,0.25895326905617455,0.01058977303494294,0.04089453310838763,6.103515625e-05,0.00067138671875,True,
lista,LISTA,dysts:MultiChua,2000,15,-0.5849630283127771,-0.5704114440880252,0.26901661725991954,0.023002505568521313,0.08550589105912614,3.0517578125e-05,0.0003662109375,True,
lista,LISTA,dysts:QiChen,2000,15,-0.8695770477815213,-0.8658923880021253,0.1725699955674606,0.04344254146729192,0.2517386717455728,9.1552734375e-05,0.00091552734375,True,
lista,LISTA,dysts:Sakarya,2000,15,-0.240295967135509,-0.19695183266646926,0.42844728502243534,0.2171143293380737,0.5067468902894429,0.01507568359375,0.07672119140625,False,
lista,LISTA,dysts:SanUmSrisuchinwong,2000,15,-0.20633377887494758,-0.19413867472606117,0.6488503130268074,0.07080986989395953,0.10913128725119996,0.060272216796875,0.2410888671875,False,
lista,LISTA,dysts:ShimizuMorioka,2000,15,-0.22823583118919524,-0.2427320593165967,0.49461927684555285,0.0117715871892869,0.023799289150961727,0.210601806640625,0.631805419921875,False,
lista,LISTA,dysts:WangSun,2000,15,-0.20157141427696762,-0.20859200915214854,0.5904614431386055,0.43390774726867676,0.7348621189594269,0.012786865234375,0.07672119140625,False,
lista,LISTA,dysts:Chua,3000,15,-0.5282509359797051,-0.49560382307599005,0.32739643889955244,0.020530645602515725,0.06270882380860188,0.009033203125,0.052764892578125,False,
lista,LISTA,dysts:Dadras,3000,15,-0.41437277605801054,-0.45643475879786694,0.38096800043950685,0.32020972456250874,0.8405160648482186,0.001312255859375,0.011810302734375,True,
lista,LISTA,dysts:DequanLi,3000,15,-0.2862283367461701,-0.33556645536959406,0.5082757847668147,0.09901073149272369,0.19479726254940033,0.001678466796875,0.013427734375,True,
lista,LISTA,dysts:Hadley,3000,15,0.04234567721671957,0.07477739670751982,0.857477484920519,0.0786982891815049,0.09177884033748078,0.660614013671875,0.84210205078125,False,
lista,LISTA,dysts:LorenzCoupled,3000,15,-0.16354219595677658,-0.169683895941945,0.6171313469475765,1.3220350572041102,2.1422263894762312,0.380767822265625,0.84210205078125,False,
lista,LISTA,dysts:LuChenCheng,3000,15,-0.5172822999583735,-0.45462196483037776,0.28612792565914563,0.023810653015971132,0.0832168092685086,0.000213623046875,0.00213623046875,True,
lista,LISTA,dysts:MultiChua,3000,15,-0.5832395972462171,-0.5853809568538024,0.27096730668293184,0.06274415020431788,0.23155616436685836,6.103515625e-05,0.000732421875,True,
lista,LISTA,dysts:QiChen,3000,15,-0.6191660794320404,-0.6261025176492754,0.2366678175175654,0.16652042205844603,0.7036039956978389,0.000152587890625,0.001678466796875,True,
lista,LISTA,dysts:Sakarya,3000,15,-0.2275347700556538,-0.22210834463195156,0.5713134532460904,0.5250298806599208,0.9189874274390084,0.007537841796875,0.052764892578125,False,
lista,LISTA,dysts:SanUmSrisuchinwong,3000,15,-0.2434185846292496,-0.14596504890373257,0.58675571001148,0.2387047718678202,0.4068213871547154,0.053497314453125,0.2139892578125,False,
lista,LISTA,dysts:ShimizuMorioka,3000,15,-0.1728253976871867,-0.17278697868187276,0.5682064527287822,0.03738593044025552,0.06579638485397607,0.28070068359375,0.84210205078125,False,
lista,LISTA,dysts:WangSun,3000,15,-0.19863273963956515,-0.22856072562940108,0.562103201022663,0.8348675966262817,1.4852567911148071,0.007537841796875,0.052764892578125,False,
lista,LISTA,dysts:Chua,4000,15,-0.546795148833139,-0.519885719479692,0.31885878369628945,0.037809120225054824,0.11857637975897105,0.009033203125,0.063232421875,False,
lista,LISTA,dysts:Dadras,4000,15,-0.26779885814296533,-0.26994019639971367,0.5528559352357024,0.6855026313236782,1.2399299485342843,0.001312255859375,0.011810302734375,True,
lista,LISTA,dysts:DequanLi,4000,15,-0.2768046284322115,-0.3434097197163965,0.5481339068296996,0.2481766981737954,0.4527665504387447,0.002685546875,0.021484375,True,
lista,LISTA,dysts:Hadley,4000,15,0.06303011700294502,0.13255219178917033,0.9145268252948392,0.1474792797650609,0.16126293476138795,0.71929931640625,0.89923095703125,False,
lista,LISTA,dysts:LorenzCoupled,4000,15,-0.13886805214877077,-0.14803178991794283,0.6804789472609134,2.110459634235927,3.101432664053781,0.339385986328125,0.89923095703125,False,
lista,LISTA,dysts:LuChenCheng,4000,15,-0.5086864900443478,-0.49984935836231115,0.36741258806375704,0.04636441171169275,0.12619167992046898,0.000152587890625,0.0018310546875,True,
lista,LISTA,dysts:MultiChua,4000,15,-0.49093764172838406,-0.5176184064776909,0.31275717606859194,0.1345410006386893,0.4301771819591522,0.000213623046875,0.00213623046875,True,
lista,LISTA,dysts:QiChen,4000,15,-0.5467644843655056,-0.547338389240027,0.3307290189316398,0.3646620682307652,1.1026007618222917,0.000152587890625,0.0018310546875,True,
lista,LISTA,dysts:Sakarya,4000,15,-0.17931896795859817,-0.20449204985632663,0.6968134697741759,0.901514640876225,1.2937675288745336,0.010772705078125,0.06463623046875,False,
lista,LISTA,dysts:SanUmSrisuchinwong,4000,15,-0.18165653229489737,-0.3008524058771939,0.6585409035194256,0.5164207475525993,0.7841893264225551,0.08441162109375,0.337646484375,False,
lista,LISTA,dysts:ShimizuMorioka,4000,15,-0.13545474181785896,-0.1158992616581888,0.545201903281057,0.12209840651069363,0.22395080753735133,0.29974365234375,0.89923095703125,False,
lista,LISTA,dysts:WangSun,4000,15,-0.1190013475268451,-0.14003921349410603,0.7120559216566016,1.452980637550354,2.040542875017439,0.027679443359375,0.138397216796875,False,
lista,LISTA,dysts:Chua,5000,15,-0.5526094812502796,-0.557891291926765,0.29579609806703283,0.06319315997617583,0.21363757124968938,0.010772705078125,0.075408935546875,False,
lista,LISTA,dysts:Dadras,5000,15,-0.20631738548591824,-0.20872310177246173,0.6328545264717578,1.057684404509408,1.6712915216173445,0.00213623046875,0.01922607421875,True,
lista,LISTA,dysts:DequanLi,5000,15,-0.2800533867560184,-0.33483332036768904,0.5394463583443094,0.44963587181908743,0.8335135919707162,0.005126953125,0.041015625,True,
lista,LISTA,dysts:Hadley,5000,15,0.0681883653530516,0.11473048514228612,0.9515621367365144,0.24271233592714578,0.25506724842957085,0.772857666015625,0.84210205078125,False,
lista,LISTA,dysts:LorenzCoupled,5000,15,-0.10514456817559116,-0.09800494756441053,0.7578180370740384,2.9366787501743863,3.875176634107317,0.35986328125,0.84210205078125,False,
lista,LISTA,dysts:LuChenCheng,5000,15,-0.47341693966119475,-0.49261538308519526,0.369533304115009,0.07414182381970537,0.20063637835638862,9.1552734375e-05,0.001007080078125,True,
lista,LISTA,dysts:MultiChua,5000,15,-0.4045847730822791,-0.4688137123551333,0.3665091497162141,0.2397799619606563,0.6542264010225024,0.000579833984375,0.00579833984375,True,
lista,LISTA,dysts:QiChen,5000,15,-0.4137108305733637,-0.41104096594805406,0.3819186723435639,0.5637009825025286,1.475971255983625,6.103515625e-05,0.000732421875,True,
lista,LISTA,dysts:Sakarya,5000,15,-0.1368046767660333,-0.12281912156670759,0.7423753814204731,1.2597938861165727,1.6969769171306066,0.0364990234375,0.218994140625,False,
lista,LISTA,dysts:SanUmSrisuchinwong,5000,15,-0.13011989386226036,-0.20249618618036863,0.6788487783150152,0.8236418110983712,1.2132920282227653,0.09381103515625,0.375244140625,False,
lista,LISTA,dysts:ShimizuMorioka,5000,15,-0.15442162987715286,-0.14650347722411294,0.5950755277780218,0.3063695856503078,0.514841513974326,0.28070068359375,0.84210205078125,False,
lista,LISTA,dysts:WangSun,5000,15,-0.07918467023064056,-0.09948025322597104,0.7666097695765165,2.0525612149919783,2.677452462060111,0.04730224609375,0.23651123046875,False,
lista_bd,LISTA-BD,dysts:Chua,100,15,-0.3091514469515211,-0.32904699779781454,0.5345963244913562,6.0770703255132374e-05,0.00011367587181403259,0.000152587890625,0.0018310546875,True,
lista_bd,LISTA-BD,dysts:Dadras,100,15,-0.26295711598199206,-0.30211565932142204,0.44770378280917905,0.0003254567522422143,0.0007269466212683999,0.023956298828125,0.215606689453125,False,
lista_bd,LISTA-BD,dysts:DequanLi,100,15,-0.22142185305639625,-0.19493418689286424,0.49801335277873315,0.00020281293628998572,0.0004072439727938285,0.04730224609375,0.3330078125,False,
lista_bd,LISTA-BD,dysts:Hadley,100,15,-0.11110620065300056,-0.15405725101830559,0.529340447685166,0.00016988218703767143,0.0003209318082163857,0.1795654296875,0.5386962890625,False,
lista_bd,LISTA-BD,dysts:LorenzCoupled,100,15,0.34739854143085125,0.27302117561954664,2.9565201676587187,0.0024037818823541427,0.0008130443041278856,0.9937744140625,1.0,False,
lista_bd,LISTA-BD,dysts:LuChenCheng,100,15,-0.19315201227304415,-0.1853723446363742,0.6241887239518686,8.660046400368677e-05,0.00013874083379046198,0.04730224609375,0.3330078125,False,
lista_bd,LISTA-BD,dysts:MultiChua,100,15,-0.26974370670508835,-0.2443785189305605,0.5110293192225339,0.0001116310605928637,0.00021844355381154284,0.017669677734375,0.17669677734375,False,
lista_bd,LISTA-BD,dysts:QiChen,100,15,-0.7184244146925912,-0.6954142927006499,0.16616273304154094,0.00014840790078902855,0.0008931479283740858,0.000213623046875,0.002349853515625,True,
lista_bd,LISTA-BD,dysts:Sakarya,100,15,-0.3725214904877213,-0.3024543677344591,0.1355442195427902,0.0009363548431012714,0.006908113427925799,0.053497314453125,0.3330078125,False,
lista_bd,LISTA-BD,dysts:SanUmSrisuchinwong,100,15,-0.19111950806027003,-0.15056175394834037,0.3627175506842173,0.00020302762485302858,0.0005597402840586142,0.06768798828125,0.3330078125,False,
lista_bd,LISTA-BD,dysts:ShimizuMorioka,100,15,-0.2140525206585311,-0.21214640119291106,0.6106949040486671,8.429361696471232e-05,0.0001380290164628504,0.0416259765625,0.3330078125,False,
lista_bd,LISTA-BD,dysts:WangSun,100,15,0.07174036851275455,0.050379828823222894,1.3929095643419758,0.0011575852653809573,0.0008310555796404571,0.789398193359375,1.0,False,
lista_bd,LISTA-BD,dysts:Chua,500,15,-0.47657649158617554,-0.5398337534339483,0.3127715495014178,0.0005831825630073429,0.0018645639730882856,3.0517578125e-05,0.0003662109375,True,
lista_bd,LISTA-BD,dysts:Dadras,500,15,-0.2602977824725144,-0.2707172585694462,0.586787575568807,0.00654394898031433,0.011152160087866386,0.010772705078125,0.096954345703125,False,
lista_bd,LISTA-BD,dysts:DequanLi,500,15,-0.11089436488353956,-0.13862478005831935,0.6382412372373125,0.0032811944838612712,0.0051409941765346145,0.09381103515625,0.46905517578125,False,
lista_bd,LISTA-BD,dysts:Hadley,500,15,0.008474198314118362,0.017279972792549447,0.7336233926745502,0.002654691326564929,0.0036186023415730995,0.339385986328125,1.0,False,
lista_bd,LISTA-BD,dysts:LorenzCoupled,500,15,0.3925278962054323,0.2808242553664826,2.440470489117196,0.04047550793204983,0.016585124922650157,0.982330322265625,1.0,False,
lista_bd,LISTA-BD,dysts:LuChenCheng,500,15,-0.2652333818993223,-0.36274251885238495,0.49115308118223083,0.0012425357875014572,0.002529834047891157,0.012786865234375,0.102294921875,False,
lista_bd,LISTA-BD,dysts:MultiChua,500,15,-0.3025085206216085,-0.2621624929579336,0.46661389342121407,0.0019944563474771854,0.004274318393851986,0.0062255859375,0.062255859375,False,
lista_bd,LISTA-BD,dysts:QiChen,500,15,-0.6815875339783614,-0.6843401943807099,0.19219664939428052,0.0022526010704625285,0.011720293134983042,0.00030517578125,0.00335693359375,True,
lista_bd,LISTA-BD,dysts:Sakarya,500,15,-0.1609980730196379,-0.12603832944835291,0.294589967443579,0.016760978648172914,0.05689595879188601,0.09381103515625,0.46905517578125,False,
lista_bd,LISTA-BD,dysts:SanUmSrisuchinwong,500,15,-0.30904517602612264,-0.2571093175263637,0.4433895553440249,0.0028969283282224007,0.006533596232267314,0.060272216796875,0.36163330078125,False,
lista_bd,LISTA-BD,dysts:ShimizuMorioka,500,15,-0.3168973942794907,-0.38512072427448496,0.4668314231863793,0.0011128733001116856,0.0023838868697306573,0.027679443359375,0.193756103515625,False,
lista_bd,LISTA-BD,dysts:WangSun,500,15,0.35388319370149857,0.3429181033261064,1.7112597005856998,0.030841424262949346,0.018022643934403112,0.9583740234375,1.0,False,
lista_bd,LISTA-BD,dysts:Chua,1000,15,-0.5340074204049751,-0.575494089010459,0.2585658647457855,0.0018102609153304427,0.0070011597126722,3.0517578125e-05,0.0003662109375,True,
lista_bd,LISTA-BD,dysts:Dadras,1000,15,-0.45093410227139247,-0.5064712934405561,0.3896741909965698,0.037095760926604236,0.09519686390246661,0.027679443359375,0.221435546875,False,
lista_bd,LISTA-BD,dysts:DequanLi,1000,15,-0.14149538728597139,-0.11674217173145429,0.6187904309029804,0.010924128150301287,0.017654003043259845,0.060272216796875,0.32098388671875,False,
lista_bd,LISTA-BD,dysts:Hadley,1000,15,0.019280050660386135,0.09326924175963192,0.7557925344273793,0.009140696509608142,0.012094187350677557,0.380767822265625,1.0,False,
lista_bd,LISTA-BD,dysts:LorenzCoupled,1000,15,0.33402839324810357,0.1018003382146404,1.729718963591115,0.1702003628015518,0.09839769718902448,0.95269775390625,1.0,False,
lista_bd,LISTA-BD,dysts:LuChenCheng,1000,15,-0.3033125045704516,-0.3050881285144005,0.36206607758336756,0.0036672115592019288,0.010128569855753843,0.001312255859375,0.01312255859375,True,
lista_bd,LISTA-BD,dysts:MultiChua,1000,15,-0.3576533781030358,-0.3256660046242459,0.4334463237171371,0.007514245142894086,0.017336045391857586,0.004180908203125,0.037628173828125,True,
lista_bd,LISTA-BD,dysts:QiChen,1000,15,-0.7873859047297316,-0.7569534009189798,0.1616920049264886,0.007875670612390515,0.048707854268806285,0.000579833984375,0.006378173828125,True,
lista_bd,LISTA-BD,dysts:Sakarya,1000,15,-0.14889324179085264,-0.05664806596895544,0.330991595975208,0.048567325142877406,0.14673280449850215,0.09381103515625,0.375244140625,False,
lista_bd,LISTA-BD,dysts:SanUmSrisuchinwong,1000,15,-0.37828210539086765,-0.34662299508321204,0.4716175953926288,0.009225660735475127,0.01956173990453987,0.053497314453125,0.32098388671875,False,
lista_bd,LISTA-BD,dysts:ShimizuMorioka,1000,15,-0.3096265404795671,-0.3809976355895941,0.4411321567480583,0.0033256816677748853,0.0075389690298054285,0.0364990234375,0.2554931640625,False,
lista_bd,LISTA-BD,dysts:WangSun,1000,15,0.26556624122473776,0.29238239966195634,1.2335298328624278,0.11092852694647648,0.08992772123643324,0.8961181640625,1.0,False,
lista_bd,LISTA-BD,dysts:Chua,1500,15,-0.5606766466124952,-0.5694006363829434,0.23958056351927237,0.003845858121556828,0.01605246295886377,3.0517578125e-05,0.0003662109375,True,
lista_bd,LISTA-BD,dysts:Dadras,1500,15,-0.5202039438537117,-0.5589592282666197,0.30950177774243504,0.06759933222617416,0.2184133891548429,0.010772705078125,0.086181640625,False,
lista_bd,LISTA-BD,dysts:DequanLi,1500,15,-0.1634423202043187,-0.11848529268387553,0.5752018733122556,0.022490634982074976,0.039100420262132306,0.027679443359375,0.193756103515625,False,
lista_bd,LISTA-BD,dysts:Hadley,1500,15,0.02479880253641631,0.10599651754462314,0.7526874670149014,0.01890505185084677,0.0251167352710451,0.4451904296875,1.0,False,
lista_bd,LISTA-BD,dysts:LorenzCoupled,1500,15,0.14144511330938916,0.04391565805767228,1.1925883176091772,0.4908164399010794,0.4115556329488754,0.861572265625,1.0,False,
lista_bd,LISTA-BD,dysts:LuChenCheng,1500,15,-0.38914841661747657,-0.3096816320353315,0.26699138348571483,0.0062404286249407,0.02337314614227837,0.000579833984375,0.006378173828125,True,
lista_bd,LISTA-BD,dysts:MultiChua,1500,15,-0.36438807464467887,-0.34462893521843085,0.4369352674985195,0.018592227516429714,0.04255144617387222,0.00335693359375,0.03021240234375,True,
lista_bd,LISTA-BD,dysts:QiChen,1500,15,-0.8190316844085697,-0.9036335319926798,0.14674353690397993,0.019067525464509155,0.12993775308132166,0.001312255859375,0.01312255859375,True,
lista_bd,LISTA-BD,dysts:Sakarya,1500,15,-0.18438768622768537,-0.12377615252844476,0.3901334928596078,0.10915705455201008,0.27979411291224615,0.09381103515625,0.375244140625,False,
lista_bd,LISTA-BD,dysts:SanUmSrisuchinwong,1500,15,-0.37705007828949305,-0.34198139556803686,0.4075357538887494,0.019414023895348773,0.04763759672641749,0.053497314453125,0.32098388671875,False,
lista_bd,LISTA-BD,dysts:ShimizuMorioka,1500,15,-0.2108797053071346,-0.30888493034433173,0.5152652743290751,0.007169793692550458,0.013914762064814514,0.053497314453125,0.32098388671875,False,
lista_bd,LISTA-BD,dysts:WangSun,1500,15,0.08531787821328064,0.11378239050180577,0.8478480013079548,0.3454605042934418,0.40745570404188974,0.755645751953125,1.0,False,
lista_bd,LISTA-BD,dysts:Chua,2000,15,-0.6003635560701266,-0.5629037971193132,0.22900783843486233,0.006710252325449628,0.029301408944385342,3.0517578125e-05,0.0003662109375,True,
lista_bd,LISTA-BD,dysts:Dadras,2000,15,-0.5662562886479886,-0.5983906873035374,0.25239444394959837,0.10850310538496287,0.42989498376846313,0.007537841796875,0.060302734375,False,
lista_bd,LISTA-BD,dysts:DequanLi,2000,15,-0.18619771363356466,-0.14999274908934845,0.5363270047175899,0.03891117657933912,0.0725512163979666,0.027679443359375,0.193756103515625,False,
lista_bd,LISTA-BD,dysts:Hadley,2000,15,0.029377221161417073,0.09845101524014588,0.757921194498035,0.032286968348281674,0.04259937389620707,0.488983154296875,1.0,False,
lista_bd,LISTA-BD,dysts:LorenzCoupled,2000,15,0.033990455694989284,-0.06036244880864605,0.9254792955099393,0.9818571380206517,1.0609174541064672,0.737762451171875,1.0,False,
lista_bd,LISTA-BD,dysts:LuChenCheng,2000,15,-0.4824129709459835,-0.4768182016377198,0.23128257100110602,0.009458192757197743,0.04089453310838763,0.00042724609375,0.00469970703125,True,
lista_bd,LISTA-BD,dysts:MultiChua,2000,15,-0.38030797833397845,-0.35019675203552714,0.43898894993822385,0.03753614132957794,0.08550589105912614,0.002685546875,0.024169921875,True,
lista_bd,LISTA-BD,dysts:QiChen,2000,15,-0.8093709238867991,-0.978310856396053,0.16704248040589859,0.04205105214246678,0.2517386717455728,0.00213623046875,0.0213623046875,True,
lista_bd,LISTA-BD,dysts:Sakarya,2000,15,-0.22087944321540173,-0.22152589040555706,0.49354790778662516,0.250103867479733,0.5067468902894429,0.0364990234375,0.218994140625,False,
lista_bd,LISTA-BD,dysts:SanUmSrisuchinwong,2000,15,-0.3824344629513951,-0.3813348825072378,0.3483694601913162,0.038018007629684,0.10913128725119996,0.04730224609375,0.23651123046875,False,
lista_bd,LISTA-BD,dysts:ShimizuMorioka,2000,15,-0.13025317203901277,-0.20117132912849622,0.5600479416247901,0.013328742901129315,0.023799289150961727,0.114654541015625,0.4586181640625,False,
lista_bd,LISTA-BD,dysts:WangSun,2000,15,0.023766791987058226,0.04226376719007252,0.8557329167324406,0.6288457044533321,0.7348621189594269,0.660614013671875,1.0,False,
lista_bd,LISTA-BD,dysts:Chua,3000,15,-0.6690509141435784,-0.6268520591583064,0.22391191935508778,0.014041253099484072,0.06270882380860188,3.0517578125e-05,0.0003662109375,True,
lista_bd,LISTA-BD,dysts:Dadras,3000,15,-0.47707934183619016,-0.48336197430344746,0.3892430331495075,0.32716502249240875,0.8405160648482186,0.002685546875,0.024169921875,True,
lista_bd,LISTA-BD,dysts:DequanLi,3000,15,-0.24040453023292535,-0.22902722210803672,0.4973307739606436,0.09687867334910796,0.19479726254940033,0.017669677734375,0.123687744140625,False,
lista_bd,LISTA-BD,dysts:Hadley,3000,15,0.05096312737428304,0.09150500846300846,0.8268894649504935,0.07589095618043626,0.09177884033748078,0.619232177734375,1.0,False,
lista_bd,LISTA-BD,dysts:LorenzCoupled,3000,15,0.08018812199882872,0.06346005026857476,1.0278132450339759,2.201808656964983,2.1422263894762312,0.8204345703125,1.0,False,
lista_bd,LISTA-BD,dysts:LuChenCheng,3000,15,-0.5558429357029108,-0.5136131305891994,0.22640015266512092,0.0188402983226946,0.0832168092685086,0.000213623046875,0.002349853515625,True,
lista_bd,LISTA-BD,dysts:MultiChua,3000,15,-0.37604704225630536,-0.3738747935183465,0.43541278634064173,0.10082251472132542,0.23155616436685836,0.002685546875,0.024169921875,True,
lista_bd,LISTA-BD,dysts:QiChen,3000,15,-0.7310909205304813,-0.795962918729875,0.19433122590544588,0.1367322270359311,0.7036039956978389,0.000762939453125,0.00762939453125,True,
lista_bd,LISTA-BD,dysts:Sakarya,3000,15,-0.2021669852931054,-0.21469010935347382,0.5934418853804697,0.5453656315803528,0.9189874274390084,0.027679443359375,0.16607666015625,False,
lista_bd,LISTA-BD,dysts:SanUmSrisuchinwong,3000,15,-0.35439854179924757,-0.3809630011335883,0.36800167828612873,0.1497109532356262,0.4068213871547154,0.04730224609375,0.23651123046875,False,
lista_bd,LISTA-BD,dysts:ShimizuMorioka,3000,15,-0.027490015154579432,-0.031062056487281664,0.8530801795594757,0.05612959180559427,0.06579638485397607,0.339385986328125,1.0,False,
lista_bd,LISTA-BD,dysts:WangSun,3000,15,-0.0344975439621954,-0.10041434305009653,0.8024599855398162,1.191859143120902,1.4852567911148071,0.5765380859375,1.0,False,
lista_bd,LISTA-BD,dysts:Chua,4000,15,-0.6417974270811727,-0.6484181768151979,0.2148215082386603,0.025472756741302314,0.11857637975897105,3.0517578125e-05,0.0003662109375,True,
lista_bd,LISTA-BD,dysts:Dadras,4000,15,-0.26163038655885207,-0.29277304320922354,0.5506294558019226,0.6827419527939388,1.2399299485342843,0.010772705078125,0.086181640625,False,
lista_bd,LISTA-BD,dysts:DequanLi,4000,15,-0.27240828105771725,-0.2916937632268806,0.4800729308129666,0.21736096484320502,0.4527665504387447,0.0206298828125,0.123779296875,False,
lista_bd,LISTA-BD,dysts:Hadley,4000,15,0.09406409771059054,0.11394380695866757,0.9562246325604034,0.15420359053782048,0.16126293476138795,0.660614013671875,1.0,False,
lista_bd,LISTA-BD,dysts:LorenzCoupled,4000,15,0.07459424292533719,0.12718505486779602,1.0879481708783567,3.3741979939596995,3.101432664053781,0.834869384765625,1.0,False,
lista_bd,LISTA-BD,dysts:LuChenCheng,4000,15,-0.43618742597103527,-0.476134618562397,0.2880892419613188,0.036354465410113286,0.12619167992046898,6.103515625e-05,0.00067138671875,True,
lista_bd,LISTA-BD,dysts:MultiChua,4000,15,-0.31643894231055614,-0.25855957299934096,0.4598928674679291,0.19783541773046762,0.4301771819591522,0.002685546875,0.024169921875,True,
lista_bd,LISTA-BD,dysts:QiChen,4000,15,-0.5074513918822644,-0.5038440219807399,0.29218946895033543,0.3221683310610907,1.1026007618222917,0.000762939453125,0.00762939453125,True,
lista_bd,LISTA-BD,dysts:Sakarya,4000,15,-0.15956606676314275,-0.1805873919754677,0.6311700798102702,0.8165873544556754,1.2937675288745336,0.017669677734375,0.123687744140625,False,
lista_bd,LISTA-BD,dysts:SanUmSrisuchinwong,4000,15,-0.2759951833930944,-0.31040435887200163,0.5824872939635464,0.45678031870297026,0.7841893264225551,0.165130615234375,0.756988525390625,False,
lista_bd,LISTA-BD,dysts:ShimizuMorioka,4000,15,-0.1292738959304481,-0.10202702923861118,0.7790661849087087,0.1744725012353488,0.22395080753735133,0.151397705078125,0.756988525390625,False,
lista_bd,LISTA-BD,dysts:WangSun,4000,15,0.015319422962720292,-0.012472445115747577,0.9627547796216362,1.9645424059459142,2.040542875017439,0.6806640625,1.0,False,
lista_bd,LISTA-BD,dysts:Chua,5000,15,-0.6432318309921922,-0.6279543779724738,0.20912868193960368,0.04467774368822571,0.21363757124968938,9.1552734375e-05,0.001007080078125,True,
lista_bd,LISTA-BD,dysts:Dadras,5000,15,-0.20356887803632423,-0.19597472529450571,0.6089584761626982,1.0177471382277352,1.6712915216173445,0.010772705078125,0.086181640625,False,
lista_bd,LISTA-BD,dysts:DequanLi,5000,15,-0.27016458909763585,-0.24256500345791893,0.4798035031023076,0.3999227413109371,0.8335135919707162,0.017669677734375,0.10601806640625,False,
lista_bd,LISTA-BD,dysts:Hadley,5000,15,0.08573141617596204,0.15618881258032247,1.0108436162558703,0.25783309979098185,0.25506724842957085,0.71929931640625,1.0,False,
lista_bd,LISTA-BD,dysts:LorenzCoupled,5000,15,0.08101008458975681,0.12644322560575094,1.214024258716375,4.704558440617153,3.875176634107317,0.834869384765625,1.0,False,
lista_bd,LISTA-BD,dysts:LuChenCheng,5000,15,-0.3575816246713783,-0.3712918681356674,0.3672975962276869,0.07369325948613024,0.20063637835638862,3.0517578125e-05,0.0003662109375,True,
lista_bd,LISTA-BD,dysts:MultiChua,5000,15,-0.29057190635730457,-0.26929684527706216,0.48451577250975486,0.3169830100876944,0.6542264010225024,0.0062255859375,0.0560302734375,False,
lista_bd,LISTA-BD,dysts:QiChen,5000,15,-0.37601118068463496,-0.3995613606672702,0.3785681101325139,0.5587556489876339,1.475971255983625,0.001007080078125,0.01007080078125,True,
lista_bd,LISTA-BD,dysts:Sakarya,5000,15,-0.11287445793923026,-0.10819285919733629,0.7680772448167715,1.3034093550273351,1.6969769171306066,0.01507568359375,0.10552978515625,False,
lista_bd,LISTA-BD,dysts:SanUmSrisuchinwong,5000,15,-0.2602108722077689,-0.2844971296542552,0.6012330566888875,0.7294712747846331,1.2132920282227653,0.09381103515625,0.375244140625,False,
lista_bd,LISTA-BD,dysts:ShimizuMorioka,5000,15,-0.19949912420151242,-0.2488521294646744,0.696829781779349,0.3587568998336792,0.514841513974326,0.027679443359375,0.138397216796875,False,
lista_bd,LISTA-BD,dysts:WangSun,5000,15,0.02243597085361994,-0.0027474749958574796,0.9954235922657866,2.66519934790475,2.677452462060111,0.772857666015625,1.0,False,
lista_sb,LISTA-SB,dysts:Chua,100,15,0.09440346782608071,0.05983653562154512,1.0611101047917195,0.00012062261625287819,0.00011367587181403259,0.619232177734375,1.0,False,
lista_sb,LISTA-SB,dysts:Dadras,100,15,-0.136732706340658,-0.11687640014184186,0.5870302401794305,0.0004267396496808143,0.0007269466212683999,0.210601806640625,1.0,False,
lista_sb,LISTA-SB,dysts:DequanLi,100,15,0.0408720596981277,0.1289176238990093,0.8479720654631109,0.0003453315127573857,0.0004072439727938285,0.339385986328125,1.0,False,
lista_sb,LISTA-SB,dysts:Hadley,100,15,0.004053187017614336,0.2784417193678448,0.7193291075727004,0.00023085559119598575,0.0003209318082163857,0.5548095703125,1.0,False,
lista_sb,LISTA-SB,dysts:LorenzCoupled,100,15,0.15485775435579768,0.24131003383080563,1.2311754718735393,0.001001000204788743,0.0008130443041278856,0.71929931640625,1.0,False,
lista_sb,LISTA-SB,dysts:LuChenCheng,100,15,-0.07888453314626391,-0.21539234622865155,0.9086902624548242,0.00012607244467025604,0.00013874083379046198,0.29974365234375,1.0,False,
lista_sb,LISTA-SB,dysts:MultiChua,100,15,-0.09274502358508897,-0.09791817813358028,0.7506894579519545,0.0001639832730038857,0.00021844355381154284,0.1038818359375,1.0,False,
lista_sb,LISTA-SB,dysts:QiChen,100,15,-0.3261775693774935,-0.5251498981491083,0.38734558205988734,0.0003459569041816428,0.0008931479283740858,0.126190185546875,1.0,False,
lista_sb,LISTA-SB,dysts:Sakarya,100,15,-0.47552093472210355,-0.4739102565743438,0.1642417321480509,0.001134600515277743,0.006908113427925799,0.027679443359375,0.3321533203125,False,
lista_sb,LISTA-SB,dysts:SanUmSrisuchinwong,100,15,0.08559631038824701,-0.03863227204047215,0.9952671629825132,0.000557091124522043,0.0005597402840586142,0.848602294921875,1.0,False,
lista_sb,LISTA-SB,dysts:ShimizuMorioka,100,15,0.27360278837362967,0.16745060697406355,2.6058887398823067,0.0003596882597775714,0.0001380290164628504,0.90618896484375,1.0,False,
lista_sb,LISTA-SB,dysts:WangSun,100,15,0.016715785559842735,0.058548389849866656,1.4476294511787207,0.0012030605326539285,0.0008310555796404571,0.5980224609375,1.0,False,
lista_sb,LISTA-SB,dysts:Chua,500,15,-0.07083095941678806,-0.036417006772350824,0.7905879601993618,0.0014741018281450855,0.0018645639730882856,0.210601806640625,1.0,False,
lista_sb,LISTA-SB,dysts:Dadras,500,15,0.017559257562592214,0.032913920484410664,0.9740014842203623,0.010862220477844945,0.011152160087866386,0.64013671875,1.0,False,
lista_sb,LISTA-SB,dysts:DequanLi,500,15,0.07865608996247118,0.11802487002425721,1.0592304372721262,0.005445497509624214,0.0051409941765346145,0.8052978515625,1.0,False,
lista_sb,LISTA-SB,dysts:Hadley,500,15,0.0941736554694358,0.11710972844414114,1.0129102064259958,0.0036653192447764,0.0036186023415730995,0.772857666015625,1.0,False,
lista_sb,LISTA-SB,dysts:LorenzCoupled,500,15,0.07956585704927048,0.11327648043876781,1.0169910800674182,0.01686692410813904,0.016585124922650157,0.70025634765625,1.0,False,
lista_sb,LISTA-SB,dysts:LuChenCheng,500,15,-0.12696535081670243,-0.12178582598367127,0.7443404554930154,0.0018830578275290427,0.002529834047891157,0.3193359375,1.0,False,
lista_sb,LISTA-SB,dysts:MultiChua,500,15,-0.1455852556648927,-0.13670212985301955,0.6963046059556649,0.0029762275849601577,0.004274318393851986,0.0318603515625,0.3504638671875,False,
lista_sb,LISTA-SB,dysts:QiChen,500,15,-0.3524371202523903,-0.3316749791293807,0.32577128684781065,0.003818134976816986,0.011720293134983042,0.138427734375,1.0,False,
lista_sb,LISTA-SB,dysts:Sakarya,500,15,-0.23506401096395652,-0.18340883837916278,0.3156057882514409,0.017956693922834686,0.05689595879188601,0.027679443359375,0.3321533203125,False,
lista_sb,LISTA-SB,dysts:SanUmSrisuchinwong,500,15,0.008806509471589832,-0.034615721299083635,0.9873112184515656,0.0064506928569504,0.006533596232267314,0.6806640625,1.0,False,
lista_sb,LISTA-SB,dysts:ShimizuMorioka,500,15,0.20683146014180132,0.24768565078554827,2.3286581424487736,0.005551257569875014,0.0023838868697306573,0.848602294921875,1.0,False,
lista_sb,LISTA-SB,dysts:WangSun,500,15,0.11256921985653452,0.09781544822379074,1.720001000135345,0.03099896559225656,0.018022643934403112,0.885345458984375,1.0,False,
lista_sb,LISTA-SB,dysts:Chua,1000,15,-0.17542243214883005,-0.07581576198299178,0.6624323149912044,0.004637794436088601,0.0070011597126722,0.053497314453125,0.588470458984375,False,
lista_sb,LISTA-SB,dysts:Dadras,1000,15,0.0377862723361469,0.2701503130625138,0.7883686892116949,0.07505022681185171,0.09519686390246661,0.4451904296875,1.0,False,
lista_sb,LISTA-SB,dysts:DequanLi,1000,15,0.009084575418498941,-0.027230638877422386,0.9933765385099167,0.017537072433957,0.017654003043259845,0.532958984375,1.0,False,
lista_sb,LISTA-SB,dysts:Hadley,1000,15,0.07409280309258495,0.16059447777668523,0.9617492993998538,0.011631576211324714,0.012094187350677557,0.755645751953125,1.0,False,
lista_sb,LISTA-SB,dysts:LorenzCoupled,1000,15,-0.05531804522651978,-0.04190794952196886,0.7391039563936126,0.07272612729242865,0.09839769718902448,0.4234619140625,1.0,False,
lista_sb,LISTA-SB,dysts:LuChenCheng,1000,15,-0.16247888183099016,-0.12593846768026307,0.5682578144560378,0.005755638969795985,0.010128569855753843,0.1947021484375,1.0,False,
lista_sb,LISTA-SB,dysts:MultiChua,1000,15,-0.18100930520493927,-0.2139664044455083,0.6454037261508351,0.0111887482926249,0.017336045391857586,0.012786865234375,0.1534423828125,False,
lista_sb,LISTA-SB,dysts:QiChen,1000,15,-0.3586616337230871,-0.48707610168778115,0.31567970687337515,0.015376081158007843,0.048707854268806285,0.126190185546875,1.0,False,
lista_sb,LISTA-SB,dysts:Sakarya,1000,15,-0.10803244880652807,-0.11196250618481884,0.5238013141622436,0.076858835827027,0.14673280449850215,0.165130615234375,1.0,False,
lista_sb,LISTA-SB,dysts:SanUmSrisuchinwong,1000,15,-0.05410211672830286,-0.045279560733857416,0.9011370673897641,0.017627808930618383,0.01956173990453987,0.511016845703125,1.0,False,
lista_sb,LISTA-SB,dysts:ShimizuMorioka,1000,15,0.32232212013757566,0.26312352170561026,2.8896076261854757,0.021784662402101883,0.0075389690298054285,0.924285888671875,1.0,False,
lista_sb,LISTA-SB,dysts:WangSun,1000,15,0.26423633922321776,0.22863817061226532,1.5894397514022527,0.14293469488620753,0.08992772123643324,0.834869384765625,1.0,False,
lista_sb,LISTA-SB,dysts:Chua,1500,15,-0.1853798290836148,-0.20517683252817398,0.657371678342837,0.0105524345168045,0.01605246295886377,0.08441162109375,0.92852783203125,False,
lista_sb,LISTA-SB,dysts:Dadras,1500,15,0.10074742907321792,0.07409039406785034,0.9468191318985855,0.2067979755146163,0.2184133891548429,0.5980224609375,1.0,False,
lista_sb,LISTA-SB,dysts:DequanLi,1500,15,-0.010773837478839945,-0.028521376090826056,0.9485499929537382,0.0370887033641338,0.039100420262132306,0.4019775390625,1.0,False,
lista_sb,LISTA-SB,dysts:Hadley,1500,15,0.06371982838330882,0.1684057997844126,0.9343193032835552,0.023467050599200356,0.0251167352710451,0.737762451171875,1.0,False,
lista_sb,LISTA-SB,dysts:LorenzCoupled,1500,15,-0.19314773266277194,-0.21686598832659365,0.5618925691388045,0.23125005194119042,0.4115556329488754,0.165130615234375,1.0,False,
lista_sb,LISTA-SB,dysts:LuChenCheng,1500,15,-0.19332391055619327,-0.20163004712409593,0.5257687013362777,0.012288868693368728,0.02337314614227837,0.1947021484375,1.0,False,
lista_sb,LISTA-SB,dysts:MultiChua,1500,15,-0.21949744407492758,-0.2419890303370804,0.666662485211594,0.028367452855621027,0.04255144617387222,0.012786865234375,0.1534423828125,False,
lista_sb,LISTA-SB,dysts:QiChen,1500,15,-0.3650899407779643,-0.46498898108103903,0.3188755660750992,0.04143397456833291,0.12993775308132166,0.151397705078125,1.0,False,
lista_sb,LISTA-SB,dysts:Sakarya,1500,15,-0.09851730512115411,-0.059801878430137706,0.662147044665177,0.18526484497955864,0.27979411291224615,0.244354248046875,1.0,False,
lista_sb,LISTA-SB,dysts:SanUmSrisuchinwong,1500,15,0.010391872370531154,0.055688036234341265,0.8875989042527068,0.0422830786556005,0.04763759672641749,0.64013671875,1.0,False,
lista_sb,LISTA-SB,dysts:ShimizuMorioka,1500,15,0.41903303322739754,0.29854140566093956,4.124921306414596,0.057397298514842945,0.013914762064814514,0.9681396484375,1.0,False,
lista_sb,LISTA-SB,dysts:WangSun,1500,15,0.12183089944358014,-0.027897452768023967,0.8742338703555529,0.35621157714298796,0.40745570404188974,0.737762451171875,1.0,False,
lista_sb,LISTA-SB,dysts:Chua,2000,15,-0.1305998967975463,-0.17412158101964081,0.7407582439266541,0.02170526023421964,0.029301408944385342,0.165130615234375,1.0,False,
lista_sb,LISTA-SB,dysts:Dadras,2000,15,-0.025352653467342445,0.02753031523001717,0.714189976934102,0.30702668854168486,0.42989498376846313,0.4234619140625,1.0,False,
lista_sb,LISTA-SB,dysts:DequanLi,2000,15,0.004519576006511475,0.019847931515999617,0.9079587855198293,0.06587351432868409,0.0725512163979666,0.35986328125,1.0,False,
lista_sb,LISTA-SB,dysts:Hadley,2000,15,0.06865460787119128,0.17282991064775954,0.9445548038702343,0.040237443255526646,0.04259937389620707,0.755645751953125,1.0,False,
lista_sb,LISTA-SB,dysts:LorenzCoupled,2000,15,-0.19956540836384815,-0.2132942930946033,0.5171421512196238,0.548645134483065,1.0609174541064672,0.060272216796875,0.662994384765625,False,
lista_sb,LISTA-SB,dysts:LuChenCheng,2000,15,-0.20564377254536612,-0.26991321040877136,0.5451504866783312,0.022293674626520644,0.04089453310838763,0.1795654296875,1.0,False,
lista_sb,LISTA-SB,dysts:MultiChua,2000,15,-0.23144244559563934,-0.2917823460784066,0.6874165002745696,0.0587781603847231,0.08550589105912614,0.01507568359375,0.180908203125,False,
lista_sb,LISTA-SB,dysts:QiChen,2000,15,-0.3243330462936878,-0.34283893935630194,0.4035558734425078,0.1015906195555414,0.2517386717455728,0.165130615234375,1.0,False,
lista_sb,LISTA-SB,dysts:Sakarya,2000,15,-0.07678088620394517,-0.12732259156723602,0.6979464483867804,0.3536821923085621,0.5067468902894429,0.380767822265625,1.0,False,
lista_sb,LISTA-SB,dysts:SanUmSrisuchinwong,2000,15,0.04253251729014629,0.07283095168777198,0.8887460937116733,0.0969900052462305,0.10913128725119996,0.70025634765625,1.0,False,
lista_sb,LISTA-SB,dysts:ShimizuMorioka,2000,15,0.4787177908113303,0.26308608532379496,5.016493975054641,0.11938899063638278,0.023799289150961727,0.976043701171875,1.0,False,
lista_sb,LISTA-SB,dysts:WangSun,2000,15,0.028770418069131633,0.016489013847779177,0.7067004199242772,0.5193273680550712,0.7348621189594269,0.488983154296875,1.0,False,
lista_sb,LISTA-SB,dysts:Chua,3000,15,-0.0676509782534055,-0.07064049500217928,0.9184949123972184,0.057597735630614384,0.06270882380860188,0.339385986328125,1.0,False,
lista_sb,LISTA-SB,dysts:Dadras,3000,15,0.02566616937931047,0.06613719098257678,0.8951258717943438,0.7523676753044128,0.8405160648482186,0.5980224609375,1.0,False,
lista_sb,LISTA-SB,dysts:DequanLi,3000,15,0.01906038486272756,0.0454322747250171,0.8612560332055337,0.1677703176225934,0.19479726254940033,0.35986328125,1.0,False,
lista_sb,LISTA-SB,dysts:Hadley,3000,15,0.08791438391106891,0.22215964763924345,1.0225469831110923,0.0938481763005256,0.09177884033748078,0.71929931640625,1.0,False,
lista_sb,LISTA-SB,dysts:LorenzCoupled,3000,15,-0.10278708716326723,-0.09575276951983341,0.6530526778307079,1.3989866801670618,2.1422263894762312,0.075714111328125,0.832855224609375,False,
lista_sb,LISTA-SB,dysts:LuChenCheng,3000,15,-0.1692982735698367,-0.285499316511304,0.6370546874258057,0.05301365841712264,0.0832168092685086,0.28070068359375,1.0,False,
lista_sb,LISTA-SB,dysts:MultiChua,3000,15,-0.20982760194077046,-0.1401708605867945,0.6993435968927714,0.1619373208710125,0.23155616436685836,0.023956298828125,0.2874755859375,False,
lista_sb,LISTA-SB,dysts:QiChen,3000,15,-0.2621835674101533,-0.15065167293074805,0.4923693520761276,0.34643304347991943,0.7036039956978389,0.151397705078125,1.0,False,
lista_sb,LISTA-SB,dysts:Sakarya,3000,15,-0.061735328054554325,-0.046470781826937424,0.7732193380682535,0.7105788503374372,0.9189874274390084,0.29974365234375,1.0,False,
lista_sb,LISTA-SB,dysts:SanUmSrisuchinwong,3000,15,0.12231331412013127,0.09433266026540443,0.8503950159439695,0.34595888001578196,0.4068213871547154,0.834869384765625,1.0,False,
lista_sb,LISTA-SB,dysts:ShimizuMorioka,3000,15,0.49665611155713546,0.15116902171308122,5.492109044121949,0.36136092032705036,0.06579638485397607,0.9793701171875,1.0,False,
lista_sb,LISTA-SB,dysts:WangSun,3000,15,-0.0644826707718378,-0.015588199157078847,0.7006674531628908,1.0406710931232996,1.4852567911148071,0.35986328125,1.0,False,
lista_sb,LISTA-SB,dysts:Chua,4000,15,-0.03513560415043926,-0.0005424932200701615,1.0100814623238166,0.11977180306400567,0.11857637975897105,0.511016845703125,1.0,False,
lista_sb,LISTA-SB,dysts:Dadras,4000,15,0.0789865385999101,0.10253888825375891,1.0265939910398993,1.272904634475708,1.2399299485342843,0.8052978515625,1.0,False,
lista_sb,LISTA-SB,dysts:DequanLi,4000,15,0.005888889239942201,0.06345510285607192,0.83980372946034,0.3802350376333509,0.4527665504387447,0.3193359375,1.0,False,
lista_sb,LISTA-SB,dysts:Hadley,4000,15,0.12763962665244272,0.17603137489011922,1.1372349569134894,0.18339384666510988,0.16126293476138795,0.772857666015625,1.0,False,
lista_sb,LISTA-SB,dysts:LorenzCoupled,4000,15,-0.06807102573517725,-0.07970750966311096,0.7071099159814475,2.1930537905011858,3.101432664053781,0.126190185546875,1.0,False,
lista_sb,LISTA-SB,dysts:LuChenCheng,4000,15,-0.1250599959538077,-0.2733806981634851,0.7748683486532115,0.09778193863374843,0.12619167992046898,0.210601806640625,1.0,False,
lista_sb,LISTA-SB,dysts:MultiChua,4000,15,-0.17894181615915888,-0.08556028514238062,0.7623037077118525,0.32792566078049795,0.4301771819591522,0.060272216796875,0.7232666015625,False,
lista_sb,LISTA-SB,dysts:QiChen,4000,15,-0.18334282877881772,-0.14135497322467327,0.5610504449926704,0.6186146480696542,1.1026007618222917,0.1947021484375,1.0,False,
lista_sb,LISTA-SB,dysts:Sakarya,4000,15,-0.04630944533409094,-0.020358555450150195,0.8889195609385057,1.1500552637236459,1.2937675288745336,0.467041015625,1.0,False,
lista_sb,LISTA-SB,dysts:SanUmSrisuchinwong,4000,15,0.11505988574105297,0.12805416363945893,0.8988624819801372,0.7048783642905099,0.7841893264225551,0.834869384765625,1.0,False,
lista_sb,LISTA-SB,dysts:ShimizuMorioka,4000,15,0.409456293594595,0.10267461936093591,2.900367515975453,0.6495396473578045,0.22395080753735133,0.972320556640625,1.0,False,
lista_sb,LISTA-SB,dysts:WangSun,4000,15,-0.05101054223726863,-0.10428548449667407,0.8227449816893838,1.6788464103426253,2.040542875017439,0.467041015625,1.0,False,
lista_sb,LISTA-SB,dysts:Chua,5000,15,-0.03396046452682844,-0.07147865573893253,1.0027013469458483,0.21421468045030317,0.21363757124968938,0.511016845703125,1.0,False,
lista_sb,LISTA-SB,dysts:Dadras,5000,15,0.04047653999721918,0.059336173016914295,1.0027629476846567,1.6759092126573836,1.6712915216173445,0.71929931640625,1.0,False,
lista_sb,LISTA-SB,dysts:DequanLi,5000,15,0.006603337797485185,0.003595088579688247,0.8364391857683694,0.6971834301948547,0.8335135919707162,0.488983154296875,1.0,False,
lista_sb,LISTA-SB,dysts:Hadley,5000,15,0.1796358202823451,0.2524579343778315,1.2537953871207776,0.31980213948658537,0.25506724842957085,0.8204345703125,1.0,False,
lista_sb,LISTA-SB,dysts:LorenzCoupled,5000,15,-0.03246492500591336,-0.011232063746159149,0.8091656000796374,3.135659626552037,3.875176634107317,0.3193359375,1.0,False,
lista_sb,LISTA-SB,dysts:LuChenCheng,5000,15,-0.09106908412556577,-0.16429790401105393,0.7874201247566135,0.15798512207610263,0.20063637835638862,0.210601806640625,1.0,False,
lista_sb,LISTA-SB,dysts:MultiChua,5000,15,-0.15411359442923603,-0.15803183048274227,0.8228158137936181,0.5383078285626003,0.6542264010225024,0.1795654296875,1.0,False,
lista_sb,LISTA-SB,dysts:QiChen,5000,15,-0.1434595810217378,-0.07089361891159332,0.6170429336025248,0.9107376337051392,1.475971255983625,0.1795654296875,1.0,False,
lista_sb,LISTA-SB,dysts:Sakarya,5000,15,-0.01774179268417851,-0.04936632634601969,1.0086138739522894,1.7115944623947144,1.6969769171306066,0.619232177734375,1.0,False,
lista_sb,LISTA-SB,dysts:SanUmSrisuchinwong,5000,15,0.0727543648191091,0.006749118898835605,0.8658844923578548,1.0505707519395011,1.2132920282227653,0.8052978515625,1.0,False,
lista_sb,LISTA-SB,dysts:ShimizuMorioka,5000,15,0.2753423664954336,0.10071538714857764,1.8292223238211256,0.9417595905917031,0.514841513974326,0.93231201171875,1.0,False,
lista_sb,LISTA-SB,dysts:WangSun,5000,15,-0.04267302402743375,-0.06297236147465346,0.8571107185164822,2.294873203550066,2.677452462060111,0.4451904296875,1.0,False,
sparse_mlp,Sparse MLP,dysts:Chua,100,15,-0.2089479733513624,-0.18295210203231482,0.6228075210913764,7.07981879323987e-05,0.00011367587181403259,0.023956298828125,0.14373779296875,False,
sparse_mlp,Sparse MLP,dysts:Dadras,100,15,-0.32302218627568935,-0.24528528858780474,0.4241849685665162,0.0003083598296922714,0.0007269466212683999,0.0318603515625,0.1593017578125,False,
sparse_mlp,Sparse MLP,dysts:DequanLi,100,15,-0.2799555351636295,-0.16778447018205211,0.5800532956883714,0.0002362232085682857,0.0004072439727938285,0.0364990234375,0.1593017578125,False,
sparse_mlp,Sparse MLP,dysts:Hadley,100,15,-0.07001431752437336,0.027135178427901696,0.4918021966225242,0.00015783496824685716,0.0003209318082163857,0.28070068359375,0.5614013671875,False,
sparse_mlp,Sparse MLP,dysts:LorenzCoupled,100,15,0.7433816228475172,0.4691888102695123,9.989815012153354,0.008122162194922528,0.0008130443041278856,0.995819091796875,0.995819091796875,False,
sparse_mlp,Sparse MLP,dysts:LuChenCheng,100,15,-0.11852457242776408,-0.16650634088902727,0.7449905084152543,0.00010336060430351256,0.00013874083379046198,0.114654541015625,0.343963623046875,False,
sparse_mlp,Sparse MLP,dysts:MultiChua,100,15,-0.3906192491619847,-0.38214021757186734,0.4289308320107727,9.369717528377506e-05,0.00021844355381154284,0.00030517578125,0.003662109375,True,
sparse_mlp,Sparse MLP,dysts:QiChen,100,15,-0.7447259732344653,-0.7618950851004214,0.17186285019730152,0.0001534989486181857,0.0008931479283740858,0.00042724609375,0.00469970703125,True,
sparse_mlp,Sparse MLP,dysts:Sakarya,100,15,-0.38927606600772663,-0.27002598429428826,0.0775471685292488,0.0005357046362145286,0.006908113427925799,0.009033203125,0.081298828125,False,
sparse_mlp,Sparse MLP,dysts:SanUmSrisuchinwong,100,15,-0.3999574200921686,-0.33515092721929696,0.34771926370453493,0.00019463247943862856,0.0005597402840586142,0.010772705078125,0.086181640625,False,
sparse_mlp,Sparse MLP,dysts:ShimizuMorioka,100,15,-0.26744166526972885,-0.2823130467761312,0.5846862520728657,8.070366831296789e-05,0.0001380290164628504,0.001312255859375,0.01312255859375,True,
sparse_mlp,Sparse MLP,dysts:WangSun,100,15,-0.17231396140724264,-0.1183921302604487,0.5765751215882446,0.0004791659718777857,0.0008310555796404571,0.010772705078125,0.086181640625,False,
sparse_mlp,Sparse MLP,dysts:Chua,500,15,-0.29844007197168915,-0.2587217729639604,0.5180282672730079,0.0009658968441986,0.0018645639730882856,0.004180908203125,0.037628173828125,True,
sparse_mlp,Sparse MLP,dysts:Dadras,500,15,-0.1929320849667969,-0.1769556433556536,0.5659280519974598,0.006311320234090043,0.011152160087866386,0.114654541015625,0.343963623046875,False,
sparse_mlp,Sparse MLP,dysts:DequanLi,500,15,-0.19990103060645886,-0.18947278420002478,0.7394631527571932,0.0038015757620866565,0.0051409941765346145,0.017669677734375,0.10601806640625,False,
sparse_mlp,Sparse MLP,dysts:Hadley,500,15,0.005259459063129476,0.09712498553195736,0.7769421427962845,0.0028114446571894567,0.0036186023415730995,0.532958984375,1.0,False,
sparse_mlp,Sparse MLP,dysts:LorenzCoupled,500,15,0.29047023736530725,0.20551746001981375,2.418271045132521,0.04010732738035062,0.016585124922650157,0.9793701171875,1.0,False,
sparse_mlp,Sparse MLP,dysts:LuChenCheng,500,15,-0.19854474084497728,-0.23989220306788273,0.5720617519204482,0.0014472212975046143,0.002529834047891157,0.0364990234375,0.1593017578125,False,
sparse_mlp,Sparse MLP,dysts:MultiChua,500,15,-0.4277019392002166,-0.45262418157748474,0.3531210475705069,0.0015093517888868997,0.004274318393851986,0.000152587890625,0.0018310546875,True,
sparse_mlp,Sparse MLP,dysts:QiChen,500,15,-0.6127149155628266,-0.5813956010487491,0.21329220284036282,0.0024998471406953147,0.011720293134983042,0.001007080078125,0.011077880859375,True,
sparse_mlp,Sparse MLP,dysts:Sakarya,500,15,-0.36230133642517426,-0.3409520927584142,0.1913367232047912,0.0108862863188343,0.05689595879188601,0.010772705078125,0.075408935546875,False,
sparse_mlp,Sparse MLP,dysts:SanUmSrisuchinwong,500,15,-0.27628046663685163,-0.22020118652154252,0.5243908734908634,0.0034261582352752714,0.006533596232267314,0.009033203125,0.072265625,False,
sparse_mlp,Sparse MLP,dysts:ShimizuMorioka,500,15,-0.3789899455137503,-0.37799801222439644,0.41850779338083116,0.0009976752335205143,0.0023838868697306573,0.001312255859375,0.01312255859375,True,
sparse_mlp,Sparse MLP,dysts:WangSun,500,15,-0.14868747705369326,-0.11787428151765322,0.46908426846012463,0.008454138745686787,0.018022643934403112,0.0318603515625,0.1593017578125,False,
sparse_mlp,Sparse MLP,dysts:Chua,1000,15,-0.28640354975316484,-0.24713574297568064,0.5076056734450464,0.0035538283908472996,0.0070011597126722,0.002685546875,0.02685546875,True,
sparse_mlp,Sparse MLP,dysts:Dadras,1000,15,-0.14001447635094352,-0.14116921237688174,0.5012238574354202,0.04771493934094902,0.09519686390246661,0.210601806640625,0.631805419921875,False,
sparse_mlp,Sparse MLP,dysts:DequanLi,1000,15,-0.18843180088574357,-0.15894359065306074,0.7695021564781118,0.0135847934122596,0.017654003043259845,0.01507568359375,0.07537841796875,False,
sparse_mlp,Sparse MLP,dysts:Hadley,1000,15,0.031144097409359688,0.10585793746600292,0.8371166768837764,0.010124245924609001,0.012094187350677557,0.532958984375,1.0,False,
sparse_mlp,Sparse MLP,dysts:LorenzCoupled,1000,15,0.1558971832764025,0.14934028456688675,1.3800826706045626,0.13579695671796796,0.09839769718902448,0.8961181640625,1.0,False,
sparse_mlp,Sparse MLP,dysts:LuChenCheng,1000,15,-0.27800265656641826,-0.24697391580517492,0.4514349551832434,0.004572390478902586,0.010128569855753843,0.005126953125,0.046142578125,True,
sparse_mlp,Sparse MLP,dysts:MultiChua,1000,15,-0.4672081233257666,-0.45554723321094803,0.3415739084668513,0.005921540781855542,0.017336045391857586,0.00030517578125,0.003662109375,True,
sparse_mlp,Sparse MLP,dysts:QiChen,1000,15,-0.6748997922318166,-0.7122200297326209,0.1731092902318814,0.008431782081190971,0.048707854268806285,0.000762939453125,0.008392333984375,True,
sparse_mlp,Sparse MLP,dysts:Sakarya,1000,15,-0.4069874089250759,-0.3502377834255024,0.1683702302639923,0.024705436080694174,0.14673280449850215,0.0062255859375,0.046142578125,True,
sparse_mlp,Sparse MLP,dysts:SanUmSrisuchinwong,1000,15,-0.19741323424361762,-0.13350173212564664,0.6544285496176385,0.012801761073725512,0.01956173990453987,0.009033203125,0.05419921875,False,
sparse_mlp,Sparse MLP,dysts:ShimizuMorioka,1000,15,-0.31680873660547554,-0.3122174309389574,0.467104194596302,0.003521484056753729,0.0075389690298054285,0.005126953125,0.046142578125,True,
sparse_mlp,Sparse MLP,dysts:WangSun,1000,15,-0.11331387812410251,-0.1074981071411727,0.47728376982726817,0.04292104180370054,0.08992772123643324,0.0364990234375,0.14599609375,False,
sparse_mlp,Sparse MLP,dysts:Chua,1500,15,-0.26662183042190823,-0.2685291925284319,0.4963088402162443,0.007966979273727899,0.01605246295886377,0.004180908203125,0.037628173828125,True,
sparse_mlp,Sparse MLP,dysts:Dadras,1500,15,-0.030890578868284533,-0.13766754026842365,0.8691440323265202,0.1898326937641416,0.2184133891548429,0.4234619140625,1.0,False,
sparse_mlp,Sparse MLP,dysts:DequanLi,1500,15,-0.1781671732076687,-0.2225976421824385,0.7577832618639693,0.029629644006490655,0.039100420262132306,0.007537841796875,0.052764892578125,False,
sparse_mlp,Sparse MLP,dysts:Hadley,1500,15,0.04759322483544274,0.1226021372574293,0.8763987757660914,0.022012276042784933,0.0251167352710451,0.619232177734375,1.0,False,
sparse_mlp,Sparse MLP,dysts:LorenzCoupled,1500,15,-0.0028855209274358173,0.015214845740021243,0.9431692951139379,0.3881666362285614,0.4115556329488754,0.5765380859375,1.0,False,
sparse_mlp,Sparse MLP,dysts:LuChenCheng,1500,15,-0.34145089338623485,-0.30808887275629426,0.3791388924105,0.008861668740532172,0.02337314614227837,0.00335693359375,0.0335693359375,True,
sparse_mlp,Sparse MLP,dysts:MultiChua,1500,15,-0.48386590483938235,-0.5316358231183789,0.3615768507209774,0.015385617901171902,0.04255144617387222,0.00042724609375,0.005126953125,True,
sparse_mlp,Sparse MLP,dysts:QiChen,1500,15,-0.7447738745952002,-0.7346405646013265,0.15157931113006912,0.019695875101855755,0.12993775308132166,0.00042724609375,0.005126953125,True,
sparse_mlp,Sparse MLP,dysts:Sakarya,1500,15,-0.3416400544162371,-0.31673055854261056,0.21185903501630088,0.059276910764830396,0.27979411291224615,0.005126953125,0.041015625,True,
sparse_mlp,Sparse MLP,dysts:SanUmSrisuchinwong,1500,15,-0.08898883125543865,-0.07896096388434293,0.7367606381350529,0.03509750616337566,0.04763759672641749,0.06768798828125,0.33843994140625,False,
sparse_mlp,Sparse MLP,dysts:ShimizuMorioka,1500,15,-0.26184997993286474,-0.19776907602632843,0.560042447923782,0.0077928574090557,0.013914762064814514,0.012786865234375,0.07672119140625,False,
sparse_mlp,Sparse MLP,dysts:WangSun,1500,15,-0.15424038542983443,-0.12737581437182766,0.5946443683374837,0.24229123975549424,0.40745570404188974,0.06768798828125,0.33843994140625,False,
sparse_mlp,Sparse MLP,dysts:Chua,2000,15,-0.2624123982989575,-0.27791567466243494,0.48021433810182196,0.014070956701678813,0.029301408944385342,0.0062255859375,0.0560302734375,False,
sparse_mlp,Sparse MLP,dysts:Dadras,2000,15,-0.08616023714107358,-0.12109056410087149,0.7198778669880478,0.3094718839441027,0.42989498376846313,0.244354248046875,0.9774169921875,False,
sparse_mlp,Sparse MLP,dysts:DequanLi,2000,15,-0.15090522762790465,-0.15925983802303323,0.7359078778919241,0.053391011697905374,0.0725512163979666,0.0062255859375,0.0560302734375,False,
sparse_mlp,Sparse MLP,dysts:Hadley,2000,15,0.06771532530808676,0.1617189108756969,0.9298835967716749,0.03961245901882643,0.04259937389620707,0.6806640625,0.9774169921875,False,
sparse_mlp,Sparse MLP,dysts:LorenzCoupled,2000,15,-0.08512861969676713,-0.06100568387242972,0.7708704822883742,0.8178299495152065,1.0609174541064672,0.28070068359375,0.9774169921875,False,
sparse_mlp,Sparse MLP,dysts:LuChenCheng,2000,15,-0.3703760018331806,-0.3074294948756162,0.38615409419270375,0.015791591389902958,0.04089453310838763,0.005126953125,0.05126953125,False,
sparse_mlp,Sparse MLP,dysts:MultiChua,2000,15,-0.4944754481945348,-0.5535321909289959,0.38001164376429636,0.032493234212909373,0.08550589105912614,0.000579833984375,0.006378173828125,True,
sparse_mlp,Sparse MLP,dysts:QiChen,2000,15,-0.7615187209039279,-0.7007884869593062,0.14932894001091196,0.0375918690115213,0.2517386717455728,0.00042724609375,0.005126953125,True,
sparse_mlp,Sparse MLP,dysts:Sakarya,2000,15,-0.3875846055201694,-0.44092059087264557,0.23252104069684681,0.11782931429999212,0.5067468902894429,0.0062255859375,0.0560302734375,False,
sparse_mlp,Sparse MLP,dysts:SanUmSrisuchinwong,2000,15,-0.052729769109696394,-0.055853164543923584,0.7542056403090428,0.08230743237904134,0.10913128725119996,0.244354248046875,0.9774169921875,False,
sparse_mlp,Sparse MLP,dysts:ShimizuMorioka,2000,15,-0.22599107252553008,-0.13572973413437106,0.5653662486500383,0.013455314827816785,0.023799289150961727,0.060272216796875,0.36163330078125,False,
sparse_mlp,Sparse MLP,dysts:WangSun,2000,15,-0.09032780823212809,-0.04754069783065976,0.705729747939701,0.5186140579836709,0.7348621189594269,0.165130615234375,0.825653076171875,False,
sparse_mlp,Sparse MLP,dysts:Chua,3000,15,-0.18745935168045053,-0.17949711218315012,0.5603744996452686,0.035140425765088586,0.06270882380860188,0.01507568359375,0.13568115234375,False,
sparse_mlp,Sparse MLP,dysts:Dadras,3000,15,-0.15626240054591575,-0.12822750771384622,0.685015643248255,0.5757666528224945,0.8405160648482186,0.06768798828125,0.4061279296875,False,
sparse_mlp,Sparse MLP,dysts:DequanLi,3000,15,-0.1510939373499332,-0.181630589738365,0.7367209811571205,0.1435112303921154,0.19479726254940033,0.017669677734375,0.141357421875,False,
sparse_mlp,Sparse MLP,dysts:Hadley,3000,15,0.1218834446485707,0.17990786419644533,1.0521339527547013,0.09656363406351628,0.09177884033748078,0.71929931640625,0.71929931640625,False,
sparse_mlp,Sparse MLP,dysts:LorenzCoupled,3000,15,-0.059513093939507766,-0.043557771224832786,0.8944450255621018,1.9161037376948766,2.1422263894762312,0.28070068359375,0.5614013671875,False,
sparse_mlp,Sparse MLP,dysts:LuChenCheng,3000,15,-0.32937261055411693,-0.3835826596521099,0.4968427315507071,0.041345666827900016,0.0832168092685086,0.017669677734375,0.141357421875,False,
sparse_mlp,Sparse MLP,dysts:MultiChua,3000,15,-0.4967612335151857,-0.4829865749933567,0.37205727942681016,0.0861521565488406,0.23155616436685836,0.001007080078125,0.011077880859375,True,
sparse_mlp,Sparse MLP,dysts:QiChen,3000,15,-0.7368489115249622,-0.7708121446353602,0.19941527131138492,0.14030938169785906,0.7036039956978389,0.00030517578125,0.003662109375,True,
sparse_mlp,Sparse MLP,dysts:Sakarya,3000,15,-0.2560110702497157,-0.19399675126471266,0.40369157888906354,0.370987485562052,0.9189874274390084,0.007537841796875,0.07537841796875,False,
sparse_mlp,Sparse MLP,dysts:SanUmSrisuchinwong,3000,15,-0.1490009886277604,-0.08153399385409377,0.7167125057181953,0.2915739757674081,0.4068213871547154,0.09381103515625,0.46905517578125,False,
sparse_mlp,Sparse MLP,dysts:ShimizuMorioka,3000,15,-0.16181797349839752,-0.04043270187833947,0.558215028646759,0.03672853085611543,0.06579638485397607,0.126190185546875,0.46905517578125,False,
sparse_mlp,Sparse MLP,dysts:WangSun,3000,15,-0.07977690596634059,-0.052950152799025346,0.6863747469333109,1.0194427541324071,1.4852567911148071,0.1038818359375,0.46905517578125,False,
sparse_mlp,Sparse MLP,dysts:Chua,4000,15,-0.16922869125377168,-0.20455330854681386,0.6214873931656036,0.07369372514741757,0.11857637975897105,0.053497314453125,0.32098388671875,False,
sparse_mlp,Sparse MLP,dysts:Dadras,4000,15,-0.10386068793342915,0.001399162778599701,0.7833372985022566,0.9712833762168884,1.2399299485342843,0.114654541015625,0.343963623046875,False,
sparse_mlp,Sparse MLP,dysts:DequanLi,4000,15,-0.18980383870622816,-0.2436355541911368,0.6838304090606054,0.30961553539548603,0.4527665504387447,0.0318603515625,0.2548828125,False,
sparse_mlp,Sparse MLP,dysts:Hadley,4000,15,0.17188259583348306,0.15782205199972033,1.192590122502009,0.19232058312211714,0.16126293476138795,0.737762451171875,0.737762451171875,False,
sparse_mlp,Sparse MLP,dysts:LorenzCoupled,4000,15,-0.0331465396981439,-0.02272892267497728,0.9558803322612748,2.9645984854016985,3.101432664053781,0.29974365234375,0.5994873046875,False,
sparse_mlp,Sparse MLP,dysts:LuChenCheng,4000,15,-0.285706489085723,-0.3513579752707666,0.620083831896127,0.07824942043849395,0.12619167992046898,0.01507568359375,0.13568115234375,False,
sparse_mlp,Sparse MLP,dysts:MultiChua,4000,15,-0.4270178462440589,-0.47358103815490504,0.38667293686132076,0.16633787431887215,0.4301771819591522,0.001678466796875,0.018463134765625,True,
sparse_mlp,Sparse MLP,dysts:QiChen,4000,15,-0.4818079992710433,-0.4805073967027138,0.34024490254451933,0.3751542887517384,1.1026007618222917,0.000762939453125,0.0091552734375,True,
sparse_mlp,Sparse MLP,dysts:Sakarya,4000,15,-0.13724247735807601,-0.10349747916220935,0.5529530164596231,0.7153926576886859,1.2937675288745336,0.00335693359375,0.0335693359375,True,
sparse_mlp,Sparse MLP,dysts:SanUmSrisuchinwong,4000,15,-0.11451255843102993,-0.1253335848388203,0.7456772525800256,0.5847521424293518,0.7841893264225551,0.053497314453125,0.32098388671875,False,
sparse_mlp,Sparse MLP,dysts:ShimizuMorioka,4000,15,-0.21122876558319742,-0.1117210012917893,0.5541353531756852,0.12409905982869009,0.22395080753735133,0.0318603515625,0.2548828125,False,
sparse_mlp,Sparse MLP,dysts:WangSun,4000,15,-0.08137300898918982,-0.11302482673119457,0.7575988138993767,1.5459128618240356,2.040542875017439,0.053497314453125,0.32098388671875,False,
sparse_mlp,Sparse MLP,dysts:Chua,5000,15,-0.1528435339660972,-0.21137668172225965,0.6584376592379924,0.1406670223389353,0.21363757124968938,0.126190185546875,0.5047607421875,False,
sparse_mlp,Sparse MLP,dysts:Dadras,5000,15,-0.06575072936027483,0.028953018553824456,0.8830042075363038,1.4757574456078666,1.6712915216173445,0.151397705078125,0.5047607421875,False,
sparse_mlp,Sparse MLP,dysts:DequanLi,5000,15,-0.14225912762099388,-0.1324288063176846,0.719522804281449,0.5997320371014732,0.8335135919707162,0.060272216796875,0.301361083984375,False,
sparse_mlp,Sparse MLP,dysts:Hadley,5000,15,0.20807847520863726,0.1513542460381767,1.3351431982495412,0.34055130183696747,0.25506724842957085,0.834869384765625,0.890380859375,False,
sparse_mlp,Sparse MLP,dysts:LorenzCoupled,5000,15,-0.014153362763553778,0.00350760238597847,0.9740255391305851,3.7745210102626254,3.875176634107317,0.4451904296875,0.890380859375,False,
sparse_mlp,Sparse MLP,dysts:LuChenCheng,5000,15,-0.25769841282867095,-0.31743476684745314,0.6257121117705723,0.12554061199937547,0.20063637835638862,0.010772705078125,0.086181640625,False,
sparse_mlp,Sparse MLP,dysts:MultiChua,5000,15,-0.37581313335668565,-0.42048920152795893,0.42349175530228617,0.2770594869341169,0.6542264010225024,0.0062255859375,0.062255859375,False,
sparse_mlp,Sparse MLP,dysts:QiChen,5000,15,-0.34435565441857435,-0.29320691157146117,0.38794543541948656,0.5725963115692139,1.475971255983625,0.001312255859375,0.0157470703125,True,
sparse_mlp,Sparse MLP,dysts:Sakarya,5000,15,-0.09817382197021927,-0.06316457632235983,0.6951923721796155,1.1797254085540771,1.6969769171306066,0.023956298828125,0.1444091796875,False,
sparse_mlp,Sparse MLP,dysts:SanUmSrisuchinwong,5000,15,-0.13428264735993795,-0.12578559150815938,0.6991755617989258,0.84830413545881,1.2132920282227653,0.004180908203125,0.045989990234375,True,
sparse_mlp,Sparse MLP,dysts:ShimizuMorioka,5000,15,-0.26170009531707544,-0.22357787450231206,0.6192221949825357,0.318801292351314,0.514841513974326,0.009033203125,0.081298828125,False,
sparse_mlp,Sparse MLP,dysts:WangSun,5000,15,-0.09685464907924432,-0.09759561329495647,0.7645993472080718,2.047178404671805,2.677452462060111,0.0206298828125,0.1444091796875,False,
sparse_mlp_bd,Sparse MLP-BD,dysts:Chua,100,15,-0.16773501020074674,-0.2030903729489224,0.7824416526579132,8.894473700950075e-05,0.00011367587181403259,0.08441162109375,0.337646484375,False,
sparse_mlp_bd,Sparse MLP-BD,dysts:Dadras,100,15,-0.32302218627568935,-0.24528528858780474,0.4241849685665162,0.0003083598296922714,0.0007269466212683999,0.0318603515625,0.193756103515625,False,
sparse_mlp_bd,Sparse MLP-BD,dysts:DequanLi,100,15,-0.2799555351636295,-0.16778447018205211,0.5800532956883714,0.0002362232085682857,0.0004072439727938285,0.0364990234375,0.193756103515625,False,
sparse_mlp_bd,Sparse MLP-BD,dysts:Hadley,100,15,-0.14442419110219135,0.01361490741505067,0.47962881479838787,0.00015392814280592858,0.0003209318082163857,0.1795654296875,0.359130859375,False,
sparse_mlp_bd,Sparse MLP-BD,dysts:LorenzCoupled,100,15,0.4735194912771465,0.5557039257910024,4.558127274297038,0.003705959417857171,0.0008130443041278856,0.9583740234375,0.9583740234375,False,
sparse_mlp_bd,Sparse MLP-BD,dysts:LuChenCheng,100,15,-0.11852457242776408,-0.16650634088902727,0.7449905084152543,0.00010336060430351256,0.00013874083379046198,0.114654541015625,0.343963623046875,False,
sparse_mlp_bd,Sparse MLP-BD,dysts:MultiChua,100,15,-0.3906192491619847,-0.38214021757186734,0.4289308320107727,9.369717528377506e-05,0.00021844355381154284,0.00030517578125,0.00335693359375,True,
sparse_mlp_bd,Sparse MLP-BD,dysts:QiChen,100,15,-0.8261128027747351,-0.7982917577195989,0.14825426724341187,0.0001324129916610714,0.0008931479283740858,3.0517578125e-05,0.0003662109375,True,
sparse_mlp_bd,Sparse MLP-BD,dysts:Sakarya,100,15,-0.38927606600772663,-0.27002598429428826,0.0775471685292488,0.0005357046362145286,0.006908113427925799,0.009033203125,0.081298828125,False,
sparse_mlp_bd,Sparse MLP-BD,dysts:SanUmSrisuchinwong,100,15,-0.3531128784530132,-0.25170810691178325,0.36854323108579584,0.00020628849285584286,0.0005597402840586142,0.027679443359375,0.193756103515625,False,
sparse_mlp_bd,Sparse MLP-BD,dysts:ShimizuMorioka,100,15,-0.26744166526972885,-0.2823130467761312,0.5846862520728657,8.070366831296789e-05,0.0001380290164628504,0.001312255859375,0.01312255859375,True,
sparse_mlp_bd,Sparse MLP-BD,dysts:WangSun,100,15,-0.17231396140724264,-0.1183921302604487,0.5765751215882446,0.0004791659718777857,0.0008310555796404571,0.010772705078125,0.086181640625,False,
sparse_mlp_bd,Sparse MLP-BD,dysts:Chua,500,15,-0.23772639635256615,-0.22464059524161684,0.6417837970452086,0.0011966469464823,0.0018645639730882856,0.017669677734375,0.123687744140625,False,
sparse_mlp_bd,Sparse MLP-BD,dysts:Dadras,500,15,-0.1929320849667969,-0.1769556433556536,0.5659280519974598,0.006311320234090043,0.011152160087866386,0.114654541015625,0.343963623046875,False,
sparse_mlp_bd,Sparse MLP-BD,dysts:DequanLi,500,15,-0.19990103060645886,-0.18947278420002478,0.7394631527571932,0.0038015757620866565,0.0051409941765346145,0.017669677734375,0.123687744140625,False,
sparse_mlp_bd,Sparse MLP-BD,dysts:Hadley,500,15,-0.0028266101154874918,0.09712498553195736,0.7053985712666725,0.0025525569217279,0.0036186023415730995,0.4451904296875,0.890380859375,False,
sparse_mlp_bd,Sparse MLP-BD,dysts:LorenzCoupled,500,15,0.20760741259206736,0.22619557128466106,1.7687178263143788,0.029334406102342215,0.016585124922650157,0.861572265625,0.890380859375,False,
sparse_mlp_bd,Sparse MLP-BD,dysts:LuChenCheng,500,15,-0.19854474084497728,-0.23989220306788273,0.5720617519204482,0.0014472212975046143,0.002529834047891157,0.0364990234375,0.1593017578125,False,
sparse_mlp_bd,Sparse MLP-BD,dysts:MultiChua,500,15,-0.4277019392002166,-0.45262418157748474,0.3531210475705069,0.0015093517888868997,0.004274318393851986,0.000152587890625,0.001678466796875,True,
sparse_mlp_bd,Sparse MLP-BD,dysts:QiChen,500,15,-0.7249810075887666,-0.7036985718913393,0.16852939482886195,0.001975213909255557,0.011720293134983042,3.0517578125e-05,0.0003662109375,True,
sparse_mlp_bd,Sparse MLP-BD,dysts:Sakarya,500,15,-0.36230133642517426,-0.3409520927584142,0.1913367232047912,0.0108862863188343,0.05689595879188601,0.010772705078125,0.096954345703125,False,
sparse_mlp_bd,Sparse MLP-BD,dysts:SanUmSrisuchinwong,500,15,-0.2794699143325781,-0.2531902718464085,0.5131447404643028,0.003352680542905357,0.006533596232267314,0.01507568359375,0.12060546875,False,
sparse_mlp_bd,Sparse MLP-BD,dysts:ShimizuMorioka,500,15,-0.3789899455137503,-0.37799801222439644,0.41850779338083116,0.0009976752335205143,0.0023838868697306573,0.001312255859375,0.01312255859375,True,
sparse_mlp_bd,Sparse MLP-BD,dysts:WangSun,500,15,-0.14868747705369326,-0.11787428151765322,0.46908426846012463,0.008454138745686787,0.018022643934403112,0.0318603515625,0.1593017578125,False,
sparse_mlp_bd,Sparse MLP-BD,dysts:Chua,1000,15,-0.24474009783603812,-0.24713574297568064,0.6214844595801274,0.004351111960464242,0.0070011597126722,0.009033203125,0.063232421875,False,
sparse_mlp_bd,Sparse MLP-BD,dysts:Dadras,1000,15,-0.14001447635094352,-0.14116921237688174,0.5012238574354202,0.04771493934094902,0.09519686390246661,0.210601806640625,0.631805419921875,False,
sparse_mlp_bd,Sparse MLP-BD,dysts:DequanLi,1000,15,-0.18843180088574357,-0.15894359065306074,0.7695021564781118,0.0135847934122596,0.017654003043259845,0.01507568359375,0.07537841796875,False,
sparse_mlp_bd,Sparse MLP-BD,dysts:Hadley,1000,15,0.0360514795546712,0.11972898894032857,0.7847667203065214,0.009491115741963844,0.012094187350677557,0.488983154296875,0.97796630859375,False,
sparse_mlp_bd,Sparse MLP-BD,dysts:LorenzCoupled,1000,15,0.13662826014037419,0.09822313818732942,1.2446543983589733,0.12247112659471371,0.09839769718902448,0.737762451171875,0.97796630859375,False,
sparse_mlp_bd,Sparse MLP-BD,dysts:LuChenCheng,1000,15,-0.27800265656641826,-0.24697391580517492,0.4514349551832434,0.004572390478902586,0.010128569855753843,0.005126953125,0.05126953125,False,
sparse_mlp_bd,Sparse MLP-BD,dysts:MultiChua,1000,15,-0.4672081233257666,-0.45554723321094803,0.3415739084668513,0.005921540781855542,0.017336045391857586,0.00030517578125,0.00335693359375,True,
sparse_mlp_bd,Sparse MLP-BD,dysts:QiChen,1000,15,-0.7332568757886985,-0.7122200297326209,0.1490184467792027,0.0072583687890852705,0.048707854268806285,6.103515625e-05,0.000732421875,True,
sparse_mlp_bd,Sparse MLP-BD,dysts:Sakarya,1000,15,-0.4069874089250759,-0.3502377834255024,0.1683702302639923,0.024705436080694174,0.14673280449850215,0.0062255859375,0.05126953125,False,
sparse_mlp_bd,Sparse MLP-BD,dysts:SanUmSrisuchinwong,1000,15,-0.21890446857190865,-0.18614526339759196,0.5847625537265189,0.011438972981912685,0.01956173990453987,0.009033203125,0.063232421875,False,
sparse_mlp_bd,Sparse MLP-BD,dysts:ShimizuMorioka,1000,15,-0.31680873660547554,-0.3122174309389574,0.467104194596302,0.003521484056753729,0.0075389690298054285,0.005126953125,0.05126953125,False,
sparse_mlp_bd,Sparse MLP-BD,dysts:WangSun,1000,15,-0.11331387812410251,-0.1074981071411727,0.47728376982726817,0.04292104180370054,0.08992772123643324,0.0364990234375,0.14599609375,False,
sparse_mlp_bd,Sparse MLP-BD,dysts:Chua,1500,15,-0.2795076274098641,-0.2685291925284319,0.6041368695385168,0.009697884720350955,0.01605246295886377,0.0062255859375,0.0435791015625,True,
sparse_mlp_bd,Sparse MLP-BD,dysts:Dadras,1500,15,-0.030890578868284533,-0.13766754026842365,0.8691440323265202,0.1898326937641416,0.2184133891548429,0.4234619140625,1.0,False,
sparse_mlp_bd,Sparse MLP-BD,dysts:DequanLi,1500,15,-0.1781671732076687,-0.2225976421824385,0.7577832618639693,0.029629644006490655,0.039100420262132306,0.007537841796875,0.04522705078125,True,
sparse_mlp_bd,Sparse MLP-BD,dysts:Hadley,1500,15,0.09276338135079243,0.14069720053517898,0.8676950060721816,0.021793665763522856,0.0251167352710451,0.5548095703125,1.0,False,
sparse_mlp_bd,Sparse MLP-BD,dysts:LorenzCoupled,1500,15,-0.012875546635146368,-0.03915519274607382,0.8763875221711125,0.3606822213956288,0.4115556329488754,0.4234619140625,1.0,False,
sparse_mlp_bd,Sparse MLP-BD,dysts:LuChenCheng,1500,15,-0.34145089338623485,-0.30808887275629426,0.3791388924105,0.008861668740532172,0.02337314614227837,0.00335693359375,0.03021240234375,True,
sparse_mlp_bd,Sparse MLP-BD,dysts:MultiChua,1500,15,-0.48386590483938235,-0.5316358231183789,0.3615768507209774,0.015385617901171902,0.04255144617387222,0.00042724609375,0.00469970703125,True,
sparse_mlp_bd,Sparse MLP-BD,dysts:QiChen,1500,15,-0.7413848775946307,-0.7346405646013265,0.15122710767109798,0.019650110575769573,0.12993775308132166,6.103515625e-05,0.000732421875,True,
sparse_mlp_bd,Sparse MLP-BD,dysts:Sakarya,1500,15,-0.3416400544162371,-0.31673055854261056,0.21185903501630088,0.059276910764830396,0.27979411291224615,0.005126953125,0.041015625,True,
sparse_mlp_bd,Sparse MLP-BD,dysts:SanUmSrisuchinwong,1500,15,-0.17605383437648436,-0.15331412663075095,0.5591372749581229,0.026635956019163076,0.04763759672641749,0.002685546875,0.02685546875,True,
sparse_mlp_bd,Sparse MLP-BD,dysts:ShimizuMorioka,1500,15,-0.26184997993286474,-0.19776907602632843,0.560042447923782,0.0077928574090557,0.013914762064814514,0.012786865234375,0.063934326171875,False,
sparse_mlp_bd,Sparse MLP-BD,dysts:WangSun,1500,15,-0.15424038542983443,-0.12737581437182766,0.5946443683374837,0.24229123975549424,0.40745570404188974,0.06768798828125,0.270751953125,False,
sparse_mlp_bd,Sparse MLP-BD,dysts:Chua,2000,15,-0.2880747441829885,-0.2998860340652769,0.5983084035883507,0.017531279208404613,0.029301408944385342,0.012786865234375,0.07672119140625,False,
sparse_mlp_bd,Sparse MLP-BD,dysts:Dadras,2000,15,-0.08616023714107358,-0.12109056410087149,0.7198778669880478,0.3094718839441027,0.42989498376846313,0.244354248046875,0.733062744140625,False,
sparse_mlp_bd,Sparse MLP-BD,dysts:DequanLi,2000,15,-0.15090522762790465,-0.15925983802303323,0.7359078778919241,0.053391011697905374,0.0725512163979666,0.0062255859375,0.0498046875,True,
sparse_mlp_bd,Sparse MLP-BD,dysts:Hadley,2000,15,0.14263749137221518,0.1684967528616217,0.9614426100132215,0.04095685322369842,0.04259937389620707,0.5980224609375,0.733062744140625,False,
sparse_mlp_bd,Sparse MLP-BD,dysts:LorenzCoupled,2000,15,-0.11174458031949228,-0.15958344550564124,0.69575146577877,0.7381348737648555,1.0609174541064672,0.244354248046875,0.733062744140625,False,
sparse_mlp_bd,Sparse MLP-BD,dysts:LuChenCheng,2000,15,-0.3703760018331806,-0.3074294948756162,0.38615409419270375,0.015791591389902958,0.04089453310838763,0.005126953125,0.046142578125,True,
sparse_mlp_bd,Sparse MLP-BD,dysts:MultiChua,2000,15,-0.4944754481945348,-0.5535321909289959,0.38001164376429636,0.032493234212909373,0.08550589105912614,0.000579833984375,0.006378173828125,True,
sparse_mlp_bd,Sparse MLP-BD,dysts:QiChen,2000,15,-0.7167104177366117,-0.7007884869593062,0.21414363906274367,0.05390823526041845,0.2517386717455728,0.000152587890625,0.0018310546875,True,
sparse_mlp_bd,Sparse MLP-BD,dysts:Sakarya,2000,15,-0.3875846055201694,-0.44092059087264557,0.23252104069684681,0.11782931429999212,0.5067468902894429,0.0062255859375,0.0498046875,True,
sparse_mlp_bd,Sparse MLP-BD,dysts:SanUmSrisuchinwong,2000,15,-0.18413882967158895,-0.10054282554523164,0.47028121335698303,0.05132239418370377,0.10913128725119996,0.001007080078125,0.01007080078125,True,
sparse_mlp_bd,Sparse MLP-BD,dysts:ShimizuMorioka,2000,15,-0.22599107252553008,-0.13572973413437106,0.5653662486500383,0.013455314827816785,0.023799289150961727,0.060272216796875,0.301361083984375,False,
sparse_mlp_bd,Sparse MLP-BD,dysts:WangSun,2000,15,-0.09032780823212809,-0.04754069783065976,0.705729747939701,0.5186140579836709,0.7348621189594269,0.165130615234375,0.6605224609375,False,
sparse_mlp_bd,Sparse MLP-BD,dysts:Chua,3000,15,-0.20519986399539042,-0.1789016835311532,0.7050017150557828,0.04420982833419523,0.06270882380860188,0.060272216796875,0.36163330078125,False,
sparse_mlp_bd,Sparse MLP-BD,dysts:Dadras,3000,15,-0.15626240054591575,-0.12822750771384622,0.685015643248255,0.5757666528224945,0.8405160648482186,0.06768798828125,0.36163330078125,False,
sparse_mlp_bd,Sparse MLP-BD,dysts:DequanLi,3000,15,-0.1510939373499332,-0.181630589738365,0.7367209811571205,0.1435112303921154,0.19479726254940033,0.017669677734375,0.141357421875,False,
sparse_mlp_bd,Sparse MLP-BD,dysts:Hadley,3000,15,0.19255865130082903,0.24176670964175184,1.133140064520714,0.10399828106164928,0.09177884033748078,0.6806640625,0.6806640625,False,
sparse_mlp_bd,Sparse MLP-BD,dysts:LorenzCoupled,3000,15,-0.0640629384580216,-0.04347449450063248,0.7453219114379552,1.5966482673372542,2.1422263894762312,0.244354248046875,0.48870849609375,False,
sparse_mlp_bd,Sparse MLP-BD,dysts:LuChenCheng,3000,15,-0.32937261055411693,-0.3835826596521099,0.4968427315507071,0.041345666827900016,0.0832168092685086,0.017669677734375,0.141357421875,False,
sparse_mlp_bd,Sparse MLP-BD,dysts:MultiChua,3000,15,-0.4967612335151857,-0.4829865749933567,0.37205727942681016,0.0861521565488406,0.23155616436685836,0.001007080078125,0.0120849609375,True,
sparse_mlp_bd,Sparse MLP-BD,dysts:QiChen,3000,15,-0.6224831724043983,-0.5579576804925831,0.3081179184526029,0.21679299856935227,0.7036039956978389,0.001007080078125,0.0120849609375,True,
sparse_mlp_bd,Sparse MLP-BD,dysts:Sakarya,3000,15,-0.2560110702497157,-0.19399675126471266,0.40369157888906354,0.370987485562052,0.9189874274390084,0.007537841796875,0.07537841796875,False,
sparse_mlp_bd,Sparse MLP-BD,dysts:SanUmSrisuchinwong,3000,15,-0.25283314694107956,-0.16074540241007065,0.4583207715829638,0.1864546920572008,0.4068213871547154,0.007537841796875,0.07537841796875,False,
sparse_mlp_bd,Sparse MLP-BD,dysts:ShimizuMorioka,3000,15,-0.16181797349839752,-0.04043270187833947,0.558215028646759,0.03672853085611543,0.06579638485397607,0.126190185546875,0.41552734375,False,
sparse_mlp_bd,Sparse MLP-BD,dysts:WangSun,3000,15,-0.07977690596634059,-0.052950152799025346,0.6863747469333109,1.0194427541324071,1.4852567911148071,0.1038818359375,0.41552734375,False,
sparse_mlp_bd,Sparse MLP-BD,dysts:Chua,4000,15,-0.13057482980276555,-0.09745606567823206,0.8262569416988402,0.09797455689736768,0.11857637975897105,0.1795654296875,0.5386962890625,False,
sparse_mlp_bd,Sparse MLP-BD,dysts:Dadras,4000,15,-0.10386068793342915,0.001399162778599701,0.7833372985022566,0.9712833762168884,1.2399299485342843,0.114654541015625,0.4586181640625,False,
sparse_mlp_bd,Sparse MLP-BD,dysts:DequanLi,4000,15,-0.18980383870622816,-0.2436355541911368,0.6838304090606054,0.30961553539548603,0.4527665504387447,0.0318603515625,0.2230224609375,False,
sparse_mlp_bd,Sparse MLP-BD,dysts:Hadley,4000,15,0.22274876831070184,0.26752513417000634,1.2726679584722667,0.20523416996002192,0.16126293476138795,0.737762451171875,0.737762451171875,False,
sparse_mlp_bd,Sparse MLP-BD,dysts:LorenzCoupled,4000,15,-0.0376295460557982,-0.01038193293371259,0.8246830113314019,2.557698828833444,3.101432664053781,0.244354248046875,0.5386962890625,False,
sparse_mlp_bd,Sparse MLP-BD,dysts:LuChenCheng,4000,15,-0.285706489085723,-0.3513579752707666,0.620083831896127,0.07824942043849395,0.12619167992046898,0.01507568359375,0.12060546875,False,
sparse_mlp_bd,Sparse MLP-BD,dysts:MultiChua,4000,15,-0.4270178462440589,-0.47358103815490504,0.38667293686132076,0.16633787431887215,0.4301771819591522,0.001678466796875,0.018463134765625,True,
sparse_mlp_bd,Sparse MLP-BD,dysts:QiChen,4000,15,-0.44701354752156763,-0.41514338759450586,0.3671477970059124,0.4048174406800951,1.1026007618222917,0.000152587890625,0.0018310546875,True,
sparse_mlp_bd,Sparse MLP-BD,dysts:Sakarya,4000,15,-0.13724247735807601,-0.10349747916220935,0.5529530164596231,0.7153926576886859,1.2937675288745336,0.00335693359375,0.0335693359375,True,
sparse_mlp_bd,Sparse MLP-BD,dysts:SanUmSrisuchinwong,4000,15,-0.1778506435159918,-0.2073695091654039,0.6147438472519359,0.48207556349890573,0.7841893264225551,0.009033203125,0.081298828125,False,
sparse_mlp_bd,Sparse MLP-BD,dysts:ShimizuMorioka,4000,15,-0.21122876558319742,-0.1117210012917893,0.5541353531756852,0.12409905982869009,0.22395080753735133,0.0318603515625,0.2230224609375,False,
sparse_mlp_bd,Sparse MLP-BD,dysts:WangSun,4000,15,-0.08137300898918982,-0.11302482673119457,0.7575988138993767,1.5459128618240356,2.040542875017439,0.053497314453125,0.267486572265625,False,
sparse_mlp_bd,Sparse MLP-BD,dysts:Chua,5000,15,-0.08947056704462716,-0.07557580368636352,0.871220948854691,0.18612552753516604,0.21363757124968938,0.262237548828125,0.786712646484375,False,
sparse_mlp_bd,Sparse MLP-BD,dysts:Dadras,5000,15,-0.06575072936027483,0.028953018553824456,0.8830042075363038,1.4757574456078666,1.6712915216173445,0.151397705078125,0.6055908203125,False,
sparse_mlp_bd,Sparse MLP-BD,dysts:DequanLi,5000,15,-0.14225912762099388,-0.1324288063176846,0.719522804281449,0.5997320371014732,0.8335135919707162,0.060272216796875,0.301361083984375,False,
sparse_mlp_bd,Sparse MLP-BD,dysts:Hadley,5000,15,0.25546473159200583,0.32076292962241937,1.3839776533834292,0.3530073719365256,0.25506724842957085,0.8204345703125,0.8204345703125,False,
sparse_mlp_bd,Sparse MLP-BD,dysts:LorenzCoupled,5000,15,-0.021156336408000416,0.02984951875787012,0.8738354651216241,3.3862667764936174,3.875176634107317,0.262237548828125,0.786712646484375,False,
sparse_mlp_bd,Sparse MLP-BD,dysts:LuChenCheng,5000,15,-0.25769841282867095,-0.31743476684745314,0.6257121117705723,0.12554061199937547,0.20063637835638862,0.010772705078125,0.086181640625,False,
sparse_mlp_bd,Sparse MLP-BD,dysts:MultiChua,5000,15,-0.37581313335668565,-0.42048920152795893,0.42349175530228617,0.2770594869341169,0.6542264010225024,0.0062255859375,0.062255859375,False,
sparse_mlp_bd,Sparse MLP-BD,dysts:QiChen,5000,15,-0.37386736695110073,-0.41675107846165,0.37502298965690434,0.5535231530666351,1.475971255983625,6.103515625e-05,0.000732421875,True,
sparse_mlp_bd,Sparse MLP-BD,dysts:Sakarya,5000,15,-0.09817382197021927,-0.06316457632235983,0.6951923721796155,1.1797254085540771,1.6969769171306066,0.023956298828125,0.1444091796875,False,
sparse_mlp_bd,Sparse MLP-BD,dysts:SanUmSrisuchinwong,5000,15,-0.1675462919329463,-0.13369497707460726,0.6309057900119431,0.7654729655810765,1.2132920282227653,0.001678466796875,0.018463134765625,True,
sparse_mlp_bd,Sparse MLP-BD,dysts:ShimizuMorioka,5000,15,-0.26170009531707544,-0.22357787450231206,0.6192221949825357,0.318801292351314,0.514841513974326,0.009033203125,0.081298828125,False,
sparse_mlp_bd,Sparse MLP-BD,dysts:WangSun,5000,15,-0.09685464907924432,-0.09759561329495647,0.7645993472080718,2.047178404671805,2.677452462060111,0.0206298828125,0.1444091796875,False,
