root_label,label,metric,system,p_raw,p_holm,median_diff
lista_blockdiag_signsplit_hardinit_basin_partition,SLK-BD,HSgivenB,claude_arrested_spiral,0.849609375,1.0,0.1251670830539743
lista_blockdiag_signsplit_hardinit_basin_partition,SLK-BD,HSgivenB,claude_cal_asymmetric_3,0.8203125,1.0,0.040544608459924594
lista_blockdiag_signsplit_hardinit_basin_partition,SLK-BD,HSgivenB,claude_cal_hexagon_6,0.875,1.0,0.07266251055892625
lista_blockdiag_signsplit_hardinit_basin_partition,SLK-BD,HSgivenB,claude_cal_high_cross_3,0.990234375,1.0,0.04887166476144245
lista_blockdiag_signsplit_hardinit_basin_partition,SLK-BD,HSgivenB,claude_cal_octagon_8,0.1875,1.0,-0.015275959563104898
lista_blockdiag_signsplit_hardinit_basin_partition,SLK-BD,HSgivenB,claude_cal_pentagon_5,0.986328125,1.0,0.0727938357757405
lista_blockdiag_signsplit_hardinit_basin_partition,SLK-BD,HSgivenB,claude_cal_square_4,0.75,1.0,0.0
lista_blockdiag_signsplit_hardinit_basin_partition,SLK-BD,HSgivenB,claude_checkerboard_potential,1.0,1.0,0.15234698970021843
lista_blockdiag_signsplit_hardinit_basin_partition,SLK-BD,HSgivenB,claude_duffing_triple_well,1.0,1.0,1.0989098675331044
lista_blockdiag_signsplit_hardinit_basin_partition,SLK-BD,HSgivenB,claude_snic_multi,1.0,1.0,0.6738217253363026
lista_blockdiag_signsplit_hardinit_basin_partition,SLK-BD,HSgivenB,claude_transition_routes_4,0.2158203125,1.0,-0.005574977711278699
lista_blockdiag_signsplit_hardinit_basin_partition,SLK-BD,HSgivenB,claude_var_depth_gradient_4,0.990234375,1.0,0.056003152610692844
lista_blockdiag_signsplit_hardinit_basin_partition,SLK-BD,HSgivenB,claude_var_diamond_4,0.5,1.0,0.0
lista_blockdiag_signsplit_hardinit_basin_partition,SLK-BD,HSgivenB,claude_var_l_shape_5,0.9677734375,1.0,0.19387495605689273
lista_blockdiag_signsplit_hardinit_basin_partition,SLK-BD,HSgivenB,gated_local_linear,1.0,1.0,1.0541955441081254
lista_blockdiag_signsplit_hardinit_basin_partition,SLK-BD,HSgivenB,gated_transfer_linear,1.0,1.0,1.6044728645443669
lista_blockdiag_signsplit_hardinit_basin_partition,SLK-BD,HSgivenB,multiwell_strong_transition,1.0,1.0,0.6942146913804057
lista_dense_softblock_signsplit_p64_hardinit_basin_partition,SLK-SB,HSgivenB,claude_arrested_spiral,0.1796875,0.8984375,-0.08866749740359711
lista_dense_softblock_signsplit_p64_hardinit_basin_partition,SLK-SB,HSgivenB,claude_cal_asymmetric_3,0.109375,0.765625,-0.0295757545269755
lista_dense_softblock_signsplit_p64_hardinit_basin_partition,SLK-SB,HSgivenB,claude_cal_hexagon_6,0.005859375,0.064453125,-0.17633077341744247
lista_dense_softblock_signsplit_p64_hardinit_basin_partition,SLK-SB,HSgivenB,claude_cal_high_cross_3,0.0009765625,0.0166015625,-0.008779848856166249
lista_dense_softblock_signsplit_p64_hardinit_basin_partition,SLK-SB,HSgivenB,claude_cal_octagon_8,0.0009765625,0.0166015625,-0.04118768445087435
lista_dense_softblock_signsplit_p64_hardinit_basin_partition,SLK-SB,HSgivenB,claude_cal_pentagon_5,0.24609375,0.984375,-0.06115708453275995
lista_dense_softblock_signsplit_p64_hardinit_basin_partition,SLK-SB,HSgivenB,claude_cal_square_4,0.75,1.0,0.0
lista_dense_softblock_signsplit_p64_hardinit_basin_partition,SLK-SB,HSgivenB,claude_checkerboard_potential,0.0009765625,0.0166015625,-0.2053057892514195
lista_dense_softblock_signsplit_p64_hardinit_basin_partition,SLK-SB,HSgivenB,claude_duffing_triple_well,0.0009765625,0.0166015625,-1.994337120656648
lista_dense_softblock_signsplit_p64_hardinit_basin_partition,SLK-SB,HSgivenB,claude_snic_multi,0.2783203125,0.984375,-0.0713975891185763
lista_dense_softblock_signsplit_p64_hardinit_basin_partition,SLK-SB,HSgivenB,claude_transition_routes_4,0.1162109375,0.765625,-0.020774004125472
lista_dense_softblock_signsplit_p64_hardinit_basin_partition,SLK-SB,HSgivenB,claude_var_depth_gradient_4,0.080078125,0.640625,-0.029185133971699247
lista_dense_softblock_signsplit_p64_hardinit_basin_partition,SLK-SB,HSgivenB,claude_var_diamond_4,0.5,1.0,0.0
lista_dense_softblock_signsplit_p64_hardinit_basin_partition,SLK-SB,HSgivenB,claude_var_l_shape_5,0.052734375,0.474609375,-0.28011298579605837
lista_dense_softblock_signsplit_p64_hardinit_basin_partition,SLK-SB,HSgivenB,gated_local_linear,0.0009765625,0.0166015625,-0.5890644272263915
lista_dense_softblock_signsplit_p64_hardinit_basin_partition,SLK-SB,HSgivenB,gated_transfer_linear,0.0322265625,0.322265625,-0.09814170264322475
lista_dense_softblock_signsplit_p64_hardinit_basin_partition,SLK-SB,HSgivenB,multiwell_strong_transition,0.0009765625,0.0166015625,-0.18319499303603148
mlp_sparse_blockdiag_hardinit_basin_partition_control,"Sparse MLP, BD",HSgivenB,claude_arrested_spiral,0.787109375,1.0,0.018591657420779895
mlp_sparse_blockdiag_hardinit_basin_partition_control,"Sparse MLP, BD",HSgivenB,claude_cal_asymmetric_3,0.248046875,1.0,-0.0109030450294056
mlp_sparse_blockdiag_hardinit_basin_partition_control,"Sparse MLP, BD",HSgivenB,claude_cal_hexagon_6,0.005859375,0.099609375,-0.23525547552277568
mlp_sparse_blockdiag_hardinit_basin_partition_control,"Sparse MLP, BD",HSgivenB,claude_cal_high_cross_3,0.615234375,1.0,0.0002926756753452997
mlp_sparse_blockdiag_hardinit_basin_partition_control,"Sparse MLP, BD",HSgivenB,claude_cal_octagon_8,0.1162109375,1.0,-0.024953902788647248
mlp_sparse_blockdiag_hardinit_basin_partition_control,"Sparse MLP, BD",HSgivenB,claude_cal_pentagon_5,0.34765625,1.0,-0.0023448921191261962
mlp_sparse_blockdiag_hardinit_basin_partition_control,"Sparse MLP, BD",HSgivenB,claude_cal_square_4,0.5,1.0,0.0
mlp_sparse_blockdiag_hardinit_basin_partition_control,"Sparse MLP, BD",HSgivenB,claude_checkerboard_potential,0.2158203125,1.0,-0.017449362624649356
mlp_sparse_blockdiag_hardinit_basin_partition_control,"Sparse MLP, BD",HSgivenB,claude_duffing_triple_well,0.998046875,1.0,0.7065454215886313
mlp_sparse_blockdiag_hardinit_basin_partition_control,"Sparse MLP, BD",HSgivenB,claude_snic_multi,0.751953125,1.0,0.12621369586833375
mlp_sparse_blockdiag_hardinit_basin_partition_control,"Sparse MLP, BD",HSgivenB,claude_transition_routes_4,0.5771484375,1.0,-0.005971295893843749
mlp_sparse_blockdiag_hardinit_basin_partition_control,"Sparse MLP, BD",HSgivenB,claude_var_depth_gradient_4,0.58984375,1.0,0.000767332770753304
mlp_sparse_blockdiag_hardinit_basin_partition_control,"Sparse MLP, BD",HSgivenB,claude_var_diamond_4,0.5,1.0,0.0
mlp_sparse_blockdiag_hardinit_basin_partition_control,"Sparse MLP, BD",HSgivenB,claude_var_l_shape_5,0.5,1.0,-0.018096352461441312
mlp_sparse_blockdiag_hardinit_basin_partition_control,"Sparse MLP, BD",HSgivenB,gated_local_linear,0.5,1.0,0.11648217290615603
mlp_sparse_blockdiag_hardinit_basin_partition_control,"Sparse MLP, BD",HSgivenB,gated_transfer_linear,0.9970703125,1.0,0.4377813508368684
mlp_sparse_blockdiag_hardinit_basin_partition_control,"Sparse MLP, BD",HSgivenB,multiwell_strong_transition,0.9755859375,1.0,0.1604535851555049
mlp_sparse_hardinit_basin_partition_control,Sparse MLP,HSgivenB,claude_arrested_spiral,0.849609375,1.0,0.10342267206856129
mlp_sparse_hardinit_basin_partition_control,Sparse MLP,HSgivenB,claude_cal_asymmetric_3,0.212890625,1.0,-0.0109030450294056
mlp_sparse_hardinit_basin_partition_control,Sparse MLP,HSgivenB,claude_cal_hexagon_6,0.005859375,0.099609375,-0.1677355301175498
mlp_sparse_hardinit_basin_partition_control,Sparse MLP,HSgivenB,claude_cal_high_cross_3,0.919921875,1.0,0.0026229257074184007
mlp_sparse_hardinit_basin_partition_control,Sparse MLP,HSgivenB,claude_cal_octagon_8,0.1162109375,1.0,-0.024953902788647248
mlp_sparse_hardinit_basin_partition_control,Sparse MLP,HSgivenB,claude_cal_pentagon_5,0.4609375,1.0,0.010726012392239453
mlp_sparse_hardinit_basin_partition_control,Sparse MLP,HSgivenB,claude_cal_square_4,1.0,1.0,0.0
mlp_sparse_hardinit_basin_partition_control,Sparse MLP,HSgivenB,claude_checkerboard_potential,0.0966796875,1.0,-0.01656229126438269
mlp_sparse_hardinit_basin_partition_control,Sparse MLP,HSgivenB,claude_duffing_triple_well,0.998046875,1.0,0.712346191907447
mlp_sparse_hardinit_basin_partition_control,Sparse MLP,HSgivenB,claude_snic_multi,0.8837890625,1.0,0.2423816637567775
mlp_sparse_hardinit_basin_partition_control,Sparse MLP,HSgivenB,claude_transition_routes_4,0.0322265625,0.515625,-0.0292595452344869
mlp_sparse_hardinit_basin_partition_control,Sparse MLP,HSgivenB,claude_var_depth_gradient_4,0.47265625,1.0,0.002412224268523451
mlp_sparse_hardinit_basin_partition_control,Sparse MLP,HSgivenB,claude_var_diamond_4,0.5,1.0,0.0
mlp_sparse_hardinit_basin_partition_control,Sparse MLP,HSgivenB,claude_var_l_shape_5,0.5,1.0,-0.07098712521096234
mlp_sparse_hardinit_basin_partition_control,Sparse MLP,HSgivenB,gated_local_linear,0.5390625,1.0,0.199627867214083
mlp_sparse_hardinit_basin_partition_control,Sparse MLP,HSgivenB,gated_transfer_linear,0.9990234375,1.0,0.471250754892629
mlp_sparse_hardinit_basin_partition_control,Sparse MLP,HSgivenB,multiwell_strong_transition,0.9814453125,1.0,0.1554117323244646
lista_blockdiag_signsplit_hardinit_basin_partition,SLK-BD,U_exact,claude_arrested_spiral,0.80859375,1.0,-0.01744186046511642
lista_blockdiag_signsplit_hardinit_basin_partition,SLK-BD,U_exact,claude_cal_asymmetric_3,0.8203125,1.0,-0.007751937984496027
lista_blockdiag_signsplit_hardinit_basin_partition,SLK-BD,U_exact,claude_cal_hexagon_6,0.875,1.0,-0.007225494144098787
lista_blockdiag_signsplit_hardinit_basin_partition,SLK-BD,U_exact,claude_cal_high_cross_3,0.990234375,1.0,-0.003883495145631133
lista_blockdiag_signsplit_hardinit_basin_partition,SLK-BD,U_exact,claude_cal_octagon_8,0.24609375,1.0,0.0030176625260522894
lista_blockdiag_signsplit_hardinit_basin_partition,SLK-BD,U_exact,claude_cal_pentagon_5,0.9755859375,1.0,-0.014215514215514313
lista_blockdiag_signsplit_hardinit_basin_partition,SLK-BD,U_exact,claude_cal_square_4,0.75,1.0,0.0
lista_blockdiag_signsplit_hardinit_basin_partition,SLK-BD,U_exact,claude_checkerboard_potential,0.990234375,1.0,-0.011878299094911782
lista_blockdiag_signsplit_hardinit_basin_partition,SLK-BD,U_exact,claude_duffing_triple_well,1.0,1.0,-0.08378754844961235
lista_blockdiag_signsplit_hardinit_basin_partition,SLK-BD,U_exact,claude_snic_multi,0.9990234375,1.0,-0.20627060790894164
lista_blockdiag_signsplit_hardinit_basin_partition,SLK-BD,U_exact,claude_transition_routes_4,0.2158203125,1.0,0.0016456701975193777
lista_blockdiag_signsplit_hardinit_basin_partition,SLK-BD,U_exact,claude_var_depth_gradient_4,0.986328125,1.0,-0.006080389144905218
lista_blockdiag_signsplit_hardinit_basin_partition,SLK-BD,U_exact,claude_var_diamond_4,0.5,1.0,0.0
lista_blockdiag_signsplit_hardinit_basin_partition,SLK-BD,U_exact,claude_var_l_shape_5,0.947265625,1.0,-0.07243217054263573
lista_blockdiag_signsplit_hardinit_basin_partition,SLK-BD,U_exact,gated_local_linear,1.0,1.0,-0.23378887485561928
lista_blockdiag_signsplit_hardinit_basin_partition,SLK-BD,U_exact,gated_transfer_linear,1.0,1.0,-0.1767447499832255
lista_blockdiag_signsplit_hardinit_basin_partition,SLK-BD,U_exact,multiwell_strong_transition,1.0,1.0,-0.12526010679852412
lista_dense_softblock_signsplit_p64_hardinit_basin_partition,SLK-SB,U_exact,claude_arrested_spiral,0.150390625,1.0,0.012354651162790442
lista_dense_softblock_signsplit_p64_hardinit_basin_partition,SLK-SB,U_exact,claude_cal_asymmetric_3,0.109375,0.984375,0.004118217054263629
lista_dense_softblock_signsplit_p64_hardinit_basin_partition,SLK-SB,U_exact,claude_cal_hexagon_6,0.3671875,1.0,0.005916725393469657
lista_dense_softblock_signsplit_p64_hardinit_basin_partition,SLK-SB,U_exact,claude_cal_high_cross_3,0.00390625,0.05859375,0.0006067961165048263
lista_dense_softblock_signsplit_p64_hardinit_basin_partition,SLK-SB,U_exact,claude_cal_octagon_8,0.0009765625,0.0166015625,0.006926454045323882
lista_dense_softblock_signsplit_p64_hardinit_basin_partition,SLK-SB,U_exact,claude_cal_pentagon_5,0.2783203125,1.0,0.006405756405756358
lista_dense_softblock_signsplit_p64_hardinit_basin_partition,SLK-SB,U_exact,claude_cal_square_4,0.75,1.0,0.0
lista_dense_softblock_signsplit_p64_hardinit_basin_partition,SLK-SB,U_exact,claude_checkerboard_potential,0.001953125,0.03125,0.022356433094245176
lista_dense_softblock_signsplit_p64_hardinit_basin_partition,SLK-SB,U_exact,claude_duffing_triple_well,0.9990234375,1.0,-0.045179263565891456
lista_dense_softblock_signsplit_p64_hardinit_basin_partition,SLK-SB,U_exact,claude_snic_multi,0.24609375,1.0,0.041445876406752236
lista_dense_softblock_signsplit_p64_hardinit_basin_partition,SLK-SB,U_exact,claude_transition_routes_4,0.3125,1.0,0.00349613352404593
lista_dense_softblock_signsplit_p64_hardinit_basin_partition,SLK-SB,U_exact,claude_var_depth_gradient_4,0.0966796875,0.966796875,0.0037122375832054355
lista_dense_softblock_signsplit_p64_hardinit_basin_partition,SLK-SB,U_exact,claude_var_diamond_4,0.5,1.0,0.0
lista_dense_softblock_signsplit_p64_hardinit_basin_partition,SLK-SB,U_exact,claude_var_l_shape_5,0.052734375,0.685546875,0.04069767441860472
lista_dense_softblock_signsplit_p64_hardinit_basin_partition,SLK-SB,U_exact,gated_local_linear,0.013671875,0.19140625,0.14600539831097004
lista_dense_softblock_signsplit_p64_hardinit_basin_partition,SLK-SB,U_exact,gated_transfer_linear,0.0654296875,0.78515625,0.06345478800873457
lista_dense_softblock_signsplit_p64_hardinit_basin_partition,SLK-SB,U_exact,multiwell_strong_transition,0.080078125,0.880859375,0.03077301936737674
mlp_sparse_blockdiag_hardinit_basin_partition_control,"Sparse MLP, BD",U_exact,claude_arrested_spiral,0.8203125,1.0,-0.012354651162790775
mlp_sparse_blockdiag_hardinit_basin_partition_control,"Sparse MLP, BD",U_exact,claude_cal_asymmetric_3,0.248046875,1.0,0.0019379844961240345
mlp_sparse_blockdiag_hardinit_basin_partition_control,"Sparse MLP, BD",U_exact,claude_cal_hexagon_6,0.037109375,0.59375,0.011994949494949614
mlp_sparse_blockdiag_hardinit_basin_partition_control,"Sparse MLP, BD",U_exact,claude_cal_high_cross_3,0.587890625,1.0,-0.00012135922330092086
mlp_sparse_blockdiag_hardinit_basin_partition_control,"Sparse MLP, BD",U_exact,claude_cal_octagon_8,0.1611328125,1.0,0.005293703870352828
mlp_sparse_blockdiag_hardinit_basin_partition_control,"Sparse MLP, BD",U_exact,claude_cal_pentagon_5,0.384765625,1.0,-0.0006142506142506332
mlp_sparse_blockdiag_hardinit_basin_partition_control,"Sparse MLP, BD",U_exact,claude_cal_square_4,0.5,1.0,0.0
mlp_sparse_blockdiag_hardinit_basin_partition_control,"Sparse MLP, BD",U_exact,claude_checkerboard_potential,0.009765625,0.166015625,0.00614764461765005
mlp_sparse_blockdiag_hardinit_basin_partition_control,"Sparse MLP, BD",U_exact,claude_duffing_triple_well,1.0,1.0,-0.08342417635658915
mlp_sparse_blockdiag_hardinit_basin_partition_control,"Sparse MLP, BD",U_exact,claude_snic_multi,0.58984375,1.0,-0.013665480933064078
mlp_sparse_blockdiag_hardinit_basin_partition_control,"Sparse MLP, BD",U_exact,claude_transition_routes_4,0.5390625,1.0,0.0003185306504907559
mlp_sparse_blockdiag_hardinit_basin_partition_control,"Sparse MLP, BD",U_exact,claude_var_depth_gradient_4,0.533203125,1.0,-0.00025601638504857416
mlp_sparse_blockdiag_hardinit_basin_partition_control,"Sparse MLP, BD",U_exact,claude_var_diamond_4,0.5,1.0,0.0
mlp_sparse_blockdiag_hardinit_basin_partition_control,"Sparse MLP, BD",U_exact,claude_var_l_shape_5,0.5771484375,1.0,-0.02071220930232559
mlp_sparse_blockdiag_hardinit_basin_partition_control,"Sparse MLP, BD",U_exact,gated_local_linear,0.9033203125,1.0,-0.09023633015605714
mlp_sparse_blockdiag_hardinit_basin_partition_control,"Sparse MLP, BD",U_exact,gated_transfer_linear,0.9931640625,1.0,-0.045811505832043437
mlp_sparse_blockdiag_hardinit_basin_partition_control,"Sparse MLP, BD",U_exact,multiwell_strong_transition,0.9990234375,1.0,-0.09469375669526467
mlp_sparse_hardinit_basin_partition_control,Sparse MLP,U_exact,claude_arrested_spiral,0.875,1.0,-0.03125
mlp_sparse_hardinit_basin_partition_control,Sparse MLP,U_exact,claude_cal_asymmetric_3,0.248046875,1.0,0.0019379844961240345
mlp_sparse_hardinit_basin_partition_control,Sparse MLP,U_exact,claude_cal_hexagon_6,0.048828125,0.78125,0.0032572401758448333
mlp_sparse_hardinit_basin_partition_control,Sparse MLP,U_exact,claude_cal_high_cross_3,0.85546875,1.0,-0.0001820388349514368
mlp_sparse_hardinit_basin_partition_control,Sparse MLP,U_exact,claude_cal_octagon_8,0.1376953125,1.0,0.004869381709108889
mlp_sparse_hardinit_basin_partition_control,Sparse MLP,U_exact,claude_cal_pentagon_5,0.5,1.0,-0.0016679900971626194
mlp_sparse_hardinit_basin_partition_control,Sparse MLP,U_exact,claude_cal_square_4,1.0,1.0,0.0
mlp_sparse_hardinit_basin_partition_control,Sparse MLP,U_exact,claude_checkerboard_potential,0.0244140625,0.4150390625,0.005408143655379394
mlp_sparse_hardinit_basin_partition_control,Sparse MLP,U_exact,claude_duffing_triple_well,1.0,1.0,-0.08281855620155035
mlp_sparse_hardinit_basin_partition_control,Sparse MLP,U_exact,claude_snic_multi,0.8388671875,1.0,-0.08521918733340739
mlp_sparse_hardinit_basin_partition_control,Sparse MLP,U_exact,claude_transition_routes_4,0.0654296875,0.9814453125,0.007274015464308503
mlp_sparse_hardinit_basin_partition_control,Sparse MLP,U_exact,claude_var_depth_gradient_4,0.421875,1.0,-0.00032002048131074545
mlp_sparse_hardinit_basin_partition_control,Sparse MLP,U_exact,claude_var_diamond_4,0.5,1.0,0.0
mlp_sparse_hardinit_basin_partition_control,Sparse MLP,U_exact,claude_var_l_shape_5,0.6875,1.0,-0.06165213178294576
mlp_sparse_hardinit_basin_partition_control,Sparse MLP,U_exact,gated_local_linear,0.9345703125,1.0,-0.14213979475443578
mlp_sparse_hardinit_basin_partition_control,Sparse MLP,U_exact,gated_transfer_linear,0.9755859375,1.0,-0.044764670449834315
mlp_sparse_hardinit_basin_partition_control,Sparse MLP,U_exact,multiwell_strong_transition,0.9990234375,1.0,-0.08653508745448722
lista_blockdiag_signsplit_hardinit_basin_partition,SLK-BD,MeanSupportSize,claude_arrested_spiral,0.001953125,0.0166015625,-149.91182170542638
lista_blockdiag_signsplit_hardinit_basin_partition,SLK-BD,MeanSupportSize,claude_cal_asymmetric_3,0.001953125,0.0166015625,-157.99636627906978
lista_blockdiag_signsplit_hardinit_basin_partition,SLK-BD,MeanSupportSize,claude_cal_hexagon_6,0.001953125,0.0166015625,-153.12496972632601
lista_blockdiag_signsplit_hardinit_basin_partition,SLK-BD,MeanSupportSize,claude_cal_high_cross_3,0.0009765625,0.0166015625,-144.03815406976744
lista_blockdiag_signsplit_hardinit_basin_partition,SLK-BD,MeanSupportSize,claude_cal_octagon_8,0.0009765625,0.0166015625,-146.48505623170544
lista_blockdiag_signsplit_hardinit_basin_partition,SLK-BD,MeanSupportSize,claude_cal_pentagon_5,0.0009765625,0.0166015625,-156.13637426900587
lista_blockdiag_signsplit_hardinit_basin_partition,SLK-BD,MeanSupportSize,claude_cal_square_4,0.0009765625,0.0166015625,-152.41933664259926
lista_blockdiag_signsplit_hardinit_basin_partition,SLK-BD,MeanSupportSize,claude_checkerboard_potential,0.0009765625,0.0166015625,-143.31794285714287
lista_blockdiag_signsplit_hardinit_basin_partition,SLK-BD,MeanSupportSize,claude_duffing_triple_well,0.0009765625,0.0166015625,-163.367914244186
lista_blockdiag_signsplit_hardinit_basin_partition,SLK-BD,MeanSupportSize,claude_snic_multi,0.0009765625,0.0166015625,-174.91291182170542
lista_blockdiag_signsplit_hardinit_basin_partition,SLK-BD,MeanSupportSize,claude_transition_routes_4,0.0009765625,0.0166015625,-162.96638452237005
lista_blockdiag_signsplit_hardinit_basin_partition,SLK-BD,MeanSupportSize,claude_var_depth_gradient_4,0.0009765625,0.0166015625,-150.2402733964248
lista_blockdiag_signsplit_hardinit_basin_partition,SLK-BD,MeanSupportSize,claude_var_diamond_4,0.0009765625,0.0166015625,-147.2964132641552
lista_blockdiag_signsplit_hardinit_basin_partition,SLK-BD,MeanSupportSize,claude_var_l_shape_5,0.0009765625,0.0166015625,-151.36531007751938
lista_blockdiag_signsplit_hardinit_basin_partition,SLK-BD,MeanSupportSize,gated_local_linear,0.0009765625,0.0166015625,-167.78488372093022
lista_blockdiag_signsplit_hardinit_basin_partition,SLK-BD,MeanSupportSize,gated_transfer_linear,0.0009765625,0.0166015625,-154.26405038759688
lista_blockdiag_signsplit_hardinit_basin_partition,SLK-BD,MeanSupportSize,multiwell_strong_transition,0.0009765625,0.0166015625,-137.87778585271317
lista_dense_softblock_signsplit_p64_hardinit_basin_partition,SLK-SB,MeanSupportSize,claude_arrested_spiral,0.001953125,0.0166015625,-225.9171511627907
lista_dense_softblock_signsplit_p64_hardinit_basin_partition,SLK-SB,MeanSupportSize,claude_cal_asymmetric_3,0.001953125,0.0166015625,-229.02083333333334
lista_dense_softblock_signsplit_p64_hardinit_basin_partition,SLK-SB,MeanSupportSize,claude_cal_hexagon_6,0.001953125,0.0166015625,-227.34124485347542
lista_dense_softblock_signsplit_p64_hardinit_basin_partition,SLK-SB,MeanSupportSize,claude_cal_high_cross_3,0.0009765625,0.0166015625,-225.99576065891472
lista_dense_softblock_signsplit_p64_hardinit_basin_partition,SLK-SB,MeanSupportSize,claude_cal_octagon_8,0.0009765625,0.0166015625,-226.4841318749037
lista_dense_softblock_signsplit_p64_hardinit_basin_partition,SLK-SB,MeanSupportSize,claude_cal_pentagon_5,0.0009765625,0.0166015625,-225.9869005847953
lista_dense_softblock_signsplit_p64_hardinit_basin_partition,SLK-SB,MeanSupportSize,claude_cal_square_4,0.0009765625,0.0166015625,-225.22687274368232
lista_dense_softblock_signsplit_p64_hardinit_basin_partition,SLK-SB,MeanSupportSize,claude_checkerboard_potential,0.0009765625,0.0166015625,-221.69257142857145
lista_dense_softblock_signsplit_p64_hardinit_basin_partition,SLK-SB,MeanSupportSize,claude_duffing_triple_well,0.0009765625,0.0166015625,-230.04090964147287
lista_dense_softblock_signsplit_p64_hardinit_basin_partition,SLK-SB,MeanSupportSize,claude_snic_multi,0.0009765625,0.0166015625,-233.10889050387598
lista_dense_softblock_signsplit_p64_hardinit_basin_partition,SLK-SB,MeanSupportSize,claude_transition_routes_4,0.0009765625,0.0166015625,-228.84111245465542
lista_dense_softblock_signsplit_p64_hardinit_basin_partition,SLK-SB,MeanSupportSize,claude_var_depth_gradient_4,0.0009765625,0.0166015625,-225.28548895899053
lista_dense_softblock_signsplit_p64_hardinit_basin_partition,SLK-SB,MeanSupportSize,claude_var_diamond_4,0.0009765625,0.0166015625,-226.4821791112114
lista_dense_softblock_signsplit_p64_hardinit_basin_partition,SLK-SB,MeanSupportSize,claude_var_l_shape_5,0.0009765625,0.0166015625,-227.9156976744186
lista_dense_softblock_signsplit_p64_hardinit_basin_partition,SLK-SB,MeanSupportSize,gated_local_linear,0.0009765625,0.0166015625,-229.58636143410854
lista_dense_softblock_signsplit_p64_hardinit_basin_partition,SLK-SB,MeanSupportSize,gated_transfer_linear,0.0009765625,0.0166015625,-227.2422480620155
lista_dense_softblock_signsplit_p64_hardinit_basin_partition,SLK-SB,MeanSupportSize,multiwell_strong_transition,0.0009765625,0.0166015625,-225.31334786821705
mlp_sparse_blockdiag_hardinit_basin_partition_control,"Sparse MLP, BD",MeanSupportSize,claude_arrested_spiral,0.001953125,0.0166015625,-154.03997093023258
mlp_sparse_blockdiag_hardinit_basin_partition_control,"Sparse MLP, BD",MeanSupportSize,claude_cal_asymmetric_3,0.001953125,0.0166015625,-158.9983042635659
mlp_sparse_blockdiag_hardinit_basin_partition_control,"Sparse MLP, BD",MeanSupportSize,claude_cal_hexagon_6,0.001953125,0.0166015625,-143.4419956405909
mlp_sparse_blockdiag_hardinit_basin_partition_control,"Sparse MLP, BD",MeanSupportSize,claude_cal_high_cross_3,0.0009765625,0.0166015625,-134.5106589147287
mlp_sparse_blockdiag_hardinit_basin_partition_control,"Sparse MLP, BD",MeanSupportSize,claude_cal_octagon_8,0.0009765625,0.0166015625,-143.16576798644275
mlp_sparse_blockdiag_hardinit_basin_partition_control,"Sparse MLP, BD",MeanSupportSize,claude_cal_pentagon_5,0.0009765625,0.0166015625,-142.91719298245613
mlp_sparse_blockdiag_hardinit_basin_partition_control,"Sparse MLP, BD",MeanSupportSize,claude_cal_square_4,0.0009765625,0.0166015625,-141.2262522563177
mlp_sparse_blockdiag_hardinit_basin_partition_control,"Sparse MLP, BD",MeanSupportSize,claude_checkerboard_potential,0.0009765625,0.0166015625,-138.58297142857143
mlp_sparse_blockdiag_hardinit_basin_partition_control,"Sparse MLP, BD",MeanSupportSize,claude_duffing_triple_well,0.0009765625,0.0166015625,-149.15667393410854
mlp_sparse_blockdiag_hardinit_basin_partition_control,"Sparse MLP, BD",MeanSupportSize,claude_snic_multi,0.001953125,0.0166015625,-171.26259689922483
mlp_sparse_blockdiag_hardinit_basin_partition_control,"Sparse MLP, BD",MeanSupportSize,claude_transition_routes_4,0.0009765625,0.0166015625,-152.27944377267235
mlp_sparse_blockdiag_hardinit_basin_partition_control,"Sparse MLP, BD",MeanSupportSize,claude_var_depth_gradient_4,0.001953125,0.0166015625,-140.5762355415352
mlp_sparse_blockdiag_hardinit_basin_partition_control,"Sparse MLP, BD",MeanSupportSize,claude_var_diamond_4,0.0009765625,0.0166015625,-155.49977441912927
mlp_sparse_blockdiag_hardinit_basin_partition_control,"Sparse MLP, BD",MeanSupportSize,claude_var_l_shape_5,0.0009765625,0.0166015625,-143.6048934108527
mlp_sparse_blockdiag_hardinit_basin_partition_control,"Sparse MLP, BD",MeanSupportSize,gated_local_linear,0.0009765625,0.0166015625,-160.42611434108528
mlp_sparse_blockdiag_hardinit_basin_partition_control,"Sparse MLP, BD",MeanSupportSize,gated_transfer_linear,0.0009765625,0.0166015625,-157.98389050387595
mlp_sparse_blockdiag_hardinit_basin_partition_control,"Sparse MLP, BD",MeanSupportSize,multiwell_strong_transition,0.0009765625,0.0166015625,-149.38783914728683
mlp_sparse_hardinit_basin_partition_control,Sparse MLP,MeanSupportSize,claude_arrested_spiral,0.001953125,0.0166015625,-154.18628875968994
mlp_sparse_hardinit_basin_partition_control,Sparse MLP,MeanSupportSize,claude_cal_asymmetric_3,0.001953125,0.0166015625,-161.99806201550388
mlp_sparse_hardinit_basin_partition_control,Sparse MLP,MeanSupportSize,claude_cal_hexagon_6,0.001953125,0.0166015625,-143.4419956405909
mlp_sparse_hardinit_basin_partition_control,Sparse MLP,MeanSupportSize,claude_cal_high_cross_3,0.0009765625,0.0166015625,-135.5016957364341
mlp_sparse_hardinit_basin_partition_control,Sparse MLP,MeanSupportSize,claude_cal_octagon_8,0.0009765625,0.0166015625,-143.16576798644275
mlp_sparse_hardinit_basin_partition_control,Sparse MLP,MeanSupportSize,claude_cal_pentagon_5,0.0009765625,0.0166015625,-142.85929824561404
mlp_sparse_hardinit_basin_partition_control,Sparse MLP,MeanSupportSize,claude_cal_square_4,0.0009765625,0.0166015625,-141.2262522563177
mlp_sparse_hardinit_basin_partition_control,Sparse MLP,MeanSupportSize,claude_checkerboard_potential,0.0009765625,0.0166015625,-138.58297142857143
mlp_sparse_hardinit_basin_partition_control,Sparse MLP,MeanSupportSize,claude_duffing_triple_well,0.0009765625,0.0166015625,-149.15667393410854
mlp_sparse_hardinit_basin_partition_control,Sparse MLP,MeanSupportSize,claude_snic_multi,0.0009765625,0.0166015625,-171.15625
mlp_sparse_hardinit_basin_partition_control,Sparse MLP,MeanSupportSize,claude_transition_routes_4,0.0009765625,0.0166015625,-152.67847642079806
mlp_sparse_hardinit_basin_partition_control,Sparse MLP,MeanSupportSize,claude_var_depth_gradient_4,0.00390625,0.0166015625,-140.23755695758848
mlp_sparse_hardinit_basin_partition_control,Sparse MLP,MeanSupportSize,claude_var_diamond_4,0.001953125,0.0166015625,-155.60974509361603
mlp_sparse_hardinit_basin_partition_control,Sparse MLP,MeanSupportSize,claude_var_l_shape_5,0.0009765625,0.0166015625,-143.4190891472868
mlp_sparse_hardinit_basin_partition_control,Sparse MLP,MeanSupportSize,gated_local_linear,0.0009765625,0.0166015625,-160.2764050387597
mlp_sparse_hardinit_basin_partition_control,Sparse MLP,MeanSupportSize,gated_transfer_linear,0.0009765625,0.0166015625,-158.40952034883722
mlp_sparse_hardinit_basin_partition_control,Sparse MLP,MeanSupportSize,multiwell_strong_transition,0.0009765625,0.0166015625,-149.3374515503876
lista_blockdiag_signsplit_hardinit_basin_partition,SLK-BD,HBgivenF,claude_arrested_spiral,1.0,1.0,0.0
lista_blockdiag_signsplit_hardinit_basin_partition,SLK-BD,HBgivenF,claude_cal_asymmetric_3,1.0,1.0,0.0
lista_blockdiag_signsplit_hardinit_basin_partition,SLK-BD,HBgivenF,claude_cal_hexagon_6,0.001953125,0.0166015625,-0.922443065578224
lista_blockdiag_signsplit_hardinit_basin_partition,SLK-BD,HBgivenF,claude_cal_high_cross_3,0.00390625,0.0234375,-0.0140409634615238
lista_blockdiag_signsplit_hardinit_basin_partition,SLK-BD,HBgivenF,claude_cal_octagon_8,0.0009765625,0.0166015625,-1.3356950313125213
lista_blockdiag_signsplit_hardinit_basin_partition,SLK-BD,HBgivenF,claude_cal_pentagon_5,0.00390625,0.0234375,-0.6366761848847593
lista_blockdiag_signsplit_hardinit_basin_partition,SLK-BD,HBgivenF,claude_cal_square_4,0.0009765625,0.0166015625,-1.3746308522907469
lista_blockdiag_signsplit_hardinit_basin_partition,SLK-BD,HBgivenF,claude_checkerboard_potential,0.0009765625,0.0166015625,-1.240218713538733
lista_blockdiag_signsplit_hardinit_basin_partition,SLK-BD,HBgivenF,claude_duffing_triple_well,1.0,1.0,0.0
lista_blockdiag_signsplit_hardinit_basin_partition,SLK-BD,HBgivenF,claude_snic_multi,0.0009765625,0.0166015625,-1.0895299932741636
lista_blockdiag_signsplit_hardinit_basin_partition,SLK-BD,HBgivenF,claude_transition_routes_4,0.0009765625,0.0166015625,-1.3766025591327145
lista_blockdiag_signsplit_hardinit_basin_partition,SLK-BD,HBgivenF,claude_var_depth_gradient_4,0.0009765625,0.0166015625,-0.6233978485857796
lista_blockdiag_signsplit_hardinit_basin_partition,SLK-BD,HBgivenF,claude_var_diamond_4,0.0009765625,0.0166015625,-1.3735560686033832
lista_blockdiag_signsplit_hardinit_basin_partition,SLK-BD,HBgivenF,claude_var_l_shape_5,1.0,1.0,0.0
lista_blockdiag_signsplit_hardinit_basin_partition,SLK-BD,HBgivenF,gated_local_linear,0.0009765625,0.0166015625,-1.0662206071801783
lista_blockdiag_signsplit_hardinit_basin_partition,SLK-BD,HBgivenF,gated_transfer_linear,0.0009765625,0.0166015625,-1.063432017654013
lista_blockdiag_signsplit_hardinit_basin_partition,SLK-BD,HBgivenF,multiwell_strong_transition,0.0009765625,0.0166015625,-1.2618852726273673
lista_dense_softblock_signsplit_p64_hardinit_basin_partition,SLK-SB,HBgivenF,claude_arrested_spiral,1.0,1.0,0.0
lista_dense_softblock_signsplit_p64_hardinit_basin_partition,SLK-SB,HBgivenF,claude_cal_asymmetric_3,1.0,1.0,0.0
lista_dense_softblock_signsplit_p64_hardinit_basin_partition,SLK-SB,HBgivenF,claude_cal_hexagon_6,0.001953125,0.0166015625,-0.6611630481267323
lista_dense_softblock_signsplit_p64_hardinit_basin_partition,SLK-SB,HBgivenF,claude_cal_high_cross_3,0.0625,0.375,0.0
lista_dense_softblock_signsplit_p64_hardinit_basin_partition,SLK-SB,HBgivenF,claude_cal_octagon_8,0.0009765625,0.0166015625,-1.091677687958266
lista_dense_softblock_signsplit_p64_hardinit_basin_partition,SLK-SB,HBgivenF,claude_cal_pentagon_5,0.0625,0.375,0.0
lista_dense_softblock_signsplit_p64_hardinit_basin_partition,SLK-SB,HBgivenF,claude_cal_square_4,0.0009765625,0.0166015625,-0.8614798822002141
lista_dense_softblock_signsplit_p64_hardinit_basin_partition,SLK-SB,HBgivenF,claude_checkerboard_potential,0.0009765625,0.0166015625,-0.5422031939517841
lista_dense_softblock_signsplit_p64_hardinit_basin_partition,SLK-SB,HBgivenF,claude_duffing_triple_well,1.0,1.0,0.0
lista_dense_softblock_signsplit_p64_hardinit_basin_partition,SLK-SB,HBgivenF,claude_snic_multi,0.0009765625,0.0166015625,-1.0895299932741636
lista_dense_softblock_signsplit_p64_hardinit_basin_partition,SLK-SB,HBgivenF,claude_transition_routes_4,0.0009765625,0.0166015625,-1.3766025591327145
lista_dense_softblock_signsplit_p64_hardinit_basin_partition,SLK-SB,HBgivenF,claude_var_depth_gradient_4,0.00390625,0.02734375,-0.31193157515262604
lista_dense_softblock_signsplit_p64_hardinit_basin_partition,SLK-SB,HBgivenF,claude_var_diamond_4,0.0009765625,0.0166015625,-1.2238840524804198
lista_dense_softblock_signsplit_p64_hardinit_basin_partition,SLK-SB,HBgivenF,claude_var_l_shape_5,1.0,1.0,0.0
lista_dense_softblock_signsplit_p64_hardinit_basin_partition,SLK-SB,HBgivenF,gated_local_linear,0.0009765625,0.0166015625,-1.0662206071801783
lista_dense_softblock_signsplit_p64_hardinit_basin_partition,SLK-SB,HBgivenF,gated_transfer_linear,0.0009765625,0.0166015625,-1.063432017654013
lista_dense_softblock_signsplit_p64_hardinit_basin_partition,SLK-SB,HBgivenF,multiwell_strong_transition,0.0009765625,0.0166015625,-1.2321426869329675
mlp_sparse_blockdiag_hardinit_basin_partition_control,"Sparse MLP, BD",HBgivenF,claude_arrested_spiral,1.0,1.0,0.0
mlp_sparse_blockdiag_hardinit_basin_partition_control,"Sparse MLP, BD",HBgivenF,claude_cal_asymmetric_3,1.0,1.0,0.0
mlp_sparse_blockdiag_hardinit_basin_partition_control,"Sparse MLP, BD",HBgivenF,claude_cal_hexagon_6,0.001953125,0.017578125,-0.7661358285483368
mlp_sparse_blockdiag_hardinit_basin_partition_control,"Sparse MLP, BD",HBgivenF,claude_cal_high_cross_3,0.015625,0.078125,-0.0140409634615238
mlp_sparse_blockdiag_hardinit_basin_partition_control,"Sparse MLP, BD",HBgivenF,claude_cal_octagon_8,0.0009765625,0.0166015625,-1.091677687958266
mlp_sparse_blockdiag_hardinit_basin_partition_control,"Sparse MLP, BD",HBgivenF,claude_cal_pentagon_5,0.00390625,0.0234375,-0.6366761848847593
mlp_sparse_blockdiag_hardinit_basin_partition_control,"Sparse MLP, BD",HBgivenF,claude_cal_square_4,0.0009765625,0.0166015625,-1.3746308522907469
mlp_sparse_blockdiag_hardinit_basin_partition_control,"Sparse MLP, BD",HBgivenF,claude_checkerboard_potential,0.0009765625,0.0166015625,-0.14144551244794956
mlp_sparse_blockdiag_hardinit_basin_partition_control,"Sparse MLP, BD",HBgivenF,claude_duffing_triple_well,1.0,1.0,0.0
mlp_sparse_blockdiag_hardinit_basin_partition_control,"Sparse MLP, BD",HBgivenF,claude_snic_multi,0.001953125,0.017578125,-1.0895299932741636
mlp_sparse_blockdiag_hardinit_basin_partition_control,"Sparse MLP, BD",HBgivenF,claude_transition_routes_4,0.0009765625,0.0166015625,-1.3766025591327145
mlp_sparse_blockdiag_hardinit_basin_partition_control,"Sparse MLP, BD",HBgivenF,claude_var_depth_gradient_4,0.001953125,0.017578125,-0.6233978485857796
mlp_sparse_blockdiag_hardinit_basin_partition_control,"Sparse MLP, BD",HBgivenF,claude_var_diamond_4,0.0009765625,0.0166015625,-1.3735560686033832
mlp_sparse_blockdiag_hardinit_basin_partition_control,"Sparse MLP, BD",HBgivenF,claude_var_l_shape_5,1.0,1.0,0.0
mlp_sparse_blockdiag_hardinit_basin_partition_control,"Sparse MLP, BD",HBgivenF,gated_local_linear,0.0009765625,0.0166015625,-1.0662206071801783
mlp_sparse_blockdiag_hardinit_basin_partition_control,"Sparse MLP, BD",HBgivenF,gated_transfer_linear,0.0009765625,0.0166015625,-1.063432017654013
mlp_sparse_blockdiag_hardinit_basin_partition_control,"Sparse MLP, BD",HBgivenF,multiwell_strong_transition,0.0009765625,0.0166015625,-1.28540645823948
mlp_sparse_hardinit_basin_partition_control,Sparse MLP,HBgivenF,claude_arrested_spiral,1.0,1.0,0.0
mlp_sparse_hardinit_basin_partition_control,Sparse MLP,HBgivenF,claude_cal_asymmetric_3,1.0,1.0,0.0
mlp_sparse_hardinit_basin_partition_control,Sparse MLP,HBgivenF,claude_cal_hexagon_6,0.001953125,0.01953125,-0.7857326966680973
mlp_sparse_hardinit_basin_partition_control,Sparse MLP,HBgivenF,claude_cal_high_cross_3,0.0078125,0.0390625,-0.0140409634615238
mlp_sparse_hardinit_basin_partition_control,Sparse MLP,HBgivenF,claude_cal_octagon_8,0.0009765625,0.0166015625,-1.091677687958266
mlp_sparse_hardinit_basin_partition_control,Sparse MLP,HBgivenF,claude_cal_pentagon_5,0.00390625,0.02734375,-0.6366761848847593
mlp_sparse_hardinit_basin_partition_control,Sparse MLP,HBgivenF,claude_cal_square_4,0.0009765625,0.0166015625,-1.3746308522907469
mlp_sparse_hardinit_basin_partition_control,Sparse MLP,HBgivenF,claude_checkerboard_potential,0.001953125,0.01953125,-0.12692124611086797
mlp_sparse_hardinit_basin_partition_control,Sparse MLP,HBgivenF,claude_duffing_triple_well,1.0,1.0,0.0
mlp_sparse_hardinit_basin_partition_control,Sparse MLP,HBgivenF,claude_snic_multi,0.0009765625,0.0166015625,-1.0895299932741636
mlp_sparse_hardinit_basin_partition_control,Sparse MLP,HBgivenF,claude_transition_routes_4,0.0009765625,0.0166015625,-1.3766025591327145
mlp_sparse_hardinit_basin_partition_control,Sparse MLP,HBgivenF,claude_var_depth_gradient_4,0.00390625,0.02734375,-0.6233978485857796
mlp_sparse_hardinit_basin_partition_control,Sparse MLP,HBgivenF,claude_var_diamond_4,0.001953125,0.01953125,-1.3735560686033832
mlp_sparse_hardinit_basin_partition_control,Sparse MLP,HBgivenF,claude_var_l_shape_5,1.0,1.0,0.0
mlp_sparse_hardinit_basin_partition_control,Sparse MLP,HBgivenF,gated_local_linear,0.0009765625,0.0166015625,-1.0662206071801783
mlp_sparse_hardinit_basin_partition_control,Sparse MLP,HBgivenF,gated_transfer_linear,0.0009765625,0.0166015625,-1.063432017654013
mlp_sparse_hardinit_basin_partition_control,Sparse MLP,HBgivenF,multiwell_strong_transition,0.0009765625,0.0166015625,-1.28540645823948
lista_blockdiag_signsplit_hardinit_basin_partition,SLK-BD,FreezeWrongH1,claude_cal_hexagon_6,0.001953125,0.0126953125,7829.615450597009
lista_blockdiag_signsplit_hardinit_basin_partition,SLK-BD,FreezeWrongH1,claude_cal_high_cross_3,0.0009765625,0.0126953125,1359.686657886774
lista_blockdiag_signsplit_hardinit_basin_partition,SLK-BD,FreezeWrongH1,claude_cal_octagon_8,0.0009765625,0.0126953125,6579.320749972106
lista_blockdiag_signsplit_hardinit_basin_partition,SLK-BD,FreezeWrongH1,claude_cal_pentagon_5,0.0009765625,0.0126953125,4857.9121285170495
lista_blockdiag_signsplit_hardinit_basin_partition,SLK-BD,FreezeWrongH1,claude_cal_square_4,0.0009765625,0.0126953125,15284.657848716397
lista_blockdiag_signsplit_hardinit_basin_partition,SLK-BD,FreezeWrongH1,claude_checkerboard_potential,0.0009765625,0.0126953125,1161.5075718842727
lista_blockdiag_signsplit_hardinit_basin_partition,SLK-BD,FreezeWrongH1,claude_snic_multi,0.0009765625,0.0126953125,20622.20289280316
lista_blockdiag_signsplit_hardinit_basin_partition,SLK-BD,FreezeWrongH1,claude_transition_routes_4,0.0009765625,0.0126953125,108283.56182889942
lista_blockdiag_signsplit_hardinit_basin_partition,SLK-BD,FreezeWrongH1,claude_var_depth_gradient_4,0.0009765625,0.0126953125,4851.480024047994
lista_blockdiag_signsplit_hardinit_basin_partition,SLK-BD,FreezeWrongH1,claude_var_diamond_4,0.0009765625,0.0126953125,5602.155800594526
lista_blockdiag_signsplit_hardinit_basin_partition,SLK-BD,FreezeWrongH1,gated_local_linear,0.0009765625,0.0126953125,74134.77874027558
lista_blockdiag_signsplit_hardinit_basin_partition,SLK-BD,FreezeWrongH1,gated_transfer_linear,0.0009765625,0.0126953125,6274.011386068252
lista_blockdiag_signsplit_hardinit_basin_partition,SLK-BD,FreezeWrongH1,multiwell_strong_transition,0.0009765625,0.0126953125,497.2023586694573
lista_dense_softblock_signsplit_p64_hardinit_basin_partition,SLK-SB,FreezeWrongH1,claude_cal_hexagon_6,0.001953125,0.0126953125,5473.985442842412
lista_dense_softblock_signsplit_p64_hardinit_basin_partition,SLK-SB,FreezeWrongH1,claude_cal_high_cross_3,0.0009765625,0.0126953125,1082.8588099272906
lista_dense_softblock_signsplit_p64_hardinit_basin_partition,SLK-SB,FreezeWrongH1,claude_cal_octagon_8,0.0009765625,0.0126953125,3159.1568183941317
lista_dense_softblock_signsplit_p64_hardinit_basin_partition,SLK-SB,FreezeWrongH1,claude_cal_pentagon_5,0.0009765625,0.0126953125,636.1037085585847
lista_dense_softblock_signsplit_p64_hardinit_basin_partition,SLK-SB,FreezeWrongH1,claude_cal_square_4,0.0009765625,0.0126953125,2200.1436290338356
lista_dense_softblock_signsplit_p64_hardinit_basin_partition,SLK-SB,FreezeWrongH1,claude_checkerboard_potential,0.0009765625,0.0126953125,731.7041997485484
lista_dense_softblock_signsplit_p64_hardinit_basin_partition,SLK-SB,FreezeWrongH1,claude_snic_multi,0.0009765625,0.0126953125,12107.591082642633
lista_dense_softblock_signsplit_p64_hardinit_basin_partition,SLK-SB,FreezeWrongH1,claude_transition_routes_4,0.0009765625,0.0126953125,21622.273126852422
lista_dense_softblock_signsplit_p64_hardinit_basin_partition,SLK-SB,FreezeWrongH1,claude_var_depth_gradient_4,0.0009765625,0.0126953125,802.4391868064447
lista_dense_softblock_signsplit_p64_hardinit_basin_partition,SLK-SB,FreezeWrongH1,claude_var_diamond_4,0.0009765625,0.0126953125,4745.272397821915
lista_dense_softblock_signsplit_p64_hardinit_basin_partition,SLK-SB,FreezeWrongH1,gated_local_linear,0.0009765625,0.0126953125,65733.62108127124
lista_dense_softblock_signsplit_p64_hardinit_basin_partition,SLK-SB,FreezeWrongH1,gated_transfer_linear,0.0009765625,0.0126953125,3317.502315118306
lista_dense_softblock_signsplit_p64_hardinit_basin_partition,SLK-SB,FreezeWrongH1,multiwell_strong_transition,0.0009765625,0.0126953125,828.7251233483831
mlp_sparse_blockdiag_hardinit_basin_partition_control,"Sparse MLP, BD",FreezeWrongH1,claude_cal_hexagon_6,0.001953125,0.0126953125,12232.140773853927
mlp_sparse_blockdiag_hardinit_basin_partition_control,"Sparse MLP, BD",FreezeWrongH1,claude_cal_high_cross_3,0.0009765625,0.0126953125,2653.516662213702
mlp_sparse_blockdiag_hardinit_basin_partition_control,"Sparse MLP, BD",FreezeWrongH1,claude_cal_octagon_8,0.0009765625,0.0126953125,3563.9509925858283
mlp_sparse_blockdiag_hardinit_basin_partition_control,"Sparse MLP, BD",FreezeWrongH1,claude_cal_pentagon_5,0.0009765625,0.0126953125,1679.0569886519556
mlp_sparse_blockdiag_hardinit_basin_partition_control,"Sparse MLP, BD",FreezeWrongH1,claude_cal_square_4,0.0009765625,0.0126953125,5580.871408151849
mlp_sparse_blockdiag_hardinit_basin_partition_control,"Sparse MLP, BD",FreezeWrongH1,claude_checkerboard_potential,0.0009765625,0.0126953125,3083.500814071072
mlp_sparse_blockdiag_hardinit_basin_partition_control,"Sparse MLP, BD",FreezeWrongH1,claude_snic_multi,0.001953125,0.0126953125,125008.24107143421
mlp_sparse_blockdiag_hardinit_basin_partition_control,"Sparse MLP, BD",FreezeWrongH1,claude_transition_routes_4,0.0009765625,0.0126953125,35090.81013706499
mlp_sparse_blockdiag_hardinit_basin_partition_control,"Sparse MLP, BD",FreezeWrongH1,claude_var_depth_gradient_4,0.001953125,0.0126953125,1086.6166762511482
mlp_sparse_blockdiag_hardinit_basin_partition_control,"Sparse MLP, BD",FreezeWrongH1,claude_var_diamond_4,0.0009765625,0.0126953125,7947.220773466164
mlp_sparse_blockdiag_hardinit_basin_partition_control,"Sparse MLP, BD",FreezeWrongH1,gated_local_linear,0.0009765625,0.0126953125,425426.23620263423
mlp_sparse_blockdiag_hardinit_basin_partition_control,"Sparse MLP, BD",FreezeWrongH1,gated_transfer_linear,0.0009765625,0.0126953125,8587.81480868557
mlp_sparse_blockdiag_hardinit_basin_partition_control,"Sparse MLP, BD",FreezeWrongH1,multiwell_strong_transition,0.0009765625,0.0126953125,1134.1238809519778
mlp_sparse_hardinit_basin_partition_control,Sparse MLP,FreezeWrongH1,claude_cal_hexagon_6,0.001953125,0.0126953125,11641.90927846506
mlp_sparse_hardinit_basin_partition_control,Sparse MLP,FreezeWrongH1,claude_cal_high_cross_3,0.0009765625,0.0126953125,3301.407422674897
mlp_sparse_hardinit_basin_partition_control,Sparse MLP,FreezeWrongH1,claude_cal_octagon_8,0.0009765625,0.0126953125,3563.9509925858283
mlp_sparse_hardinit_basin_partition_control,Sparse MLP,FreezeWrongH1,claude_cal_pentagon_5,0.0009765625,0.0126953125,1388.9607163237908
mlp_sparse_hardinit_basin_partition_control,Sparse MLP,FreezeWrongH1,claude_cal_square_4,0.0009765625,0.0126953125,5249.7422941546665
mlp_sparse_hardinit_basin_partition_control,Sparse MLP,FreezeWrongH1,claude_checkerboard_potential,0.0009765625,0.0126953125,3577.6707653635017
mlp_sparse_hardinit_basin_partition_control,Sparse MLP,FreezeWrongH1,claude_snic_multi,0.0009765625,0.0126953125,407479.12866904406
mlp_sparse_hardinit_basin_partition_control,Sparse MLP,FreezeWrongH1,claude_transition_routes_4,0.0009765625,0.0126953125,26428.244641850182
mlp_sparse_hardinit_basin_partition_control,Sparse MLP,FreezeWrongH1,claude_var_depth_gradient_4,0.00390625,0.0126953125,1121.445163560852
mlp_sparse_hardinit_basin_partition_control,Sparse MLP,FreezeWrongH1,claude_var_diamond_4,0.001953125,0.0126953125,10718.6495263243
mlp_sparse_hardinit_basin_partition_control,Sparse MLP,FreezeWrongH1,gated_local_linear,0.0009765625,0.0126953125,350747.3697700206
mlp_sparse_hardinit_basin_partition_control,Sparse MLP,FreezeWrongH1,gated_transfer_linear,0.0009765625,0.0126953125,7348.760159225274
mlp_sparse_hardinit_basin_partition_control,Sparse MLP,FreezeWrongH1,multiwell_strong_transition,0.0009765625,0.0126953125,1477.1593591469973
lista_blockdiag_signsplit_hardinit_basin_partition,SLK-BD,FreezeWrongH20,claude_cal_hexagon_6,0.001953125,0.0126953125,15.975256721914548
lista_blockdiag_signsplit_hardinit_basin_partition,SLK-BD,FreezeWrongH20,claude_cal_high_cross_3,0.2158203125,0.431640625,0.3155368000494764
lista_blockdiag_signsplit_hardinit_basin_partition,SLK-BD,FreezeWrongH20,claude_cal_octagon_8,0.0009765625,0.0126953125,4.509151358536796
lista_blockdiag_signsplit_hardinit_basin_partition,SLK-BD,FreezeWrongH20,claude_cal_pentagon_5,0.0009765625,0.0126953125,11.595917725998872
lista_blockdiag_signsplit_hardinit_basin_partition,SLK-BD,FreezeWrongH20,claude_cal_square_4,0.0009765625,0.0126953125,7.085450207484634
lista_blockdiag_signsplit_hardinit_basin_partition,SLK-BD,FreezeWrongH20,claude_checkerboard_potential,0.0048828125,0.01953125,3.9899580878744496
lista_blockdiag_signsplit_hardinit_basin_partition,SLK-BD,FreezeWrongH20,claude_snic_multi,0.0009765625,0.0126953125,390.2285297937558
lista_blockdiag_signsplit_hardinit_basin_partition,SLK-BD,FreezeWrongH20,claude_transition_routes_4,0.0009765625,0.0126953125,139.1604758657437
lista_blockdiag_signsplit_hardinit_basin_partition,SLK-BD,FreezeWrongH20,claude_var_depth_gradient_4,0.052734375,0.158203125,1.827051168484275
lista_blockdiag_signsplit_hardinit_basin_partition,SLK-BD,FreezeWrongH20,claude_var_diamond_4,0.001953125,0.0126953125,25.886275279033853
lista_blockdiag_signsplit_hardinit_basin_partition,SLK-BD,FreezeWrongH20,gated_local_linear,0.0009765625,0.0126953125,834.089905837577
lista_blockdiag_signsplit_hardinit_basin_partition,SLK-BD,FreezeWrongH20,gated_transfer_linear,0.0009765625,0.0126953125,25.191452267454018
lista_blockdiag_signsplit_hardinit_basin_partition,SLK-BD,FreezeWrongH20,multiwell_strong_transition,0.65234375,0.65234375,-0.6118668300805664
lista_dense_softblock_signsplit_p64_hardinit_basin_partition,SLK-SB,FreezeWrongH20,claude_cal_hexagon_6,0.01953125,0.1171875,0.7583210776083898
lista_dense_softblock_signsplit_p64_hardinit_basin_partition,SLK-SB,FreezeWrongH20,claude_cal_high_cross_3,0.1162109375,0.38671875,0.906426352503005
lista_dense_softblock_signsplit_p64_hardinit_basin_partition,SLK-SB,FreezeWrongH20,claude_cal_octagon_8,0.001953125,0.021484375,3.758044050867991
lista_dense_softblock_signsplit_p64_hardinit_basin_partition,SLK-SB,FreezeWrongH20,claude_cal_pentagon_5,0.0068359375,0.0478515625,3.189178079701205
lista_dense_softblock_signsplit_p64_hardinit_basin_partition,SLK-SB,FreezeWrongH20,claude_cal_square_4,0.0966796875,0.38671875,0.558112787577059
lista_dense_softblock_signsplit_p64_hardinit_basin_partition,SLK-SB,FreezeWrongH20,claude_checkerboard_potential,0.0029296875,0.0263671875,10.995327954132684
lista_dense_softblock_signsplit_p64_hardinit_basin_partition,SLK-SB,FreezeWrongH20,claude_snic_multi,0.0009765625,0.0126953125,45.01425682458711
lista_dense_softblock_signsplit_p64_hardinit_basin_partition,SLK-SB,FreezeWrongH20,claude_transition_routes_4,0.001953125,0.021484375,17.62838320063029
lista_dense_softblock_signsplit_p64_hardinit_basin_partition,SLK-SB,FreezeWrongH20,claude_var_depth_gradient_4,0.384765625,0.76953125,-0.17493609872223165
lista_dense_softblock_signsplit_p64_hardinit_basin_partition,SLK-SB,FreezeWrongH20,claude_var_diamond_4,0.0029296875,0.0263671875,4.065476350717423
lista_dense_softblock_signsplit_p64_hardinit_basin_partition,SLK-SB,FreezeWrongH20,gated_local_linear,0.0009765625,0.0126953125,1763.9474927748438
lista_dense_softblock_signsplit_p64_hardinit_basin_partition,SLK-SB,FreezeWrongH20,gated_transfer_linear,0.0244140625,0.1220703125,8.563740130101829
lista_dense_softblock_signsplit_p64_hardinit_basin_partition,SLK-SB,FreezeWrongH20,multiwell_strong_transition,0.4228515625,0.76953125,-0.433479910199155
mlp_sparse_blockdiag_hardinit_basin_partition_control,"Sparse MLP, BD",FreezeWrongH20,claude_cal_hexagon_6,0.001953125,0.0126953125,45.83395719718949
mlp_sparse_blockdiag_hardinit_basin_partition_control,"Sparse MLP, BD",FreezeWrongH20,claude_cal_high_cross_3,0.0068359375,0.013671875,22.90715310512325
mlp_sparse_blockdiag_hardinit_basin_partition_control,"Sparse MLP, BD",FreezeWrongH20,claude_cal_octagon_8,0.0009765625,0.0126953125,11.49498560783455
mlp_sparse_blockdiag_hardinit_basin_partition_control,"Sparse MLP, BD",FreezeWrongH20,claude_cal_pentagon_5,0.001953125,0.0126953125,7.419021480859872
mlp_sparse_blockdiag_hardinit_basin_partition_control,"Sparse MLP, BD",FreezeWrongH20,claude_cal_square_4,0.0009765625,0.0126953125,8.204772456278397
mlp_sparse_blockdiag_hardinit_basin_partition_control,"Sparse MLP, BD",FreezeWrongH20,claude_checkerboard_potential,0.0009765625,0.0126953125,27.073225641170495
mlp_sparse_blockdiag_hardinit_basin_partition_control,"Sparse MLP, BD",FreezeWrongH20,claude_snic_multi,0.001953125,0.0126953125,473.3367413329863
mlp_sparse_blockdiag_hardinit_basin_partition_control,"Sparse MLP, BD",FreezeWrongH20,claude_transition_routes_4,0.0009765625,0.0126953125,216.99913771724238
mlp_sparse_blockdiag_hardinit_basin_partition_control,"Sparse MLP, BD",FreezeWrongH20,claude_var_depth_gradient_4,0.00390625,0.0126953125,18.36617549921466
mlp_sparse_blockdiag_hardinit_basin_partition_control,"Sparse MLP, BD",FreezeWrongH20,claude_var_diamond_4,0.0009765625,0.0126953125,69.31354714702937
mlp_sparse_blockdiag_hardinit_basin_partition_control,"Sparse MLP, BD",FreezeWrongH20,gated_local_linear,0.0009765625,0.0126953125,6860.1465333229025
mlp_sparse_blockdiag_hardinit_basin_partition_control,"Sparse MLP, BD",FreezeWrongH20,gated_transfer_linear,0.0009765625,0.0126953125,43.78091183805249
mlp_sparse_blockdiag_hardinit_basin_partition_control,"Sparse MLP, BD",FreezeWrongH20,multiwell_strong_transition,0.9677734375,0.9677734375,-0.6432489933185064
mlp_sparse_hardinit_basin_partition_control,Sparse MLP,FreezeWrongH20,claude_cal_hexagon_6,0.001953125,0.0126953125,45.83395719718949
mlp_sparse_hardinit_basin_partition_control,Sparse MLP,FreezeWrongH20,claude_cal_high_cross_3,0.0068359375,0.0205078125,36.892389520362045
mlp_sparse_hardinit_basin_partition_control,Sparse MLP,FreezeWrongH20,claude_cal_octagon_8,0.0009765625,0.0126953125,5.760675026664639
mlp_sparse_hardinit_basin_partition_control,Sparse MLP,FreezeWrongH20,claude_cal_pentagon_5,0.0009765625,0.0126953125,6.295741207219087
mlp_sparse_hardinit_basin_partition_control,Sparse MLP,FreezeWrongH20,claude_cal_square_4,0.0009765625,0.0126953125,9.206915462995621
mlp_sparse_hardinit_basin_partition_control,Sparse MLP,FreezeWrongH20,claude_checkerboard_potential,0.0009765625,0.0126953125,41.309500641564625
mlp_sparse_hardinit_basin_partition_control,Sparse MLP,FreezeWrongH20,claude_snic_multi,0.0009765625,0.0126953125,627.7869557665837
mlp_sparse_hardinit_basin_partition_control,Sparse MLP,FreezeWrongH20,claude_transition_routes_4,0.0009765625,0.0126953125,149.91169444559176
mlp_sparse_hardinit_basin_partition_control,Sparse MLP,FreezeWrongH20,claude_var_depth_gradient_4,0.0078125,0.0205078125,19.028379800606047
mlp_sparse_hardinit_basin_partition_control,Sparse MLP,FreezeWrongH20,claude_var_diamond_4,0.001953125,0.0126953125,55.664072394330574
mlp_sparse_hardinit_basin_partition_control,Sparse MLP,FreezeWrongH20,gated_local_linear,0.0009765625,0.0126953125,5992.931933032949
mlp_sparse_hardinit_basin_partition_control,Sparse MLP,FreezeWrongH20,gated_transfer_linear,0.0009765625,0.0126953125,20.776263653159923
mlp_sparse_hardinit_basin_partition_control,Sparse MLP,FreezeWrongH20,multiwell_strong_transition,0.9931640625,0.9931640625,-0.705013810462291
