horizon,model,root_label,subset,depth_stratum,selector,rollout_mode,finite_ratio_iqm,finite_ratio_global_iqm,finite_ratio_n,finite_ratio_n_systems,censored_log10_iqm_ratio,K,N,sign_test_iqm_in_direction,sign_test_iqm_total,sign_test_iqm_p,censor_finite_finite,censor_missing_row_neutral,censor_routed_invalid_global_finite_loss,censor_routed_finite_global_invalid_win,censor_both_invalid_neutral
100,LISTA-SB (p64),lista_dense_softblock_signsplit_p64_hardinit_basin_partition,all,all,Support family,family_local_centered,0.21233697243675728,0.23785650149680665,248,17,0.1121141337380598,10,17,15,17,0.0011749267578125,248,7.0,,,
100,LISTA-SB (p64),lista_dense_softblock_signsplit_p64_hardinit_basin_partition,all,all,Basin labels,oracle_basin_local_centered,0.12689767205553995,0.09844402257030614,248,17,0.04544811445690171,11,17,14,17,0.0063629150390625,248,7.0,,,
100,LISTA-SB (p64),lista_dense_softblock_signsplit_p64_hardinit_basin_partition,all,all,Latent clusters,latent_kmeans_local_centered,1.30107166782731,1.5178354720738174,248,17,0.33359589133333906,3,17,12,17,0.0717315673828125,248,7.0,,,
100,LISTA-SB (p64),lista_dense_softblock_signsplit_p64_hardinit_basin_partition,all,all,Random matched,random_count_matched_local_centered,0.46963123700463755,0.48178479683299785,248,17,0.44810212052102133,16,17,16,17,0.0001373291015625,248,7.0,,,
100,LISTA-SB (p64),lista_dense_softblock_signsplit_p64_hardinit_basin_partition,deep,deep,Support family,family_local_centered,0.0643968421336699,0.06810621431789865,233,16,0.04007060402365002,13,17,16,17,0.0001373291015625,233,22.0,,,
100,LISTA-SB (p64),lista_dense_softblock_signsplit_p64_hardinit_basin_partition,deep,deep,Basin labels,oracle_basin_local_centered,0.11691090247219402,0.06467866353753159,233,16,0.03564214577504767,11,17,14,17,0.0063629150390625,233,22.0,,,
100,LISTA-SB (p64),lista_dense_softblock_signsplit_p64_hardinit_basin_partition,deep,deep,Latent clusters,latent_kmeans_local_centered,0.30843716649848135,0.4720086193839075,233,16,0.16486853104672589,3,17,12,17,0.0717315673828125,233,22.0,,,
100,LISTA-SB (p64),lista_dense_softblock_signsplit_p64_hardinit_basin_partition,deep,deep,Random matched,random_count_matched_local_centered,0.4500800776981243,0.46683181763284354,233,16,0.47609031187641165,14,17,15,17,0.0011749267578125,233,22.0,,,
100,LISTA-BD,lista_blockdiag_signsplit_hardinit_basin_partition,all,all,Support family,family_local_centered,0.15576765029212286,0.1590921357731356,255,17,0.031207361513939148,12,17,15,17,0.0011749267578125,255,,,,
100,LISTA-BD,lista_blockdiag_signsplit_hardinit_basin_partition,all,all,Basin labels,oracle_basin_local_centered,0.0069616621051211865,0.016016780910266735,254,17,0.002276252859818795,16,17,16,17,0.0001373291015625,254,,1.0,,
100,LISTA-BD,lista_blockdiag_signsplit_hardinit_basin_partition,all,all,Latent clusters,latent_kmeans_local_centered,0.20644193360996632,0.14862411186342217,255,17,0.011391743970701224,11,17,12,17,0.0717315673828125,255,,,,
100,LISTA-BD,lista_blockdiag_signsplit_hardinit_basin_partition,all,all,Random matched,random_count_matched_local_centered,0.8663628283645144,0.8752953450205148,255,17,0.8712031228427536,15,17,16,17,0.0001373291015625,255,,,,
100,LISTA-BD,lista_blockdiag_signsplit_hardinit_basin_partition,deep,deep,Support family,family_local_centered,0.03776953799470455,0.04808271823129444,240,16,0.012928652295796234,13,17,16,17,0.0001373291015625,240,15.0,,,
100,LISTA-BD,lista_blockdiag_signsplit_hardinit_basin_partition,deep,deep,Basin labels,oracle_basin_local_centered,0.003472691800457842,0.007265087518146636,237,16,0.002066181299423218,14,17,15,17,0.0011749267578125,237,15.0,3.0,,
100,LISTA-BD,lista_blockdiag_signsplit_hardinit_basin_partition,deep,deep,Latent clusters,latent_kmeans_local_centered,0.055896676938337664,0.05593902771168329,240,16,0.009389364017793713,13,17,13,17,0.0245208740234375,240,15.0,,,
100,LISTA-BD,lista_blockdiag_signsplit_hardinit_basin_partition,deep,deep,Random matched,random_count_matched_local_centered,0.898628402883473,0.8999489598371307,240,16,0.9388405368940284,14,17,15,17,0.0011749267578125,240,15.0,,,
100,"Sparse MLP, BD",mlp_sparse_blockdiag_hardinit_basin_partition_control,all,all,Support family,family_local_centered,0.22241267574002377,0.11636713328464791,248,17,0.03673448438953352,7,17,14,17,0.0063629150390625,248,7.0,,,
100,"Sparse MLP, BD",mlp_sparse_blockdiag_hardinit_basin_partition_control,all,all,Basin labels,oracle_basin_local_centered,0.003906298798118915,0.0032081379122116025,226,17,0.003592201893840699,8,17,13,17,0.0245208740234375,226,7.0,22.0,,
100,"Sparse MLP, BD",mlp_sparse_blockdiag_hardinit_basin_partition_control,all,all,Latent clusters,latent_kmeans_local_centered,0.013909593346862351,0.01863348205474896,248,17,0.009506588367733774,13,17,15,17,0.0011749267578125,248,7.0,,,
100,"Sparse MLP, BD",mlp_sparse_blockdiag_hardinit_basin_partition_control,all,all,Random matched,random_count_matched_local_centered,0.9507627216308538,0.9560675345651402,248,17,0.9585177791108125,12,17,16,17,0.0001373291015625,248,7.0,,,
100,"Sparse MLP, BD",mlp_sparse_blockdiag_hardinit_basin_partition_control,deep,deep,Support family,family_local_centered,0.10120449770355347,0.11618723888505629,235,16,0.03481944373573007,8,17,14,17,0.0063629150390625,235,20.0,,,
100,"Sparse MLP, BD",mlp_sparse_blockdiag_hardinit_basin_partition_control,deep,deep,Basin labels,oracle_basin_local_centered,0.0042571666105179614,0.0036305014403779515,198,15,0.012543960438840339,7,17,11,17,0.1661529541015625,198,20.0,37.0,,
100,"Sparse MLP, BD",mlp_sparse_blockdiag_hardinit_basin_partition_control,deep,deep,Latent clusters,latent_kmeans_local_centered,0.008821773769263706,0.010046318740578077,235,16,0.007323762428453333,14,17,14,17,0.0063629150390625,235,20.0,,,
100,"Sparse MLP, BD",mlp_sparse_blockdiag_hardinit_basin_partition_control,deep,deep,Random matched,random_count_matched_local_centered,0.9777946257028534,0.9832304597002014,235,16,0.9869632965161346,10,17,14,17,0.0063629150390625,235,20.0,,,
100,Sparse MLP,mlp_sparse_hardinit_basin_partition_control,all,all,Support family,family_local_centered,0.12950109764582315,0.09888025109495072,255,17,0.03260370886983502,6,17,14,17,0.0063629150390625,255,,,,
100,Sparse MLP,mlp_sparse_hardinit_basin_partition_control,all,all,Basin labels,oracle_basin_local_centered,0.003691193736022195,0.0039574213071752315,236,17,0.003276356307643407,10,17,13,17,0.0245208740234375,236,,19.0,,
100,Sparse MLP,mlp_sparse_hardinit_basin_partition_control,all,all,Latent clusters,latent_kmeans_local_centered,0.013265278196456037,0.018462692507595725,255,17,0.010059887788468128,14,17,15,17,0.0011749267578125,255,,,,
100,Sparse MLP,mlp_sparse_hardinit_basin_partition_control,all,all,Random matched,random_count_matched_local_centered,0.9657195473149005,0.9587907920744807,255,17,0.9582507558131454,14,17,17,17,7.62939453125e-06,255,,,,
100,Sparse MLP,mlp_sparse_hardinit_basin_partition_control,deep,deep,Support family,family_local_centered,0.06051844016817534,0.07889841932706375,240,16,0.031103926174457692,5,17,14,17,0.0063629150390625,240,15.0,,,
100,Sparse MLP,mlp_sparse_hardinit_basin_partition_control,deep,deep,Basin labels,oracle_basin_local_centered,0.0036587926186521565,0.003947244841521329,207,16,0.01172855464261069,10,17,11,17,0.1661529541015625,207,15.0,33.0,,
100,Sparse MLP,mlp_sparse_hardinit_basin_partition_control,deep,deep,Latent clusters,latent_kmeans_local_centered,0.011374746801404937,0.012325669585691508,240,16,0.008262449360705987,13,17,14,17,0.0063629150390625,240,15.0,,,
100,Sparse MLP,mlp_sparse_hardinit_basin_partition_control,deep,deep,Random matched,random_count_matched_local_centered,0.9820814648067178,0.9818275760046022,240,16,0.9847681180877431,13,17,14,17,0.0063629150390625,240,15.0,,,
100,Dense MLP,mlp_zero_sparse_hardinit_basin_partition_control,all,all,Support family,family_local_centered,1043.638907878629,744.6801646183575,255,17,186.78546072266536,0,17,1,17,0.9999923706054688,255,,,,
100,Dense MLP,mlp_zero_sparse_hardinit_basin_partition_control,all,all,Basin labels,oracle_basin_local_centered,10.577379444861776,7.538305630756066,188,16,1.839422104105447e+17,5,17,7,17,0.8338470458984375,188,,67.0,,
100,Dense MLP,mlp_zero_sparse_hardinit_basin_partition_control,all,all,Latent clusters,latent_kmeans_local_centered,1620481.0515251267,216512.8937295617,254,17,1033.656574960486,1,17,2,17,0.9998626708984375,254,,1.0,,
100,Dense MLP,mlp_zero_sparse_hardinit_basin_partition_control,all,all,Random matched,random_count_matched_local_centered,1.0851884462854606,0.999494651576522,255,17,0.9988000528626702,1,17,7,17,0.8338470458984375,255,,,,
100,Dense MLP,mlp_zero_sparse_hardinit_basin_partition_control,deep,deep,Support family,family_local_centered,661.8658364349116,547.1177460299255,240,16,82.41684612294655,0,17,1,17,0.9999923706054688,240,15.0,,,
100,Dense MLP,mlp_zero_sparse_hardinit_basin_partition_control,deep,deep,Basin labels,oracle_basin_local_centered,9.319349167211849,6.860214727940967,172,15,9.539468345829328e+16,4,17,5,17,0.9754791259765625,172,15.0,68.0,,
100,Dense MLP,mlp_zero_sparse_hardinit_basin_partition_control,deep,deep,Latent clusters,latent_kmeans_local_centered,131772.36379858435,20285.07260791387,239,16,48.582728798061915,3,17,4,17,0.9936370849609375,239,15.0,1.0,,
100,Dense MLP,mlp_zero_sparse_hardinit_basin_partition_control,deep,deep,Random matched,random_count_matched_local_centered,0.9995613543126297,0.9841429699759661,240,16,0.9884451856596317,1,17,6,17,0.9282684326171875,240,15.0,,,
1000,LISTA-SB (p64),lista_dense_softblock_signsplit_p64_hardinit_basin_partition,all,all,Support family,family_local_centered,20.8874458060262,0.08670353485281464,110,16,4.275912463569384e-32,13,17,17,17,7.62939453125e-06,110,7.0,,132.0,6.0
1000,LISTA-SB (p64),lista_dense_softblock_signsplit_p64_hardinit_basin_partition,all,all,Basin labels,oracle_basin_local_centered,771913960312.1973,20239.17355034418,107,15,1.3294578096393013e-30,11,17,14,17,0.0063629150390625,107,7.0,3.0,121.0,17.0
1000,LISTA-SB (p64),lista_dense_softblock_signsplit_p64_hardinit_basin_partition,all,all,Latent clusters,latent_kmeans_local_centered,1.5090749123860985,0.017125374192232073,110,16,3.8570726886104553e-35,16,17,16,17,0.0001373291015625,110,7.0,,137.0,1.0
1000,LISTA-SB (p64),lista_dense_softblock_signsplit_p64_hardinit_basin_partition,all,all,Random matched,random_count_matched_local_centered,3.934731808709682e-06,2.0675633474579603e-06,110,16,4.899650714631758e-36,17,17,17,17,7.62939453125e-06,110,7.0,,138.0,
1000,LISTA-SB (p64),lista_dense_softblock_signsplit_p64_hardinit_basin_partition,deep,deep,Support family,family_local_centered,1.457230510498037,0.025954747147128112,93,14,1.7121350209605782e-32,14,17,16,17,0.0001373291015625,93,22.0,,131.0,9.0
1000,LISTA-SB (p64),lista_dense_softblock_signsplit_p64_hardinit_basin_partition,deep,deep,Basin labels,oracle_basin_local_centered,124121335821839.77,89455649.79073349,89,13,1.2437480760864673e-25,10,17,13,17,0.0245208740234375,89,22.0,4.0,118.0,22.0
1000,LISTA-SB (p64),lista_dense_softblock_signsplit_p64_hardinit_basin_partition,deep,deep,Latent clusters,latent_kmeans_local_centered,0.003349724829063221,0.00025768154899980704,93,14,1.2728427162381387e-35,16,17,16,17,0.0001373291015625,93,22.0,,139.0,1.0
1000,LISTA-SB (p64),lista_dense_softblock_signsplit_p64_hardinit_basin_partition,deep,deep,Random matched,random_count_matched_local_centered,6.151455994105802e-07,2.727117095471217e-06,93,14,4.942593449202864e-36,16,17,16,17,0.0001373291015625,93,22.0,,140.0,
1000,LISTA-BD,lista_blockdiag_signsplit_hardinit_basin_partition,all,all,Support family,family_local_centered,0.013102573778118291,0.0032161739899782644,82,8,2.041306148025507e-39,15,17,17,17,7.62939453125e-06,82,,,173.0,
1000,LISTA-BD,lista_blockdiag_signsplit_hardinit_basin_partition,all,all,Basin labels,oracle_basin_local_centered,0.37091416521440196,2.73810717240812,82,8,3.7142516698116634e-39,15,17,16,17,0.0001373291015625,82,,,163.0,10.0
1000,LISTA-BD,lista_blockdiag_signsplit_hardinit_basin_partition,all,all,Latent clusters,latent_kmeans_local_centered,5.566884992609411e-12,3.846886365845012e-09,82,8,9.45198015312589e-41,16,17,17,17,7.62939453125e-06,82,,,173.0,
1000,LISTA-BD,lista_blockdiag_signsplit_hardinit_basin_partition,all,all,Random matched,random_count_matched_local_centered,0.008389163492874902,0.08148009755655404,79,8,8.995795622376674e-35,16,17,17,17,7.62939453125e-06,79,,3.0,144.0,29.0
1000,LISTA-BD,lista_blockdiag_signsplit_hardinit_basin_partition,deep,deep,Support family,family_local_centered,9.340113461984169e-05,0.0001274046811857636,65,7,4.080334880645697e-40,15,17,16,17,0.0001373291015625,65,15.0,,175.0,
1000,LISTA-BD,lista_blockdiag_signsplit_hardinit_basin_partition,deep,deep,Basin labels,oracle_basin_local_centered,1.6694288108435555,643726.6433395462,65,7,5.2820745054392775e-39,14,17,15,17,0.0011749267578125,65,15.0,,164.0,11.0
1000,LISTA-BD,lista_blockdiag_signsplit_hardinit_basin_partition,deep,deep,Latent clusters,latent_kmeans_local_centered,3.801665607291141e-14,2.8605831293987185e-11,65,7,6.21314621477388e-41,16,17,16,17,0.0001373291015625,65,15.0,,175.0,
1000,LISTA-BD,lista_blockdiag_signsplit_hardinit_basin_partition,deep,deep,Random matched,random_count_matched_local_centered,0.005945398117333008,0.11102820181457082,61,7,2.408346449424399e-32,15,17,16,17,0.0001373291015625,61,15.0,4.0,136.0,39.0
1000,"Sparse MLP, BD",mlp_sparse_blockdiag_hardinit_basin_partition_control,all,all,Support family,family_local_centered,199.5847774727813,0.008088854504263507,36,12,1e-41,17,17,17,17,7.62939453125e-06,36,7.0,,211.0,1.0
1000,"Sparse MLP, BD",mlp_sparse_blockdiag_hardinit_basin_partition_control,all,all,Basin labels,oracle_basin_local_centered,0.03593037429208705,2.142286548122786e-09,26,8,1.2131842168889227e-40,13,17,15,17,0.0011749267578125,26,7.0,10.0,174.0,38.0
1000,"Sparse MLP, BD",mlp_sparse_blockdiag_hardinit_basin_partition_control,all,all,Latent clusters,latent_kmeans_local_centered,9.47573787462786e-09,1.1331022641132878e-14,36,12,1e-41,17,17,17,17,7.62939453125e-06,36,7.0,,212.0,
1000,"Sparse MLP, BD",mlp_sparse_blockdiag_hardinit_basin_partition_control,all,all,Random matched,random_count_matched_local_centered,0.4276058606882239,0.039242110690025145,28,9,7.178543983872769e-21,8,17,11,17,0.1661529541015625,28,7.0,8.0,113.0,99.0
1000,"Sparse MLP, BD",mlp_sparse_blockdiag_hardinit_basin_partition_control,deep,deep,Support family,family_local_centered,0.22813860866206692,0.0008653397786718966,35,11,1e-41,16,17,16,17,0.0001373291015625,35,20.0,,194.0,6.0
1000,"Sparse MLP, BD",mlp_sparse_blockdiag_hardinit_basin_partition_control,deep,deep,Basin labels,oracle_basin_local_centered,0.03355174300580693,9.68151695193896e-10,25,7,1.900275763390122e-29,11,17,14,17,0.0063629150390625,25,20.0,10.0,158.0,42.0
1000,"Sparse MLP, BD",mlp_sparse_blockdiag_hardinit_basin_partition_control,deep,deep,Latent clusters,latent_kmeans_local_centered,7.941422426666547e-10,2.741316514748456e-15,35,11,1e-41,16,17,16,17,0.0001373291015625,35,20.0,,200.0,
1000,"Sparse MLP, BD",mlp_sparse_blockdiag_hardinit_basin_partition_control,deep,deep,Random matched,random_count_matched_local_centered,0.022994355443414372,5.691796791090978e-07,26,8,4.052370815310085e-16,6,17,10,17,0.3145294189453125,26,20.0,9.0,84.0,116.0
1000,Sparse MLP,mlp_sparse_hardinit_basin_partition_control,all,all,Support family,family_local_centered,0.37485148993261036,0.049067704413783254,39,12,1e-41,17,17,17,17,7.62939453125e-06,39,,,215.0,1.0
1000,Sparse MLP,mlp_sparse_hardinit_basin_partition_control,all,all,Basin labels,oracle_basin_local_centered,0.08404437880109572,5.7244030900050125e-06,29,8,1.3570345696498275e-41,13,17,16,17,0.0001373291015625,29,,10.0,187.0,29.0
1000,Sparse MLP,mlp_sparse_hardinit_basin_partition_control,all,all,Latent clusters,latent_kmeans_local_centered,2.0364060593806163e-14,5.175458299384444e-16,39,12,1e-41,17,17,17,17,7.62939453125e-06,39,,,216.0,
1000,Sparse MLP,mlp_sparse_hardinit_basin_partition_control,all,all,Random matched,random_count_matched_local_centered,88221988034.41304,0.0010307145729514617,25,5,5.572699110698259e-23,6,17,14,17,0.0063629150390625,25,,14.0,121.0,95.0
1000,Sparse MLP,mlp_sparse_hardinit_basin_partition_control,deep,deep,Support family,family_local_centered,0.2800766742845856,0.014479494682768925,38,12,1e-41,16,17,16,17,0.0001373291015625,38,15.0,,196.0,6.0
1000,Sparse MLP,mlp_sparse_hardinit_basin_partition_control,deep,deep,Basin labels,oracle_basin_local_centered,0.0009842824433985303,5.899947492630821e-08,29,8,2.7135708385486572e-39,12,17,15,17,0.0011749267578125,29,15.0,9.0,167.0,35.0
1000,Sparse MLP,mlp_sparse_hardinit_basin_partition_control,deep,deep,Latent clusters,latent_kmeans_local_centered,2.2949325423204304e-13,4.970441908448806e-16,38,12,1e-41,16,17,16,17,0.0001373291015625,38,15.0,,202.0,
1000,Sparse MLP,mlp_sparse_hardinit_basin_partition_control,deep,deep,Random matched,random_count_matched_local_centered,0.1893483338469866,7.109465475262017e-07,23,5,2.6119874912885475e-17,4,17,10,17,0.3145294189453125,23,15.0,15.0,89.0,113.0
1000,Dense MLP,mlp_zero_sparse_hardinit_basin_partition_control,all,all,Support family,family_local_centered,674.7474474992822,617.2419939680806,236,16,56.5135717029279,1,17,2,17,0.9998626708984375,236,,,18.0,1.0
1000,Dense MLP,mlp_zero_sparse_hardinit_basin_partition_control,all,all,Basin labels,oracle_basin_local_centered,1.6189903725806994e+16,73926128682623.64,132,14,3.327964378887779e+28,3,17,4,17,0.9936370849609375,132,,104.0,18.0,1.0
1000,Dense MLP,mlp_zero_sparse_hardinit_basin_partition_control,all,all,Latent clusters,latent_kmeans_local_centered,981817593084.486,270519862186.55798,232,16,36.96307051059313,3,17,6,17,0.9282684326171875,232,,4.0,17.0,2.0
1000,Dense MLP,mlp_zero_sparse_hardinit_basin_partition_control,all,all,Random matched,random_count_matched_local_centered,0.752469050098179,0.6525459006091684,229,16,0.2369050174386086,2,17,16,17,0.0001373291015625,229,,7.0,15.0,4.0
1000,Dense MLP,mlp_zero_sparse_hardinit_basin_partition_control,deep,deep,Support family,family_local_centered,533.2507571054405,571.9027565895398,221,15,33.12803533257824,1,17,3,17,0.9988250732421875,221,15.0,,18.0,1.0
1000,Dense MLP,mlp_zero_sparse_hardinit_basin_partition_control,deep,deep,Basin labels,oracle_basin_local_centered,1822246469165.8293,7536130711364.258,126,14,2.1383847515779709e+24,2,17,3,17,0.9988250732421875,126,15.0,95.0,3.0,16.0
1000,Dense MLP,mlp_zero_sparse_hardinit_basin_partition_control,deep,deep,Latent clusters,latent_kmeans_local_centered,7565206.563967037,144496.99678035127,217,15,0.011906187795931654,3,17,8,17,0.6854705810546875,217,15.0,4.0,17.0,2.0
1000,Dense MLP,mlp_zero_sparse_hardinit_basin_partition_control,deep,deep,Random matched,random_count_matched_local_centered,0.7281239283453068,0.7352860610209507,211,15,0.5361117295545449,1,17,13,17,0.0245208740234375,211,15.0,10.0,13.0,6.0
