benchmark,condition,model,split,horizon,latent_dim,sparsity_coefficient,metric_name,mean,std,ci95_low,ci95_high,n,bootstrap_resamples
lorenz96,D64_F8.0_obs1.0_noise0.0,dense_kae,test,0,16,0.0,avg_active_per_coord_1e2,1.0,0.0,1.0,1.0,1,2000
lorenz96,D64_F8.0_obs1.0_noise0.0,dense_kae,test,0,16,0.0,avg_active_per_coord_1e3,1.0,0.0,1.0,1.0,1,2000
lorenz96,D64_F8.0_obs1.0_noise0.0,dense_kae,test,0,16,0.0,avg_active_per_coord_1e4,14.875,0.0,14.875,14.875,1,2000
lorenz96,D64_F8.0_obs1.0_noise0.0,dense_kae,test,0,16,0.0,effective_density_1e2,0.0625,0.0,0.0625,0.0625,1,2000
lorenz96,D64_F8.0_obs1.0_noise0.0,dense_kae,test,0,16,0.0,effective_density_1e3,0.0625,0.0,0.0625,0.0625,1,2000
lorenz96,D64_F8.0_obs1.0_noise0.0,dense_kae,test,0,16,0.0,effective_density_1e4,0.9296875,0.0,0.9296875,0.9296875,1,2000
lorenz96,D64_F8.0_obs1.0_noise0.0,dense_kae,test,0,16,0.0,inference_time_seconds,0.00035971682518720627,0.0,0.00035971682518720627,0.00035971682518720627,1,2000
lorenz96,D64_F8.0_obs1.0_noise0.0,dense_kae,test,0,16,0.0,k_l0_exact,0.0,0.0,0.0,0.0,1,2000
lorenz96,D64_F8.0_obs1.0_noise0.0,dense_kae,test,0,16,0.0,k_l1,16.156776428222656,0.0,16.156776428222656,16.156776428222656,1,2000
lorenz96,D64_F8.0_obs1.0_noise0.0,dense_kae,test,0,16,0.0,k_max_abs,1.0008718967437744,0.0,1.0008718967437744,1.0008718967437744,1,2000
lorenz96,D64_F8.0_obs1.0_noise0.0,dense_kae,test,0,16,0.0,spectral_radius,1.0015205144882202,0.0,1.0015205144882202,1.0015205144882202,1,2000
lorenz96,D64_F8.0_obs1.0_noise0.0,dense_kae,test,0,16,0.0,valid_prediction_never_crossed,0.0,0.0,0.0,0.0,2,2000
lorenz96,D64_F8.0_obs1.0_noise0.0,dense_kae,test,0,16,0.0,valid_prediction_time,1.0,0.0,1.0,1.0,2,2000
lorenz96,D64_F8.0_obs1.0_noise0.0,dense_kae,test,1,16,0.0,max_abs_error,2.4150519371032715,0.2270228193921724,2.2545225620269775,2.5755813121795654,2,2000
lorenz96,D64_F8.0_obs1.0_noise0.0,dense_kae,test,1,16,0.0,nrmse,0.9906652512053216,0.004253161091002655,0.9876578121563948,0.9936726902542483,2,2000
lorenz96,D64_F8.0_obs1.0_noise0.0,dense_kae,test,1,16,0.0,power_spectrum_error,0.9422105550765991,0.010995607014310122,0.9344354867935181,0.9499856233596802,2,2000
lorenz96,D64_F8.0_obs1.0_noise0.0,dense_kae,test,1,16,0.0,relative_l2,0.9906651973724365,0.00425320707062836,0.9876577258110046,0.9936726689338684,2,2000
lorenz96,D64_F8.0_obs1.0_noise0.0,dense_kae,test,1,16,0.0,temporal_corr,0.1742533395229116,0.06948207043154528,0.12512209634988464,0.22338458269593858,2,2000
lorenz96,D64_F8.0_obs1.0_noise0.0,dense_kae,test,10,16,0.0,autocorr_error,0.3888114243745804,0.018068417176893038,0.3760351240634918,0.40158772468566895,2,2000
lorenz96,D64_F8.0_obs1.0_noise0.0,dense_kae,test,10,16,0.0,max_abs_error,2.7096792459487915,0.2753674462702904,2.514965057373047,2.904393434524536,2,2000
lorenz96,D64_F8.0_obs1.0_noise0.0,dense_kae,test,10,16,0.0,nrmse,0.9949093135463458,0.000638904289100354,0.9944575399909938,0.9953610871016979,2,2000
lorenz96,D64_F8.0_obs1.0_noise0.0,dense_kae,test,10,16,0.0,power_spectrum_error,0.9433265030384064,0.010254201802154986,0.9360756874084473,0.9505773186683655,2,2000
lorenz96,D64_F8.0_obs1.0_noise0.0,dense_kae,test,10,16,0.0,relative_l2,0.9949093461036682,0.0006388619297281317,0.9944576025009155,0.9953610897064209,2,2000
lorenz96,D64_F8.0_obs1.0_noise0.0,dense_kae,test,10,16,0.0,temporal_corr,0.12172449403498758,0.021263986102116647,0.1066885852671244,0.13676040280285076,2,2000
lorenz96,D64_F8.0_obs1.0_noise0.0,dense_kae,test,5,16,0.0,autocorr_error,0.21265338361263275,0.049716865045359965,0.1774982511997223,0.2478085160255432,2,2000
lorenz96,D64_F8.0_obs1.0_noise0.0,dense_kae,test,5,16,0.0,max_abs_error,2.6659374237060547,0.2135071680116989,2.514965057373047,2.8169097900390625,2,2000
lorenz96,D64_F8.0_obs1.0_noise0.0,dense_kae,test,5,16,0.0,nrmse,0.9904019386596354,0.0032505607632995264,0.9881034451012475,0.9927004322180235,2,2000
lorenz96,D64_F8.0_obs1.0_noise0.0,dense_kae,test,5,16,0.0,power_spectrum_error,0.9403417706489563,0.011737307254404835,0.9320422410964966,0.948641300201416,2,2000
lorenz96,D64_F8.0_obs1.0_noise0.0,dense_kae,test,5,16,0.0,relative_l2,0.9904019236564636,0.003250533544554191,0.988103449344635,0.9927003979682922,2,2000
lorenz96,D64_F8.0_obs1.0_noise0.0,dense_kae,test,5,16,0.0,temporal_corr,0.1876519030408334,0.04515824037714102,0.15572020504370482,0.21958360103796196,2,2000
lorenz96,D64_F8.0_obs1.0_noise0.0,dmd,test,0,0,0.0,valid_prediction_never_crossed,0.5,0.7071067811865476,0.0,1.0,2,2000
lorenz96,D64_F8.0_obs1.0_noise0.0,dmd,test,0,0,0.0,valid_prediction_time,5.5,6.363961030678928,1.0,10.0,2,2000
lorenz96,D64_F8.0_obs1.0_noise0.0,dmd,test,1,0,0.0,max_abs_error,4.669677793979645,6.502949788831364,0.07139790058135986,9.26795768737793,2,2000
lorenz96,D64_F8.0_obs1.0_noise0.0,dmd,test,1,0,0.0,nrmse,1.4483480022293465,2.005154247528335,0.03048983647705175,2.866206167981641,2,2000
lorenz96,D64_F8.0_obs1.0_noise0.0,dmd,test,1,0,0.0,power_spectrum_error,0.8372075338847935,1.1785476354146884,0.003848508931696415,1.6705665588378906,2,2000
lorenz96,D64_F8.0_obs1.0_noise0.0,dmd,test,1,0,0.0,relative_l2,1.44834800157696,2.005154250072736,0.030489834025502205,2.866206169128418,2,2000
lorenz96,D64_F8.0_obs1.0_noise0.0,dmd,test,1,0,0.0,temporal_corr,0.5668071593258603,0.6119863529986114,0.13406745912691803,0.9995468595248027,2,2000
lorenz96,D64_F8.0_obs1.0_noise0.0,dmd,test,10,0,0.0,autocorr_error,0.19605516269803047,0.2348870578077368,0.029964931309223175,0.36214539408683777,2,2000
lorenz96,D64_F8.0_obs1.0_noise0.0,dmd,test,10,0,0.0,max_abs_error,24.35156339406967,33.759206296083434,0.4801996946334839,48.22292709350586,2,2000
lorenz96,D64_F8.0_obs1.0_noise0.0,dmd,test,10,0,0.0,nrmse,5.613232615353693,7.778625231073078,0.11291396615314499,11.113551264554241,2,2000
lorenz96,D64_F8.0_obs1.0_noise0.0,dmd,test,10,0,0.0,power_spectrum_error,4.8252395847812295,6.780890572840671,0.03042587824165821,9.6200532913208,2,2000
lorenz96,D64_F8.0_obs1.0_noise0.0,dmd,test,10,0,0.0,relative_l2,5.613233033567667,7.778625811943824,0.11291397362947464,11.11355209350586,2,2000
lorenz96,D64_F8.0_obs1.0_noise0.0,dmd,test,10,0,0.0,temporal_corr,0.46976597121919256,0.7416303633658262,-0.05464588785062638,0.9941778302890115,2,2000
lorenz96,D64_F8.0_obs1.0_noise0.0,dmd,test,5,0,0.0,autocorr_error,0.199266554787755,0.22952912125154318,0.03696495667099953,0.3615681529045105,2,2000
lorenz96,D64_F8.0_obs1.0_noise0.0,dmd,test,5,0,0.0,max_abs_error,14.437072277069092,20.012659559482888,0.28598499298095703,28.588159561157227,2,2000
lorenz96,D64_F8.0_obs1.0_noise0.0,dmd,test,5,0,0.0,nrmse,3.4969461420375123,4.8592308727185785,0.06095104058718028,6.932941243487845,2,2000
lorenz96,D64_F8.0_obs1.0_noise0.0,dmd,test,5,0,0.0,power_spectrum_error,2.5772917298600078,3.636677234688338,0.005772596225142479,5.148810863494873,2,2000
lorenz96,D64_F8.0_obs1.0_noise0.0,dmd,test,5,0,0.0,relative_l2,3.4969459995627403,4.859230673197578,0.06095103919506073,6.93294095993042,2,2000
lorenz96,D64_F8.0_obs1.0_noise0.0,dmd,test,5,0,0.0,temporal_corr,0.4335243183876752,0.7986786729891491,-0.1312267872720251,0.9982754240473755,2,2000
lorenz96,D64_F8.0_obs1.0_noise0.0,persistence,test,0,0,0.0,valid_prediction_never_crossed,0.0,0.0,0.0,0.0,2,2000
lorenz96,D64_F8.0_obs1.0_noise0.0,persistence,test,0,0,0.0,valid_prediction_time,5.0,0.0,5.0,5.0,2,2000
lorenz96,D64_F8.0_obs1.0_noise0.0,persistence,test,1,0,0.0,max_abs_error,0.7671560645103455,0.02417281920124114,0.7500633001327515,0.7842488288879395,2,2000
lorenz96,D64_F8.0_obs1.0_noise0.0,persistence,test,1,0,0.0,nrmse,0.25629470064616056,0.008261241005338356,0.2504531211102694,0.26213628018205165,2,2000
lorenz96,D64_F8.0_obs1.0_noise0.0,persistence,test,1,0,0.0,power_spectrum_error,0.009971819119527936,0.008441896206537399,0.004002497065812349,0.015941141173243523,2,2000
lorenz96,D64_F8.0_obs1.0_noise0.0,persistence,test,1,0,0.0,relative_l2,0.25629468262195587,0.008261224850044595,0.2504531145095825,0.2621362507343292,2,2000
lorenz96,D64_F8.0_obs1.0_noise0.0,persistence,test,1,0,0.0,temporal_corr,0.9671021572053924,0.001996457292438939,0.9656904487155594,0.9685138656952252,2,2000
lorenz96,D64_F8.0_obs1.0_noise0.0,persistence,test,10,0,0.0,autocorr_error,0.9999985098838806,2.5288109106536417e-07,0.9999983310699463,0.9999986886978149,2,2000
lorenz96,D64_F8.0_obs1.0_noise0.0,persistence,test,10,0,0.0,max_abs_error,4.20835542678833,0.44456832984079114,3.893998146057129,4.522712707519531,2,2000
lorenz96,D64_F8.0_obs1.0_noise0.0,persistence,test,10,0,0.0,nrmse,1.145599879951738,0.01794673075055939,1.1329096249378883,1.1582901349655876,2,2000
lorenz96,D64_F8.0_obs1.0_noise0.0,persistence,test,10,0,0.0,power_spectrum_error,0.5359715223312378,0.011214349158081663,0.5280417799949646,0.543901264667511,2,2000
lorenz96,D64_F8.0_obs1.0_noise0.0,persistence,test,10,0,0.0,relative_l2,1.1455998420715332,0.017946802445514852,1.1329095363616943,1.158290147781372,2,2000
lorenz96,D64_F8.0_obs1.0_noise0.0,persistence,test,10,0,0.0,temporal_corr,0.3403211811186373,0.011767666004728818,0.33200018468795517,0.3486421775493195,2,2000
lorenz96,D64_F8.0_obs1.0_noise0.0,persistence,test,5,0,0.0,autocorr_error,1.0,0.0,1.0,1.0,2,2000
lorenz96,D64_F8.0_obs1.0_noise0.0,persistence,test,5,0,0.0,max_abs_error,3.9234302043914795,0.8259747181535803,3.3393778800964355,4.507482528686523,2,2000
lorenz96,D64_F8.0_obs1.0_noise0.0,persistence,test,5,0,0.0,nrmse,0.7784742150060109,0.0065542511406278085,0.7738396595788734,0.7831087704331485,2,2000
lorenz96,D64_F8.0_obs1.0_noise0.0,persistence,test,5,0,0.0,power_spectrum_error,0.2727879583835602,0.008965266880994823,0.2664485573768616,0.2791273593902588,2,2000
lorenz96,D64_F8.0_obs1.0_noise0.0,persistence,test,5,0,0.0,relative_l2,0.7784741818904877,0.00655421426508062,0.7738396525382996,0.7831087112426758,2,2000
lorenz96,D64_F8.0_obs1.0_noise0.0,persistence,test,5,0,0.0,temporal_corr,0.6953409213006215,0.0023698728655866344,0.6936651681268152,0.6970166744744278,2,2000
lorenz96,D64_F8.0_obs1.0_noise0.0,skae_k_l1,test,0,16,0.0001,avg_active_per_coord_1e2,1.0,0.0,1.0,1.0,1,2000
lorenz96,D64_F8.0_obs1.0_noise0.0,skae_k_l1,test,0,16,0.0001,avg_active_per_coord_1e3,1.0,0.0,1.0,1.0,1,2000
lorenz96,D64_F8.0_obs1.0_noise0.0,skae_k_l1,test,0,16,0.0001,avg_active_per_coord_1e4,14.875,0.0,14.875,14.875,1,2000
lorenz96,D64_F8.0_obs1.0_noise0.0,skae_k_l1,test,0,16,0.0001,effective_density_1e2,0.0625,0.0,0.0625,0.0625,1,2000
lorenz96,D64_F8.0_obs1.0_noise0.0,skae_k_l1,test,0,16,0.0001,effective_density_1e3,0.0625,0.0,0.0625,0.0625,1,2000
lorenz96,D64_F8.0_obs1.0_noise0.0,skae_k_l1,test,0,16,0.0001,effective_density_1e4,0.9296875,0.0,0.9296875,0.9296875,1,2000
lorenz96,D64_F8.0_obs1.0_noise0.0,skae_k_l1,test,0,16,0.0001,inference_time_seconds,0.0003266679123044014,0.0,0.0003266679123044014,0.0003266679123044014,1,2000
lorenz96,D64_F8.0_obs1.0_noise0.0,skae_k_l1,test,0,16,0.0001,k_l0_exact,0.0,0.0,0.0,0.0,1,2000
lorenz96,D64_F8.0_obs1.0_noise0.0,skae_k_l1,test,0,16,0.0001,k_l1,16.156770706176758,0.0,16.156770706176758,16.156770706176758,1,2000
lorenz96,D64_F8.0_obs1.0_noise0.0,skae_k_l1,test,0,16,0.0001,k_max_abs,1.0008717775344849,0.0,1.0008717775344849,1.0008717775344849,1,2000
lorenz96,D64_F8.0_obs1.0_noise0.0,skae_k_l1,test,0,16,0.0001,spectral_radius,1.0015205144882202,0.0,1.0015205144882202,1.0015205144882202,1,2000
lorenz96,D64_F8.0_obs1.0_noise0.0,skae_k_l1,test,0,16,0.0001,valid_prediction_never_crossed,0.0,0.0,0.0,0.0,2,2000
lorenz96,D64_F8.0_obs1.0_noise0.0,skae_k_l1,test,0,16,0.0001,valid_prediction_time,1.0,0.0,1.0,1.0,2,2000
lorenz96,D64_F8.0_obs1.0_noise0.0,skae_k_l1,test,1,16,0.0001,max_abs_error,2.4150519371032715,0.2270228193921724,2.2545225620269775,2.5755813121795654,2,2000
lorenz96,D64_F8.0_obs1.0_noise0.0,skae_k_l1,test,1,16,0.0001,nrmse,0.9906652512053216,0.004253161091002655,0.9876578121563948,0.9936726902542483,2,2000
lorenz96,D64_F8.0_obs1.0_noise0.0,skae_k_l1,test,1,16,0.0001,power_spectrum_error,0.9422105550765991,0.010995607014310122,0.9344354867935181,0.9499856233596802,2,2000
lorenz96,D64_F8.0_obs1.0_noise0.0,skae_k_l1,test,1,16,0.0001,relative_l2,0.9906651973724365,0.00425320707062836,0.9876577258110046,0.9936726689338684,2,2000
lorenz96,D64_F8.0_obs1.0_noise0.0,skae_k_l1,test,1,16,0.0001,temporal_corr,0.17425333650939184,0.06948206825886774,0.1251220948726799,0.2233845781461038,2,2000
lorenz96,D64_F8.0_obs1.0_noise0.0,skae_k_l1,test,10,16,0.0001,autocorr_error,0.3888150602579117,0.018066478421861536,0.37604013085365295,0.4015899896621704,2,2000
lorenz96,D64_F8.0_obs1.0_noise0.0,skae_k_l1,test,10,16,0.0001,max_abs_error,2.709679365158081,0.27536761485768446,2.514965057373047,2.9043936729431152,2,2000
lorenz96,D64_F8.0_obs1.0_noise0.0,skae_k_l1,test,10,16,0.0001,nrmse,0.9949093340177522,0.0006388753381599346,0.9944575809338064,0.9953610871016979,2,2000
lorenz96,D64_F8.0_obs1.0_noise0.0,skae_k_l1,test,10,16,0.0001,power_spectrum_error,0.9433265030384064,0.010254201802154986,0.9360756874084473,0.9505773186683655,2,2000
lorenz96,D64_F8.0_obs1.0_noise0.0,skae_k_l1,test,10,16,0.0001,relative_l2,0.9949093461036682,0.0006388619297281317,0.9944576025009155,0.9953610897064209,2,2000
lorenz96,D64_F8.0_obs1.0_noise0.0,skae_k_l1,test,10,16,0.0001,temporal_corr,0.12172444656431988,0.02126386995184249,0.1066886199271032,0.13676027320153658,2,2000
lorenz96,D64_F8.0_obs1.0_noise0.0,skae_k_l1,test,5,16,0.0001,autocorr_error,0.21265074610710144,0.04971395691281271,0.17749767005443573,0.24780382215976715,2,2000
lorenz96,D64_F8.0_obs1.0_noise0.0,skae_k_l1,test,5,16,0.0001,max_abs_error,2.6659374237060547,0.2135071680116989,2.514965057373047,2.8169097900390625,2,2000
lorenz96,D64_F8.0_obs1.0_noise0.0,skae_k_l1,test,5,16,0.0001,nrmse,0.9904019386596354,0.0032505607632995264,0.9881034451012475,0.9927004322180235,2,2000
lorenz96,D64_F8.0_obs1.0_noise0.0,skae_k_l1,test,5,16,0.0001,power_spectrum_error,0.9403417706489563,0.011737307254404835,0.9320422410964966,0.948641300201416,2,2000
lorenz96,D64_F8.0_obs1.0_noise0.0,skae_k_l1,test,5,16,0.0001,relative_l2,0.9904019236564636,0.003250533544554191,0.988103449344635,0.9927003979682922,2,2000
lorenz96,D64_F8.0_obs1.0_noise0.0,skae_k_l1,test,5,16,0.0001,temporal_corr,0.1876518756870713,0.04515833327007929,0.15572011200471617,0.21958363936942646,2,2000
lorenz96,D64_F8.0_obs1.0_noise0.0,truncated_svd_dmd,test,0,0,0.0,valid_prediction_never_crossed,0.0,0.0,0.0,0.0,2,2000
lorenz96,D64_F8.0_obs1.0_noise0.0,truncated_svd_dmd,test,0,0,0.0,valid_prediction_time,1.0,0.0,1.0,1.0,2,2000
lorenz96,D64_F8.0_obs1.0_noise0.0,truncated_svd_dmd,test,1,0,0.0,max_abs_error,1.5770138502120972,0.3787010664005719,1.3092317581176758,1.8447959423065186,2,2000
lorenz96,D64_F8.0_obs1.0_noise0.0,truncated_svd_dmd,test,1,0,0.0,nrmse,0.6507156228598178,0.21036511877453076,0.5019650208492336,0.799466224870402,2,2000
lorenz96,D64_F8.0_obs1.0_noise0.0,truncated_svd_dmd,test,1,0,0.0,power_spectrum_error,0.3237314596772194,0.2231262905637796,0.16595734655857086,0.4815055727958679,2,2000
lorenz96,D64_F8.0_obs1.0_noise0.0,truncated_svd_dmd,test,1,0,0.0,relative_l2,0.650715559720993,0.21036507830836323,0.5019649863243103,0.7994661331176758,2,2000
lorenz96,D64_F8.0_obs1.0_noise0.0,truncated_svd_dmd,test,1,0,0.0,temporal_corr,0.7322588740464817,0.1889871243375204,0.5986247968704759,0.8658929512224877,2,2000
lorenz96,D64_F8.0_obs1.0_noise0.0,truncated_svd_dmd,test,10,0,0.0,autocorr_error,0.1719171702861786,0.06301341603384958,0.12735995650291443,0.21647438406944275,2,2000
lorenz96,D64_F8.0_obs1.0_noise0.0,truncated_svd_dmd,test,10,0,0.0,max_abs_error,2.5337191820144653,0.8970547038176269,1.8994057178497314,3.168032646179199,2,2000
lorenz96,D64_F8.0_obs1.0_noise0.0,truncated_svd_dmd,test,10,0,0.0,nrmse,0.7833776365546703,0.24255650368165171,0.6118642879804747,0.954890985128866,2,2000
lorenz96,D64_F8.0_obs1.0_noise0.0,truncated_svd_dmd,test,10,0,0.0,power_spectrum_error,0.35435084998607635,0.14981811692279542,0.24841344356536865,0.46028825640678406,2,2000
lorenz96,D64_F8.0_obs1.0_noise0.0,truncated_svd_dmd,test,10,0,0.0,relative_l2,0.7833775877952576,0.2425564618793475,0.6118642687797546,0.9548909068107605,2,2000
lorenz96,D64_F8.0_obs1.0_noise0.0,truncated_svd_dmd,test,10,0,0.0,temporal_corr,0.570066361391139,0.3128346463566653,0.3488588615622455,0.7912738612200325,2,2000
lorenz96,D64_F8.0_obs1.0_noise0.0,truncated_svd_dmd,test,5,0,0.0,autocorr_error,0.13180642575025558,0.10807576225377258,0.055385321378707886,0.20822753012180328,2,2000
lorenz96,D64_F8.0_obs1.0_noise0.0,truncated_svd_dmd,test,5,0,0.0,max_abs_error,2.2420207262039185,0.4845307914870625,1.8994057178497314,2.5846357345581055,2,2000
lorenz96,D64_F8.0_obs1.0_noise0.0,truncated_svd_dmd,test,5,0,0.0,nrmse,0.6818499121262509,0.21769349888899153,0.5279173628416188,0.835782461410883,2,2000
lorenz96,D64_F8.0_obs1.0_noise0.0,truncated_svd_dmd,test,5,0,0.0,power_spectrum_error,0.32341164350509644,0.20476119118350625,0.17862361669540405,0.4681996703147888,2,2000
lorenz96,D64_F8.0_obs1.0_noise0.0,truncated_svd_dmd,test,5,0,0.0,relative_l2,0.6818498969078064,0.21769353018058898,0.5279173254966736,0.8357824683189392,2,2000
lorenz96,D64_F8.0_obs1.0_noise0.0,truncated_svd_dmd,test,5,0,0.0,temporal_corr,0.6996480440489163,0.21518362833393023,0.5474902412536686,0.8518058468441642,2,2000
pdebench_swe,clean_or_fixture,dense_conv_kae,test,0,16,0.0,avg_active_per_coord_1e2,5.625,0.0,5.625,5.625,1,2000
pdebench_swe,clean_or_fixture,dense_conv_kae,test,0,16,0.0,avg_active_per_coord_1e3,14.6875,0.0,14.6875,14.6875,1,2000
pdebench_swe,clean_or_fixture,dense_conv_kae,test,0,16,0.0,avg_active_per_coord_1e4,15.9375,0.0,15.9375,15.9375,1,2000
pdebench_swe,clean_or_fixture,dense_conv_kae,test,0,16,0.0,effective_density_1e2,0.3515625,0.0,0.3515625,0.3515625,1,2000
pdebench_swe,clean_or_fixture,dense_conv_kae,test,0,16,0.0,effective_density_1e3,0.91796875,0.0,0.91796875,0.91796875,1,2000
pdebench_swe,clean_or_fixture,dense_conv_kae,test,0,16,0.0,effective_density_1e4,0.99609375,0.0,0.99609375,0.99609375,1,2000
pdebench_swe,clean_or_fixture,dense_conv_kae,test,0,16,0.0,inference_time_seconds,0.004021490924060345,0.0,0.004021490924060345,0.004021490924060345,1,2000
pdebench_swe,clean_or_fixture,dense_conv_kae,test,0,16,0.0,k_l0_exact,0.0,0.0,0.0,0.0,1,2000
pdebench_swe,clean_or_fixture,dense_conv_kae,test,0,16,0.0,k_l1,17.995901107788086,0.0,17.995901107788086,17.995901107788086,1,2000
pdebench_swe,clean_or_fixture,dense_conv_kae,test,0,16,0.0,k_max_abs,1.0226083993911743,0.0,1.0226083993911743,1.0226083993911743,1,2000
pdebench_swe,clean_or_fixture,dense_conv_kae,test,0,16,0.0,spectral_radius,1.0426642894744873,0.0,1.0426642894744873,1.0426642894744873,1,2000
pdebench_swe,clean_or_fixture,dense_conv_kae,test,0,16,0.0,valid_prediction_never_crossed,0.0,0.0,0.0,0.0,1,2000
pdebench_swe,clean_or_fixture,dense_conv_kae,test,0,16,0.0,valid_prediction_time,1.0,0.0,1.0,1.0,1,2000
pdebench_swe,clean_or_fixture,dense_conv_kae,test,1,16,0.0,max_abs_error,5.595236301422119,0.0,5.595236301422119,5.595236301422119,1,2000
pdebench_swe,clean_or_fixture,dense_conv_kae,test,1,16,0.0,nrmse,1.0103773650837728,0.0,1.0103773650837728,1.0103773650837728,1,2000
pdebench_swe,clean_or_fixture,dense_conv_kae,test,1,16,0.0,power_spectrum_error,0.7318236827850342,0.0,0.7318236827850342,0.7318236827850342,1,2000
pdebench_swe,clean_or_fixture,dense_conv_kae,test,1,16,0.0,relative_l2,1.010377287864685,0.0,1.010377287864685,1.010377287864685,1,2000
pdebench_swe,clean_or_fixture,dense_conv_kae,test,1,16,0.0,temporal_corr,0.03456715256978085,0.0,0.03456715256978085,0.03456715256978085,1,2000
pdebench_swe,clean_or_fixture,dense_conv_kae,test,10,16,0.0,autocorr_error,0.7931496500968933,0.0,0.7931496500968933,0.7931496500968933,1,2000
pdebench_swe,clean_or_fixture,dense_conv_kae,test,10,16,0.0,max_abs_error,7.599851608276367,0.0,7.599851608276367,7.599851608276367,1,2000
pdebench_swe,clean_or_fixture,dense_conv_kae,test,10,16,0.0,nrmse,0.9999743552002813,0.0,0.9999743552002813,0.9999743552002813,1,2000
pdebench_swe,clean_or_fixture,dense_conv_kae,test,10,16,0.0,power_spectrum_error,0.7556329965591431,0.0,0.7556329965591431,0.7556329965591431,1,2000
pdebench_swe,clean_or_fixture,dense_conv_kae,test,10,16,0.0,relative_l2,0.9999743103981018,0.0,0.9999743103981018,0.9999743103981018,1,2000
pdebench_swe,clean_or_fixture,dense_conv_kae,test,10,16,0.0,temporal_corr,0.07378305122366641,0.0,0.07378305122366641,0.07378305122366641,1,2000
pdebench_swe,clean_or_fixture,dense_conv_kae,test,5,16,0.0,autocorr_error,0.5880228281021118,0.0,0.5880228281021118,0.5880228281021118,1,2000
pdebench_swe,clean_or_fixture,dense_conv_kae,test,5,16,0.0,max_abs_error,5.595236301422119,0.0,5.595236301422119,5.595236301422119,1,2000
pdebench_swe,clean_or_fixture,dense_conv_kae,test,5,16,0.0,nrmse,1.0066633569698253,0.0,1.0066633569698253,1.0066633569698253,1,2000
pdebench_swe,clean_or_fixture,dense_conv_kae,test,5,16,0.0,power_spectrum_error,0.7007584571838379,0.0,0.7007584571838379,0.7007584571838379,1,2000
pdebench_swe,clean_or_fixture,dense_conv_kae,test,5,16,0.0,relative_l2,1.0066633224487305,0.0,1.0066633224487305,1.0066633224487305,1,2000
pdebench_swe,clean_or_fixture,dense_conv_kae,test,5,16,0.0,temporal_corr,0.0439721117627393,0.0,0.0439721117627393,0.0439721117627393,1,2000
pdebench_swe,clean_or_fixture,skae_conv_k_l1,test,0,16,0.0001,avg_active_per_coord_1e2,5.875,0.0,5.875,5.875,1,2000
pdebench_swe,clean_or_fixture,skae_conv_k_l1,test,0,16,0.0001,avg_active_per_coord_1e3,14.6875,0.0,14.6875,14.6875,1,2000
pdebench_swe,clean_or_fixture,skae_conv_k_l1,test,0,16,0.0001,avg_active_per_coord_1e4,15.9375,0.0,15.9375,15.9375,1,2000
pdebench_swe,clean_or_fixture,skae_conv_k_l1,test,0,16,0.0001,effective_density_1e2,0.3671875,0.0,0.3671875,0.3671875,1,2000
pdebench_swe,clean_or_fixture,skae_conv_k_l1,test,0,16,0.0001,effective_density_1e3,0.91796875,0.0,0.91796875,0.91796875,1,2000
pdebench_swe,clean_or_fixture,skae_conv_k_l1,test,0,16,0.0001,effective_density_1e4,0.99609375,0.0,0.99609375,0.99609375,1,2000
pdebench_swe,clean_or_fixture,skae_conv_k_l1,test,0,16,0.0001,inference_time_seconds,0.003839781042188406,0.0,0.003839781042188406,0.003839781042188406,1,2000
pdebench_swe,clean_or_fixture,skae_conv_k_l1,test,0,16,0.0001,k_l0_exact,0.0,0.0,0.0,0.0,1,2000
pdebench_swe,clean_or_fixture,skae_conv_k_l1,test,0,16,0.0001,k_l1,17.87045669555664,0.0,17.87045669555664,17.87045669555664,1,2000
pdebench_swe,clean_or_fixture,skae_conv_k_l1,test,0,16,0.0001,k_max_abs,1.0108776092529297,0.0,1.0108776092529297,1.0108776092529297,1,2000
pdebench_swe,clean_or_fixture,skae_conv_k_l1,test,0,16,0.0001,spectral_radius,1.0291807651519775,0.0,1.0291807651519775,1.0291807651519775,1,2000
pdebench_swe,clean_or_fixture,skae_conv_k_l1,test,0,16,0.0001,valid_prediction_never_crossed,0.0,0.0,0.0,0.0,1,2000
pdebench_swe,clean_or_fixture,skae_conv_k_l1,test,0,16,0.0001,valid_prediction_time,1.0,0.0,1.0,1.0,1,2000
pdebench_swe,clean_or_fixture,skae_conv_k_l1,test,1,16,0.0001,max_abs_error,5.520205020904541,0.0,5.520205020904541,5.520205020904541,1,2000
pdebench_swe,clean_or_fixture,skae_conv_k_l1,test,1,16,0.0001,nrmse,1.0242681931700914,0.0,1.0242681931700914,1.0242681931700914,1,2000
pdebench_swe,clean_or_fixture,skae_conv_k_l1,test,1,16,0.0001,power_spectrum_error,0.7497080564498901,0.0,0.7497080564498901,0.7497080564498901,1,2000
pdebench_swe,clean_or_fixture,skae_conv_k_l1,test,1,16,0.0001,relative_l2,1.0242682695388794,0.0,1.0242682695388794,1.0242682695388794,1,2000
pdebench_swe,clean_or_fixture,skae_conv_k_l1,test,1,16,0.0001,temporal_corr,0.009296316666118123,0.0,0.009296316666118123,0.009296316666118123,1,2000
pdebench_swe,clean_or_fixture,skae_conv_k_l1,test,10,16,0.0001,autocorr_error,0.805463969707489,0.0,0.805463969707489,0.805463969707489,1,2000
pdebench_swe,clean_or_fixture,skae_conv_k_l1,test,10,16,0.0001,max_abs_error,6.89457368850708,0.0,6.89457368850708,6.89457368850708,1,2000
pdebench_swe,clean_or_fixture,skae_conv_k_l1,test,10,16,0.0001,nrmse,1.0125054110101328,0.0,1.0125054110101328,1.0125054110101328,1,2000
pdebench_swe,clean_or_fixture,skae_conv_k_l1,test,10,16,0.0001,power_spectrum_error,0.7659764289855957,0.0,0.7659764289855957,0.7659764289855957,1,2000
pdebench_swe,clean_or_fixture,skae_conv_k_l1,test,10,16,0.0001,relative_l2,1.0125054121017456,0.0,1.0125054121017456,1.0125054121017456,1,2000
pdebench_swe,clean_or_fixture,skae_conv_k_l1,test,10,16,0.0001,temporal_corr,0.08059852280985796,0.0,0.08059852280985796,0.08059852280985796,1,2000
pdebench_swe,clean_or_fixture,skae_conv_k_l1,test,5,16,0.0001,autocorr_error,0.6028543710708618,0.0,0.6028543710708618,0.6028543710708618,1,2000
pdebench_swe,clean_or_fixture,skae_conv_k_l1,test,5,16,0.0001,max_abs_error,5.520205020904541,0.0,5.520205020904541,5.520205020904541,1,2000
pdebench_swe,clean_or_fixture,skae_conv_k_l1,test,5,16,0.0001,nrmse,1.0465717722459513,0.0,1.0465717722459513,1.0465717722459513,1,2000
pdebench_swe,clean_or_fixture,skae_conv_k_l1,test,5,16,0.0001,power_spectrum_error,0.7187734246253967,0.0,0.7187734246253967,0.7187734246253967,1,2000
pdebench_swe,clean_or_fixture,skae_conv_k_l1,test,5,16,0.0001,relative_l2,1.0465717315673828,0.0,1.0465717315673828,1.0465717315673828,1,2000
pdebench_swe,clean_or_fixture,skae_conv_k_l1,test,5,16,0.0001,temporal_corr,-0.023019015540835974,0.0,-0.023019015540835974,-0.023019015540835974,1,2000
silverbox,free_run,dense_controlled_kae,test,0,8,0.0,avg_active_per_coord_1e2,2.875,0.0,2.875,2.875,1,2000
silverbox,free_run,dense_controlled_kae,test,0,8,0.0,avg_active_per_coord_1e3,7.5,0.0,7.5,7.5,1,2000
silverbox,free_run,dense_controlled_kae,test,0,8,0.0,avg_active_per_coord_1e4,8.0,0.0,8.0,8.0,1,2000
silverbox,free_run,dense_controlled_kae,test,0,8,0.0,effective_density_1e2,0.359375,0.0,0.359375,0.359375,1,2000
silverbox,free_run,dense_controlled_kae,test,0,8,0.0,effective_density_1e3,0.9375,0.0,0.9375,0.9375,1,2000
silverbox,free_run,dense_controlled_kae,test,0,8,0.0,effective_density_1e4,1.0,0.0,1.0,1.0,1,2000
silverbox,free_run,dense_controlled_kae,test,0,8,0.0,inference_time_seconds,0.008279139176011086,0.0,0.008279139176011086,0.008279139176011086,1,2000
silverbox,free_run,dense_controlled_kae,test,0,8,0.0,k_l0_exact,0.0,0.0,0.0,0.0,1,2000
silverbox,free_run,dense_controlled_kae,test,0,8,0.0,k_l1,8.353249549865723,0.0,8.353249549865723,8.353249549865723,1,2000
silverbox,free_run,dense_controlled_kae,test,0,8,0.0,k_max_abs,1.0007119178771973,0.0,1.0007119178771973,1.0007119178771973,1,2000
silverbox,free_run,dense_controlled_kae,test,0,8,0.0,spectral_radius,1.0118976831436157,0.0,1.0118976831436157,1.0118976831436157,1,2000
silverbox,free_run,dense_controlled_kae,test,0,8,0.0,valid_prediction_never_crossed,0.0,0.0,0.0,0.0,1,2000
silverbox,free_run,dense_controlled_kae,test,0,8,0.0,valid_prediction_time,10.0,0.0,10.0,10.0,1,2000
silverbox,free_run,dense_controlled_kae,test,10,8,0.0,autocorr_error,0.4604804515838623,0.0,0.4604804515838623,0.4604804515838623,1,2000
silverbox,free_run,dense_controlled_kae,test,10,8,0.0,max_abs_error,0.8628182411193848,0.0,0.8628182411193848,0.8628182411193848,1,2000
silverbox,free_run,dense_controlled_kae,test,10,8,0.0,nrmse,1.2590097677138385,0.0,1.2590097677138385,1.2590097677138385,1,2000
silverbox,free_run,dense_controlled_kae,test,10,8,0.0,power_spectrum_error,1.1809380054473877,0.0,1.1809380054473877,1.1809380054473877,1,2000
silverbox,free_run,dense_controlled_kae,test,10,8,0.0,relative_l2,1.259009838104248,0.0,1.259009838104248,1.259009838104248,1,2000
silverbox,free_run,dense_controlled_kae,test,10,8,0.0,temporal_corr,-0.47255904909191365,0.0,-0.47255904909191365,-0.47255904909191365,1,2000
silverbox,free_run,dense_controlled_kae,test,100,8,0.0,autocorr_error,1.8466060161590576,0.0,1.8466060161590576,1.8466060161590576,1,2000
silverbox,free_run,dense_controlled_kae,test,100,8,0.0,max_abs_error,2.0223891735076904,0.0,2.0223891735076904,2.0223891735076904,1,2000
silverbox,free_run,dense_controlled_kae,test,100,8,0.0,nrmse,1.1610807909719008,0.0,1.1610807909719008,1.1610807909719008,1,2000
silverbox,free_run,dense_controlled_kae,test,100,8,0.0,power_spectrum_error,0.8882641792297363,0.0,0.8882641792297363,0.8882641792297363,1,2000
silverbox,free_run,dense_controlled_kae,test,100,8,0.0,relative_l2,1.1610808372497559,0.0,1.1610808372497559,1.1610808372497559,1,2000
silverbox,free_run,dense_controlled_kae,test,100,8,0.0,temporal_corr,-0.4111511417486359,0.0,-0.4111511417486359,-0.4111511417486359,1,2000
silverbox,free_run,dense_controlled_kae,test,50,8,0.0,autocorr_error,2.15159273147583,0.0,2.15159273147583,2.15159273147583,1,2000
silverbox,free_run,dense_controlled_kae,test,50,8,0.0,max_abs_error,2.0223891735076904,0.0,2.0223891735076904,2.0223891735076904,1,2000
silverbox,free_run,dense_controlled_kae,test,50,8,0.0,nrmse,1.1945266754128836,0.0,1.1945266754128836,1.1945266754128836,1,2000
silverbox,free_run,dense_controlled_kae,test,50,8,0.0,power_spectrum_error,0.930274486541748,0.0,0.930274486541748,0.930274486541748,1,2000
silverbox,free_run,dense_controlled_kae,test,50,8,0.0,relative_l2,1.1945266723632812,0.0,1.1945266723632812,1.1945266723632812,1,2000
silverbox,free_run,dense_controlled_kae,test,50,8,0.0,temporal_corr,-0.3861593932439217,0.0,-0.3861593932439217,-0.3861593932439217,1,2000
silverbox,free_run,dense_controlled_kae,test,79,8,0.0,fit_percent,-16.5194034576416,0.0,-16.5194034576416,-16.5194034576416,1,2000
silverbox,free_run,linear_arx,test,0,0,0.0,valid_prediction_never_crossed,1.0,0.0,1.0,1.0,1,2000
silverbox,free_run,linear_arx,test,0,0,0.0,valid_prediction_time,100.0,0.0,100.0,100.0,1,2000
silverbox,free_run,linear_arx,test,10,0,0.0,autocorr_error,0.38958093523979187,0.0,0.38958093523979187,0.38958093523979187,1,2000
silverbox,free_run,linear_arx,test,10,0,0.0,max_abs_error,0.18447229266166687,0.0,0.18447229266166687,0.18447229266166687,1,2000
silverbox,free_run,linear_arx,test,10,0,0.0,nrmse,0.24069325560178398,0.0,0.24069325560178398,0.24069325560178398,1,2000
silverbox,free_run,linear_arx,test,10,0,0.0,power_spectrum_error,0.17520594596862793,0.0,0.17520594596862793,0.17520594596862793,1,2000
silverbox,free_run,linear_arx,test,10,0,0.0,relative_l2,0.24069327116012573,0.0,0.24069327116012573,0.24069327116012573,1,2000
silverbox,free_run,linear_arx,test,10,0,0.0,temporal_corr,0.9720021746888587,0.0,0.9720021746888587,0.9720021746888587,1,2000
silverbox,free_run,linear_arx,test,100,0,0.0,autocorr_error,0.12032458931207657,0.0,0.12032458931207657,0.12032458931207657,1,2000
silverbox,free_run,linear_arx,test,100,0,0.0,max_abs_error,0.2563554644584656,0.0,0.2563554644584656,0.2563554644584656,1,2000
silverbox,free_run,linear_arx,test,100,0,0.0,nrmse,0.14579778650648895,0.0,0.14579778650648895,0.14579778650648895,1,2000
silverbox,free_run,linear_arx,test,100,0,0.0,power_spectrum_error,0.10118065774440765,0.0,0.10118065774440765,0.10118065774440765,1,2000
silverbox,free_run,linear_arx,test,100,0,0.0,relative_l2,0.14579778909683228,0.0,0.14579778909683228,0.14579778909683228,1,2000
silverbox,free_run,linear_arx,test,100,0,0.0,temporal_corr,0.9894370891782609,0.0,0.9894370891782609,0.9894370891782609,1,2000
silverbox,free_run,linear_arx,test,50,0,0.0,autocorr_error,0.2634812891483307,0.0,0.2634812891483307,0.2634812891483307,1,2000
silverbox,free_run,linear_arx,test,50,0,0.0,max_abs_error,0.23590104281902313,0.0,0.23590104281902313,0.23590104281902313,1,2000
silverbox,free_run,linear_arx,test,50,0,0.0,nrmse,0.1527288749435834,0.0,0.1527288749435834,0.1527288749435834,1,2000
silverbox,free_run,linear_arx,test,50,0,0.0,power_spectrum_error,0.12657585740089417,0.0,0.12657585740089417,0.12657585740089417,1,2000
silverbox,free_run,linear_arx,test,50,0,0.0,relative_l2,0.152728870511055,0.0,0.152728870511055,0.152728870511055,1,2000
silverbox,free_run,linear_arx,test,50,0,0.0,temporal_corr,0.9882958352226476,0.0,0.9882958352226476,0.9882958352226476,1,2000
silverbox,free_run,skae_controlled_k_l1,test,0,8,0.0001,avg_active_per_coord_1e2,3.5,0.0,3.5,3.5,1,2000
silverbox,free_run,skae_controlled_k_l1,test,0,8,0.0001,avg_active_per_coord_1e3,7.625,0.0,7.625,7.625,1,2000
silverbox,free_run,skae_controlled_k_l1,test,0,8,0.0001,avg_active_per_coord_1e4,8.0,0.0,8.0,8.0,1,2000
silverbox,free_run,skae_controlled_k_l1,test,0,8,0.0001,effective_density_1e2,0.4375,0.0,0.4375,0.4375,1,2000
silverbox,free_run,skae_controlled_k_l1,test,0,8,0.0001,effective_density_1e3,0.953125,0.0,0.953125,0.953125,1,2000
silverbox,free_run,skae_controlled_k_l1,test,0,8,0.0001,effective_density_1e4,1.0,0.0,1.0,1.0,1,2000
silverbox,free_run,skae_controlled_k_l1,test,0,8,0.0001,inference_time_seconds,0.005313761066645384,0.0,0.005313761066645384,0.005313761066645384,1,2000
silverbox,free_run,skae_controlled_k_l1,test,0,8,0.0001,k_l0_exact,0.0,0.0,0.0,0.0,1,2000
silverbox,free_run,skae_controlled_k_l1,test,0,8,0.0001,k_l1,8.498186111450195,0.0,8.498186111450195,8.498186111450195,1,2000
silverbox,free_run,skae_controlled_k_l1,test,0,8,0.0001,k_max_abs,1.012036681175232,0.0,1.012036681175232,1.012036681175232,1,2000
silverbox,free_run,skae_controlled_k_l1,test,0,8,0.0001,spectral_radius,1.020052433013916,0.0,1.020052433013916,1.020052433013916,1,2000
silverbox,free_run,skae_controlled_k_l1,test,0,8,0.0001,valid_prediction_never_crossed,0.0,0.0,0.0,0.0,1,2000
silverbox,free_run,skae_controlled_k_l1,test,0,8,0.0001,valid_prediction_time,10.0,0.0,10.0,10.0,1,2000
silverbox,free_run,skae_controlled_k_l1,test,10,8,0.0001,autocorr_error,0.46400517225265503,0.0,0.46400517225265503,0.46400517225265503,1,2000
silverbox,free_run,skae_controlled_k_l1,test,10,8,0.0001,max_abs_error,0.8196577429771423,0.0,0.8196577429771423,0.8196577429771423,1,2000
silverbox,free_run,skae_controlled_k_l1,test,10,8,0.0001,nrmse,1.0471106552118532,0.0,1.0471106552118532,1.0471106552118532,1,2000
silverbox,free_run,skae_controlled_k_l1,test,10,8,0.0001,power_spectrum_error,1.0182435512542725,0.0,1.0182435512542725,1.0182435512542725,1,2000
silverbox,free_run,skae_controlled_k_l1,test,10,8,0.0001,relative_l2,1.047110676765442,0.0,1.047110676765442,1.047110676765442,1,2000
silverbox,free_run,skae_controlled_k_l1,test,10,8,0.0001,temporal_corr,-0.44266534110357075,0.0,-0.44266534110357075,-0.44266534110357075,1,2000
silverbox,free_run,skae_controlled_k_l1,test,100,8,0.0001,autocorr_error,2.8402557373046875,0.0,2.8402557373046875,2.8402557373046875,1,2000
silverbox,free_run,skae_controlled_k_l1,test,100,8,0.0001,max_abs_error,1.7436566352844238,0.0,1.7436566352844238,1.7436566352844238,1,2000
silverbox,free_run,skae_controlled_k_l1,test,100,8,0.0001,nrmse,1.064646097847093,0.0,1.064646097847093,1.064646097847093,1,2000
silverbox,free_run,skae_controlled_k_l1,test,100,8,0.0001,power_spectrum_error,0.9002101421356201,0.0,0.9002101421356201,0.9002101421356201,1,2000
silverbox,free_run,skae_controlled_k_l1,test,100,8,0.0001,relative_l2,1.0646461248397827,0.0,1.0646461248397827,1.0646461248397827,1,2000
silverbox,free_run,skae_controlled_k_l1,test,100,8,0.0001,temporal_corr,-0.3832916378887638,0.0,-0.3832916378887638,-0.3832916378887638,1,2000
silverbox,free_run,skae_controlled_k_l1,test,50,8,0.0001,autocorr_error,2.327294111251831,0.0,2.327294111251831,2.327294111251831,1,2000
silverbox,free_run,skae_controlled_k_l1,test,50,8,0.0001,max_abs_error,1.6238353252410889,0.0,1.6238353252410889,1.6238353252410889,1,2000
silverbox,free_run,skae_controlled_k_l1,test,50,8,0.0001,nrmse,1.0537059314759245,0.0,1.0537059314759245,1.0537059314759245,1,2000
silverbox,free_run,skae_controlled_k_l1,test,50,8,0.0001,power_spectrum_error,0.9843621253967285,0.0,0.9843621253967285,0.9843621253967285,1,2000
silverbox,free_run,skae_controlled_k_l1,test,50,8,0.0001,relative_l2,1.0537060499191284,0.0,1.0537060499191284,1.0537060499191284,1,2000
silverbox,free_run,skae_controlled_k_l1,test,50,8,0.0001,temporal_corr,-0.5611170212592325,0.0,-0.5611170212592325,-0.5611170212592325,1,2000
silverbox,free_run,skae_controlled_k_l1,test,79,8,0.0001,fit_percent,-6.841766834259033,0.0,-6.841766834259033,-6.841766834259033,1,2000
